format,scope,year,archetype_id,pair_key,pos_a,pos_b,pair_plugs,total_hvorp_a,total_hvorp_b,rel_diff_pct
hwang,overall,,,QB_vs_RB,QB,RB,123400,7631441.6,9634878.3,-23.2
hwang,overall,,,QB_vs_WR,QB,WR,173600,11397316.8,9350849.5,19.7
hwang,overall,,,QB_vs_TE,QB,TE,65600,3245575.5,2913750.6,10.8
hwang,overall,,,RB_vs_WR,RB,WR,350800,23113958.4,15279005,40.8
hwang,overall,,,RB_vs_TE,RB,TE,165000,9611264.2,6799788,34.3
hwang,overall,,,WR_vs_TE,WR,TE,219400,8201352.8,9161462.9,-11.1
hwang,year,2021,,QB_vs_RB,QB,RB,13400,1024083.4,1443900.7,-34
hwang,year,2021,,QB_vs_WR,QB,WR,22200,1693025,1563503,8
hwang,year,2021,,QB_vs_TE,QB,TE,8000,407567.7,490821.7,-18.5
hwang,year,2021,,RB_vs_WR,RB,WR,33000,2996722.4,2056778.5,37.2
hwang,year,2021,,RB_vs_TE,RB,TE,16400,1423275.2,1039409.9,31.2
hwang,year,2021,,WR_vs_TE,WR,TE,22600,1203685.9,1397669.7,-14.9
hwang,archetype,2021,2024_1,QB_vs_RB,QB,RB,670,77325.7,79146.2,-2.3
hwang,archetype,2021,2024_1,QB_vs_WR,QB,WR,1110,130842.1,99657.3,27.1
hwang,archetype,2021,2024_1,QB_vs_TE,QB,TE,400,32397,31347.4,3.3
hwang,archetype,2021,2024_1,RB_vs_WR,RB,WR,1650,166296.6,131530.4,23.3
hwang,archetype,2021,2024_1,RB_vs_TE,RB,TE,820,78406.3,65624.4,17.7
hwang,archetype,2021,2024_1,WR_vs_TE,WR,TE,1130,78224.4,89381,-13.3
hwang,archetype,2021,2024_2,QB_vs_RB,QB,RB,670,53660.2,71240.9,-28.2
hwang,archetype,2021,2024_2,QB_vs_WR,QB,WR,1110,88094,80674.9,8.8
hwang,archetype,2021,2024_2,QB_vs_TE,QB,TE,400,20996.3,26345.2,-22.6
hwang,archetype,2021,2024_2,RB_vs_WR,RB,WR,1650,148069.4,106713.6,32.5
hwang,archetype,2021,2024_2,RB_vs_TE,RB,TE,820,69578.2,55130.1,23.2
hwang,archetype,2021,2024_2,WR_vs_TE,WR,TE,1130,62692.9,74167.1,-16.8
hwang,archetype,2021,2024_3,QB_vs_RB,QB,RB,670,58036.6,68782.5,-16.9
hwang,archetype,2021,2024_3,QB_vs_WR,QB,WR,1110,95957.5,84228.4,13
hwang,archetype,2021,2024_3,QB_vs_TE,QB,TE,400,23877.1,25419.9,-6.3
hwang,archetype,2021,2024_3,RB_vs_WR,RB,WR,1650,141035.3,111209.7,23.6
hwang,archetype,2021,2024_3,RB_vs_TE,RB,TE,820,67416.7,53518.7,23
hwang,archetype,2021,2024_3,WR_vs_TE,WR,TE,1130,65019.5,72450.3,-10.8
hwang,archetype,2021,2024_4,QB_vs_RB,QB,RB,670,37745.2,77009.6,-68.4
hwang,archetype,2021,2024_4,QB_vs_WR,QB,WR,1110,64139.3,81608.3,-24
hwang,archetype,2021,2024_4,QB_vs_TE,QB,TE,400,14519.9,27450.8,-61.6
hwang,archetype,2021,2024_4,RB_vs_WR,RB,WR,1650,160290.4,107738,39.2
hwang,archetype,2021,2024_4,RB_vs_TE,RB,TE,820,75396.9,57835.4,26.4
hwang,archetype,2021,2024_4,WR_vs_TE,WR,TE,1130,62612.9,77983.8,-21.9
hwang,archetype,2021,2024_5,QB_vs_RB,QB,RB,670,61471.5,82377.3,-29.1
hwang,archetype,2021,2024_5,QB_vs_WR,QB,WR,1110,106602.8,94734.9,11.8
hwang,archetype,2021,2024_5,QB_vs_TE,QB,TE,400,26073.9,31285.9,-18.2
hwang,archetype,2021,2024_5,RB_vs_WR,RB,WR,1650,174533.9,125496.7,32.7
hwang,archetype,2021,2024_5,RB_vs_TE,RB,TE,820,81946.2,65301,22.6
hwang,archetype,2021,2024_5,WR_vs_TE,WR,TE,1130,74459.4,88721.6,-17.5
hwang,archetype,2021,2024_6,QB_vs_RB,QB,RB,670,67877.2,83535.1,-20.7
hwang,archetype,2021,2024_6,QB_vs_WR,QB,WR,1110,113155.6,89658.5,23.2
hwang,archetype,2021,2024_6,QB_vs_TE,QB,TE,400,28173.1,29967,-6.2
hwang,archetype,2021,2024_6,RB_vs_WR,RB,WR,1650,176309.3,117934.1,39.7
hwang,archetype,2021,2024_6,RB_vs_TE,RB,TE,820,83082.9,62578,28.2
hwang,archetype,2021,2024_6,WR_vs_TE,WR,TE,1130,69737.9,84856.1,-19.6
hwang,archetype,2021,2025_1,QB_vs_RB,QB,RB,670,60567.2,60529.4,0.1
hwang,archetype,2021,2025_1,QB_vs_WR,QB,WR,1110,97055.4,77146.2,22.9
hwang,archetype,2021,2025_1,QB_vs_TE,QB,TE,400,24552.6,22751.2,7.6
hwang,archetype,2021,2025_1,RB_vs_WR,RB,WR,1650,121066.6,101304.3,17.8
hwang,archetype,2021,2025_1,RB_vs_TE,RB,TE,820,58608.3,48139.6,19.6
hwang,archetype,2021,2025_1,WR_vs_TE,WR,TE,1130,58771.6,64803.3,-9.8
hwang,archetype,2021,2025_2,QB_vs_RB,QB,RB,670,45541.4,73499.3,-47
hwang,archetype,2021,2025_2,QB_vs_WR,QB,WR,1110,72796.7,71124.2,2.3
hwang,archetype,2021,2025_2,QB_vs_TE,QB,TE,400,16966.8,23543,-32.5
hwang,archetype,2021,2025_2,RB_vs_WR,RB,WR,1650,153056.1,93061.4,48.8
hwang,archetype,2021,2025_2,RB_vs_TE,RB,TE,820,72898.3,50077.7,37.1
hwang,archetype,2021,2025_2,WR_vs_TE,WR,TE,1130,54594.4,67505.9,-21.1
hwang,archetype,2021,2025_3,QB_vs_RB,QB,RB,670,56890.4,65145.4,-13.5
hwang,archetype,2021,2025_3,QB_vs_WR,QB,WR,1110,95212,76123.9,22.3
hwang,archetype,2021,2025_3,QB_vs_TE,QB,TE,400,22343.8,24054,-7.4
hwang,archetype,2021,2025_3,RB_vs_WR,RB,WR,1650,134081.9,100352.1,28.8
hwang,archetype,2021,2025_3,RB_vs_TE,RB,TE,820,63924.4,51036.8,22.4
hwang,archetype,2021,2025_3,WR_vs_TE,WR,TE,1130,58251.1,68449.9,-16.1
hwang,archetype,2021,2025_4,QB_vs_RB,QB,RB,670,47944.5,70874.9,-38.6
hwang,archetype,2021,2025_4,QB_vs_WR,QB,WR,1110,76891.3,72820.4,5.4
hwang,archetype,2021,2025_4,QB_vs_TE,QB,TE,400,18818.4,23316.3,-21.4
hwang,archetype,2021,2025_4,RB_vs_WR,RB,WR,1650,145988.8,95444.6,41.9
hwang,archetype,2021,2025_4,RB_vs_TE,RB,TE,820,69464.3,50233,32.1
hwang,archetype,2021,2025_4,WR_vs_TE,WR,TE,1130,55338.8,67176.5,-19.3
hwang,archetype,2021,2025_5,QB_vs_RB,QB,RB,670,50633.6,68250.6,-29.6
hwang,archetype,2021,2025_5,QB_vs_WR,QB,WR,1110,82728.4,81754.7,1.2
hwang,archetype,2021,2025_5,QB_vs_TE,QB,TE,400,19983,20902.1,-4.5
hwang,archetype,2021,2025_5,RB_vs_WR,RB,WR,1650,140339.5,107626.4,26.4
hwang,archetype,2021,2025_5,RB_vs_TE,RB,TE,820,66747.6,44611.2,39.8
hwang,archetype,2021,2025_5,WR_vs_TE,WR,TE,1130,63362.7,59086.4,7
hwang,archetype,2021,2025_6,QB_vs_RB,QB,RB,670,57012.2,80715.1,-34.4
hwang,archetype,2021,2025_6,QB_vs_WR,QB,WR,1110,91910.8,90587,1.5
hwang,archetype,2021,2025_6,QB_vs_TE,QB,TE,400,22109.7,30508.5,-31.9
hwang,archetype,2021,2025_6,RB_vs_WR,RB,WR,1650,170485.9,119883.4,34.9
hwang,archetype,2021,2025_6,RB_vs_TE,RB,TE,820,80188.2,63490.2,23.2
hwang,archetype,2021,2025_6,WR_vs_TE,WR,TE,1130,70796.3,86105.5,-19.5
hwang,archetype,2021,2025_7,QB_vs_RB,QB,RB,670,34208.8,96203,-95.1
hwang,archetype,2021,2025_7,QB_vs_WR,QB,WR,1110,61540.3,67572.9,-9.3
hwang,archetype,2021,2025_7,QB_vs_TE,QB,TE,400,13566.4,21228.4,-44
hwang,archetype,2021,2025_7,RB_vs_WR,RB,WR,1650,207676,88735.8,80.3
hwang,archetype,2021,2025_7,RB_vs_TE,RB,TE,820,97000,45748.1,71.8
hwang,archetype,2021,2025_7,WR_vs_TE,WR,TE,1130,51823.6,60812.8,-16
hwang,archetype,2021,2026_1,QB_vs_RB,QB,RB,670,28276.1,62560.6,-75.5
hwang,archetype,2021,2026_1,QB_vs_WR,QB,WR,1110,43840.5,65109.1,-39
hwang,archetype,2021,2026_1,QB_vs_TE,QB,TE,400,10454.9,20666.7,-65.6
hwang,archetype,2021,2026_1,RB_vs_WR,RB,WR,1650,127153.6,84949.3,39.8
hwang,archetype,2021,2026_1,RB_vs_TE,RB,TE,820,62023.2,45240.2,31.3
hwang,archetype,2021,2026_1,WR_vs_TE,WR,TE,1130,48926.2,59978,-20.3
hwang,archetype,2021,2026_2,QB_vs_RB,QB,RB,670,51874.3,71030,-31.2
hwang,archetype,2021,2026_2,QB_vs_WR,QB,WR,1110,84247.9,61122.5,31.8
hwang,archetype,2021,2026_2,QB_vs_TE,QB,TE,400,20347.8,19959.1,1.9
hwang,archetype,2021,2026_2,RB_vs_WR,RB,WR,1650,147495.9,79756,59.6
hwang,archetype,2021,2026_2,RB_vs_TE,RB,TE,820,70176.4,42575.2,49
hwang,archetype,2021,2026_2,WR_vs_TE,WR,TE,1130,46132.9,57271.9,-21.5
hwang,archetype,2021,2026_3,QB_vs_RB,QB,RB,670,44392.6,61779.4,-32.8
hwang,archetype,2021,2026_3,QB_vs_WR,QB,WR,1110,74452.5,64920.5,13.7
hwang,archetype,2021,2026_3,QB_vs_TE,QB,TE,400,17005.5,21709.5,-24.3
hwang,archetype,2021,2026_3,RB_vs_WR,RB,WR,1650,125923.1,85634.3,38.1
hwang,archetype,2021,2026_3,RB_vs_TE,RB,TE,820,61030.3,46273.1,27.5
hwang,archetype,2021,2026_3,WR_vs_TE,WR,TE,1130,49330.5,61335.6,-21.7
hwang,archetype,2021,2026_4,QB_vs_RB,QB,RB,670,22870.3,76014.5,-107.5
hwang,archetype,2021,2026_4,QB_vs_WR,QB,WR,1110,36802,79755.6,-73.7
hwang,archetype,2021,2026_4,QB_vs_TE,QB,TE,400,8088.8,23724.9,-98.3
hwang,archetype,2021,2026_4,RB_vs_WR,RB,WR,1650,159420.8,104277.4,41.8
hwang,archetype,2021,2026_4,RB_vs_TE,RB,TE,820,75156.4,50105.8,40
hwang,archetype,2021,2026_4,WR_vs_TE,WR,TE,1130,61151,67443.5,-9.8
hwang,archetype,2021,2026_5,QB_vs_RB,QB,RB,670,70193.2,58653.3,17.9
hwang,archetype,2021,2026_5,QB_vs_WR,QB,WR,1110,115345.3,70714.1,48
hwang,archetype,2021,2026_5,QB_vs_TE,QB,TE,400,28997.2,20524.9,34.2
hwang,archetype,2021,2026_5,RB_vs_WR,RB,WR,1650,116487.3,92826.4,22.6
hwang,archetype,2021,2026_5,RB_vs_TE,RB,TE,820,56580.6,44011.1,25
hwang,archetype,2021,2026_5,WR_vs_TE,WR,TE,1130,53793.7,58871.8,-9
hwang,archetype,2021,2026_6,QB_vs_RB,QB,RB,670,49225.7,62545.5,-23.8
hwang,archetype,2021,2026_6,QB_vs_WR,QB,WR,1110,81481.5,68853.5,16.8
hwang,archetype,2021,2026_6,QB_vs_TE,QB,TE,400,19411.9,21789.5,-11.5
hwang,archetype,2021,2026_6,RB_vs_WR,RB,WR,1650,127154,90374.4,33.8
hwang,archetype,2021,2026_6,RB_vs_TE,RB,TE,820,60794.9,46481.3,26.7
hwang,archetype,2021,2026_6,WR_vs_TE,WR,TE,1130,52660.8,62177.4,-16.6
hwang,archetype,2021,2026_7,QB_vs_RB,QB,RB,670,48336.7,74008.1,-42
hwang,archetype,2021,2026_7,QB_vs_WR,QB,WR,1110,79929.1,85336.1,-6.5
hwang,archetype,2021,2026_7,QB_vs_TE,QB,TE,400,18883.6,24327.4,-25.2
hwang,archetype,2021,2026_7,RB_vs_WR,RB,WR,1650,153858,111930.2,31.5
hwang,archetype,2021,2026_7,RB_vs_TE,RB,TE,820,72855.1,51399,34.5
hwang,archetype,2021,2026_7,WR_vs_TE,WR,TE,1130,66005.3,69091.3,-4.6
hwang,year,2022,,QB_vs_RB,QB,RB,25200,1706828.9,1885667.2,-10
hwang,year,2022,,QB_vs_WR,QB,WR,40000,2800726.9,2126621.1,27.4
hwang,year,2022,,QB_vs_TE,QB,TE,11800,670753.2,525848.1,24.2
hwang,year,2022,,RB_vs_WR,RB,WR,78200,5883580.2,3697786.2,45.6
hwang,year,2022,,RB_vs_TE,RB,TE,33400,1693471.5,1454634.3,15.2
hwang,year,2022,,WR_vs_TE,WR,TE,37400,1388828.4,1750324,-23
hwang,archetype,2022,2024_1,QB_vs_RB,QB,RB,1260,121727.5,100100.1,19.5
hwang,archetype,2022,2024_1,QB_vs_WR,QB,WR,2000,201852.8,124479.7,47.4
hwang,archetype,2022,2024_1,QB_vs_TE,QB,TE,590,50156.8,31652.1,45.2
hwang,archetype,2022,2024_1,RB_vs_WR,RB,WR,3910,313087,216853.4,36.3
hwang,archetype,2022,2024_1,RB_vs_TE,RB,TE,1670,90211.6,88931.4,1.4
hwang,archetype,2022,2024_1,WR_vs_TE,WR,TE,1870,82593.3,104513.1,-23.4
hwang,archetype,2022,2024_2,QB_vs_RB,QB,RB,1260,112133.5,102815.7,8.7
hwang,archetype,2022,2024_2,QB_vs_WR,QB,WR,2000,185721.1,125074.7,39
hwang,archetype,2022,2024_2,QB_vs_TE,QB,TE,590,44073.5,33392,27.6
hwang,archetype,2022,2024_2,RB_vs_WR,RB,WR,3910,320684.1,219578.5,37.4
hwang,archetype,2022,2024_2,RB_vs_TE,RB,TE,1670,92849.5,92468.1,0.4
hwang,archetype,2022,2024_2,WR_vs_TE,WR,TE,1870,83619.3,110679.9,-27.9
hwang,archetype,2022,2024_3,QB_vs_RB,QB,RB,1260,98267.6,96420.6,1.9
hwang,archetype,2022,2024_3,QB_vs_WR,QB,WR,2000,157049.2,126633.9,21.4
hwang,archetype,2022,2024_3,QB_vs_TE,QB,TE,590,38624.3,29346.1,27.3
hwang,archetype,2022,2024_3,RB_vs_WR,RB,WR,3910,301605.1,221883.9,30.5
hwang,archetype,2022,2024_3,RB_vs_TE,RB,TE,1670,86301.2,81272.5,6
hwang,archetype,2022,2024_3,WR_vs_TE,WR,TE,1870,84479.5,97407.8,-14.2
hwang,archetype,2022,2024_4,QB_vs_RB,QB,RB,1260,88769.6,112832.4,-23.9
hwang,archetype,2022,2024_4,QB_vs_WR,QB,WR,2000,144398.8,128106.9,12
hwang,archetype,2022,2024_4,QB_vs_TE,QB,TE,590,33996.5,32998.9,3
hwang,archetype,2022,2024_4,RB_vs_WR,RB,WR,3910,350902.5,223935.2,44.2
hwang,archetype,2022,2024_4,RB_vs_TE,RB,TE,1670,103334.7,92149.9,11.4
hwang,archetype,2022,2024_4,WR_vs_TE,WR,TE,1870,85223.7,109733.3,-25.1
hwang,archetype,2022,2024_5,QB_vs_RB,QB,RB,1260,108437.9,122691.1,-12.3
hwang,archetype,2022,2024_5,QB_vs_WR,QB,WR,2000,178806.1,141983.5,23
hwang,archetype,2022,2024_5,QB_vs_TE,QB,TE,590,44271.3,36527.8,19.2
hwang,archetype,2022,2024_5,RB_vs_WR,RB,WR,3910,382724.5,249280.5,42.2
hwang,archetype,2022,2024_5,RB_vs_TE,RB,TE,1670,113765.8,102217.4,10.7
hwang,archetype,2022,2024_5,WR_vs_TE,WR,TE,1870,95394.7,120653.7,-23.4
hwang,archetype,2022,2024_6,QB_vs_RB,QB,RB,1260,117611.3,108235.2,8.3
hwang,archetype,2022,2024_6,QB_vs_WR,QB,WR,2000,195676.5,127352.2,42.3
hwang,archetype,2022,2024_6,QB_vs_TE,QB,TE,590,48083.2,33427.2,36
hwang,archetype,2022,2024_6,RB_vs_WR,RB,WR,3910,337491.5,223549.4,40.6
hwang,archetype,2022,2024_6,RB_vs_TE,RB,TE,1670,98539.7,93727.2,5
hwang,archetype,2022,2024_6,WR_vs_TE,WR,TE,1870,85385,109674.6,-24.9
hwang,archetype,2022,2025_1,QB_vs_RB,QB,RB,1260,96430.2,78371.8,20.7
hwang,archetype,2022,2025_1,QB_vs_WR,QB,WR,2000,159968.3,107154.8,39.5
hwang,archetype,2022,2025_1,QB_vs_TE,QB,TE,590,37975.9,25334.4,39.9
hwang,archetype,2022,2025_1,RB_vs_WR,RB,WR,3910,246558.6,186191.8,27.9
hwang,archetype,2022,2025_1,RB_vs_TE,RB,TE,1670,68852.3,70294.5,-2.1
hwang,archetype,2022,2025_1,WR_vs_TE,WR,TE,1870,69904.2,84616.6,-19
hwang,archetype,2022,2025_2,QB_vs_RB,QB,RB,1260,62656.9,89553.2,-35.3
hwang,archetype,2022,2025_2,QB_vs_WR,QB,WR,2000,105146.5,103402.8,1.7
hwang,archetype,2022,2025_2,QB_vs_TE,QB,TE,590,24319.8,26224.6,-7.5
hwang,archetype,2022,2025_2,RB_vs_WR,RB,WR,3910,278769.4,179308.7,43.4
hwang,archetype,2022,2025_2,RB_vs_TE,RB,TE,1670,79053.9,72105,9.2
hwang,archetype,2022,2025_2,WR_vs_TE,WR,TE,1870,67169.4,86305.9,-24.9
hwang,archetype,2022,2025_3,QB_vs_RB,QB,RB,1260,85926.7,81031.8,5.9
hwang,archetype,2022,2025_3,QB_vs_WR,QB,WR,2000,140370.3,93872.5,39.7
hwang,archetype,2022,2025_3,QB_vs_TE,QB,TE,590,33768.2,21888,42.7
hwang,archetype,2022,2025_3,RB_vs_WR,RB,WR,3910,252155.2,162640.5,43.2
hwang,archetype,2022,2025_3,RB_vs_TE,RB,TE,1670,71003.9,59761.9,17.2
hwang,archetype,2022,2025_3,WR_vs_TE,WR,TE,1870,60285.2,73308.1,-19.5
hwang,archetype,2022,2025_4,QB_vs_RB,QB,RB,1260,44109.4,72547.1,-48.8
hwang,archetype,2022,2025_4,QB_vs_WR,QB,WR,2000,70053.3,74475.2,-6.1
hwang,archetype,2022,2025_4,QB_vs_TE,QB,TE,590,16495.8,18410.1,-11
hwang,archetype,2022,2025_4,RB_vs_WR,RB,WR,3910,225642.4,127535.1,55.6
hwang,archetype,2022,2025_4,RB_vs_TE,RB,TE,1670,62657.4,50314.8,21.9
hwang,archetype,2022,2025_4,WR_vs_TE,WR,TE,1870,46157.1,62104.7,-29.5
hwang,archetype,2022,2025_5,QB_vs_RB,QB,RB,1260,74883.7,85223.5,-12.9
hwang,archetype,2022,2025_5,QB_vs_WR,QB,WR,2000,121276.4,112970.6,7.1
hwang,archetype,2022,2025_5,QB_vs_TE,QB,TE,590,28490,24582.9,14.7
hwang,archetype,2022,2025_5,RB_vs_WR,RB,WR,3910,265305.5,197689,29.2
hwang,archetype,2022,2025_5,RB_vs_TE,RB,TE,1670,74758.1,67249.5,10.6
hwang,archetype,2022,2025_5,WR_vs_TE,WR,TE,1870,74678.6,81928.7,-9.3
hwang,archetype,2022,2025_6,QB_vs_RB,QB,RB,1260,123858.1,98194.7,23.1
hwang,archetype,2022,2025_6,QB_vs_WR,QB,WR,2000,202224.1,116076,54.1
hwang,archetype,2022,2025_6,QB_vs_TE,QB,TE,590,49567.7,31854.4,43.5
hwang,archetype,2022,2025_6,RB_vs_WR,RB,WR,3910,306517.2,202620.3,40.8
hwang,archetype,2022,2025_6,RB_vs_TE,RB,TE,1670,88439.3,88953.7,-0.6
hwang,archetype,2022,2025_6,WR_vs_TE,WR,TE,1870,76672.1,104743.8,-30.9
hwang,archetype,2022,2025_7,QB_vs_RB,QB,RB,1260,83809.7,143781,-52.7
hwang,archetype,2022,2025_7,QB_vs_WR,QB,WR,2000,143416,87242.7,48.7
hwang,archetype,2022,2025_7,QB_vs_TE,QB,TE,590,31977.4,21751,38.1
hwang,archetype,2022,2025_7,RB_vs_WR,RB,WR,3910,448067,150225,99.6
hwang,archetype,2022,2025_7,RB_vs_TE,RB,TE,1670,136947,59845.2,78.4
hwang,archetype,2022,2025_7,WR_vs_TE,WR,TE,1870,55635.3,72831,-26.8
hwang,archetype,2022,2026_1,QB_vs_RB,QB,RB,1260,39232.3,75899.4,-63.7
hwang,archetype,2022,2026_1,QB_vs_WR,QB,WR,2000,62013.1,83364.7,-29.4
hwang,archetype,2022,2026_1,QB_vs_TE,QB,TE,590,14291.5,19839.9,-32.5
hwang,archetype,2022,2026_1,RB_vs_WR,RB,WR,3910,235983.8,143379.7,48.8
hwang,archetype,2022,2026_1,RB_vs_TE,RB,TE,1670,66177.6,55045.6,18.4
hwang,archetype,2022,2026_1,WR_vs_TE,WR,TE,1870,52394.4,66857.4,-24.3
hwang,archetype,2022,2026_2,QB_vs_RB,QB,RB,1260,60168.5,89892.4,-39.6
hwang,archetype,2022,2026_2,QB_vs_WR,QB,WR,2000,101926.7,93944.6,8.2
hwang,archetype,2022,2026_2,QB_vs_TE,QB,TE,590,23298.6,24611,-5.5
hwang,archetype,2022,2026_2,RB_vs_WR,RB,WR,3910,279643.9,162437,53
hwang,archetype,2022,2026_2,RB_vs_TE,RB,TE,1670,79571.4,67392.8,16.6
hwang,archetype,2022,2026_2,WR_vs_TE,WR,TE,1870,60149.1,82097.5,-30.9
hwang,archetype,2022,2026_3,QB_vs_RB,QB,RB,1260,81814.3,89477.6,-8.9
hwang,archetype,2022,2026_3,QB_vs_WR,QB,WR,2000,133132.3,87521.5,41.3
hwang,archetype,2022,2026_3,QB_vs_TE,QB,TE,590,32197.7,21976.4,37.7
hwang,archetype,2022,2026_3,RB_vs_WR,RB,WR,3910,279039.3,150273.1,60
hwang,archetype,2022,2026_3,RB_vs_TE,RB,TE,1670,79725.8,60848.6,26.9
hwang,archetype,2022,2026_3,WR_vs_TE,WR,TE,1870,55326.5,74043.6,-28.9
hwang,archetype,2022,2026_4,QB_vs_RB,QB,RB,1260,58816,97041.9,-49.1
hwang,archetype,2022,2026_4,QB_vs_WR,QB,WR,2000,93403.3,95923.4,-2.7
hwang,archetype,2022,2026_4,QB_vs_TE,QB,TE,590,22023,23817.9,-7.8
hwang,archetype,2022,2026_4,RB_vs_WR,RB,WR,3910,302849.4,164622.1,59.1
hwang,archetype,2022,2026_4,RB_vs_TE,RB,TE,1670,87967.1,65531.2,29.2
hwang,archetype,2022,2026_4,WR_vs_TE,WR,TE,1870,61070.1,80123.3,-27
hwang,archetype,2022,2026_5,QB_vs_RB,QB,RB,1260,64373.9,66024.9,-2.5
hwang,archetype,2022,2026_5,QB_vs_WR,QB,WR,2000,104105.4,88661.8,16
hwang,archetype,2022,2026_5,QB_vs_TE,QB,TE,590,25600.2,19012.3,29.5
hwang,archetype,2022,2026_5,RB_vs_WR,RB,WR,3910,208163,153205.5,30.4
hwang,archetype,2022,2026_5,RB_vs_TE,RB,TE,1670,57054.4,52057.3,9.2
hwang,archetype,2022,2026_5,WR_vs_TE,WR,TE,1870,56696.2,64156.7,-12.3
hwang,archetype,2022,2026_6,QB_vs_RB,QB,RB,1260,78027.1,83080.4,-6.3
hwang,archetype,2022,2026_6,QB_vs_WR,QB,WR,2000,129541.4,103959,21.9
hwang,archetype,2022,2026_6,QB_vs_TE,QB,TE,590,30141.6,24110.3,22.2
hwang,archetype,2022,2026_6,RB_vs_WR,RB,WR,3910,258907.1,181131.9,35.3
hwang,archetype,2022,2026_6,RB_vs_TE,RB,TE,1670,72813.3,65921.7,9.9
hwang,archetype,2022,2026_6,WR_vs_TE,WR,TE,1870,67945.7,80739.8,-17.2
hwang,archetype,2022,2026_7,QB_vs_RB,QB,RB,1260,105774.7,92452.4,13.4
hwang,archetype,2022,2026_7,QB_vs_WR,QB,WR,2000,170645.3,104420.6,48.2
hwang,archetype,2022,2026_7,QB_vs_TE,QB,TE,590,41400.2,25090.8,49.1
hwang,archetype,2022,2026_7,RB_vs_WR,RB,WR,3910,289483.7,181445.6,45.9
hwang,archetype,2022,2026_7,RB_vs_TE,RB,TE,1670,83447.5,68546,19.6
hwang,archetype,2022,2026_7,WR_vs_TE,WR,TE,1870,68049,83804.5,-20.8
hwang,year,2023,,QB_vs_RB,QB,RB,31400,1675560.8,1936903.8,-14.5
hwang,year,2023,,QB_vs_WR,QB,WR,38000,2099459.7,1793859.1,15.7
hwang,year,2023,,QB_vs_TE,QB,TE,13800,626923.2,520465.5,18.6
hwang,year,2023,,RB_vs_WR,RB,WR,82400,4525922.2,3129045.4,36.5
hwang,year,2023,,RB_vs_TE,RB,TE,33200,1807479.2,1268931.6,35
hwang,year,2023,,WR_vs_TE,WR,TE,44400,1546264.9,1630200.5,-5.3
hwang,archetype,2023,2024_1,QB_vs_RB,QB,RB,1570,112179.4,89937.5,22
hwang,archetype,2023,2024_1,QB_vs_WR,QB,WR,1900,136011.7,101228.6,29.3
hwang,archetype,2023,2024_1,QB_vs_TE,QB,TE,690,41427,27007.4,42.1
hwang,archetype,2023,2024_1,RB_vs_WR,RB,WR,4120,208911.2,178194.7,15.9
hwang,archetype,2023,2024_1,RB_vs_TE,RB,TE,1660,83165.1,65894.5,23.2
hwang,archetype,2023,2024_1,WR_vs_TE,WR,TE,2220,88839.4,84502.2,5
hwang,archetype,2023,2024_2,QB_vs_RB,QB,RB,1570,110118.5,97953.9,11.7
hwang,archetype,2023,2024_2,QB_vs_WR,QB,WR,1900,134671.8,98344.9,31.2
hwang,archetype,2023,2024_2,QB_vs_TE,QB,TE,690,40544.8,35418.5,13.5
hwang,archetype,2023,2024_2,RB_vs_WR,RB,WR,4120,228106.9,172804.4,27.6
hwang,archetype,2023,2024_2,RB_vs_TE,RB,TE,1660,91295.7,86313.5,5.6
hwang,archetype,2023,2024_2,WR_vs_TE,WR,TE,2220,85578,110795.1,-25.7
hwang,archetype,2023,2024_3,QB_vs_RB,QB,RB,1570,102021.8,106951.5,-4.7
hwang,archetype,2023,2024_3,QB_vs_WR,QB,WR,1900,125922.4,118175.7,6.3
hwang,archetype,2023,2024_3,QB_vs_TE,QB,TE,690,37838.3,33593.5,11.9
hwang,archetype,2023,2024_3,RB_vs_WR,RB,WR,4120,249633.9,209740.7,17.4
hwang,archetype,2023,2024_3,RB_vs_TE,RB,TE,1660,99752.2,81877.6,19.7
hwang,archetype,2023,2024_3,WR_vs_TE,WR,TE,2220,104370.3,105187.2,-0.8
hwang,archetype,2023,2024_4,QB_vs_RB,QB,RB,1570,71969.5,117544.7,-48.1
hwang,archetype,2023,2024_4,QB_vs_WR,QB,WR,1900,92831.1,98602.7,-6
hwang,archetype,2023,2024_4,QB_vs_TE,QB,TE,690,28693.9,31259.4,-8.6
hwang,archetype,2023,2024_4,RB_vs_WR,RB,WR,4120,276537,172883.8,46.1
hwang,archetype,2023,2024_4,RB_vs_TE,RB,TE,1660,110394.4,76444.3,36.3
hwang,archetype,2023,2024_4,WR_vs_TE,WR,TE,2220,85407.3,98030,-13.8
hwang,archetype,2023,2024_5,QB_vs_RB,QB,RB,1570,107080.2,131999.9,-20.8
hwang,archetype,2023,2024_5,QB_vs_WR,QB,WR,1900,131100.1,125535.2,4.3
hwang,archetype,2023,2024_5,QB_vs_TE,QB,TE,690,38794.6,39048.2,-0.7
hwang,archetype,2023,2024_5,RB_vs_WR,RB,WR,4120,311945.1,223989.9,32.8
hwang,archetype,2023,2024_5,RB_vs_TE,RB,TE,1660,124692.5,95197.2,26.8
hwang,archetype,2023,2024_5,WR_vs_TE,WR,TE,2220,112274.2,121815,-8.2
hwang,archetype,2023,2024_6,QB_vs_RB,QB,RB,1570,113254.9,105573.1,7
hwang,archetype,2023,2024_6,QB_vs_WR,QB,WR,1900,139766.1,105738.8,27.7
hwang,archetype,2023,2024_6,QB_vs_TE,QB,TE,690,42164.6,31613.5,28.6
hwang,archetype,2023,2024_6,RB_vs_WR,RB,WR,4120,246107.8,185936.6,27.9
hwang,archetype,2023,2024_6,RB_vs_TE,RB,TE,1660,97745.7,77278.5,23.4
hwang,archetype,2023,2024_6,WR_vs_TE,WR,TE,2220,92064.4,99034,-7.3
hwang,archetype,2023,2025_1,QB_vs_RB,QB,RB,1570,104165.4,86206,18.9
hwang,archetype,2023,2025_1,QB_vs_WR,QB,WR,1900,129110.6,91968.6,33.6
hwang,archetype,2023,2025_1,QB_vs_TE,QB,TE,690,38924.5,26608.7,37.6
hwang,archetype,2023,2025_1,RB_vs_WR,RB,WR,4120,200378.4,159282.1,22.9
hwang,archetype,2023,2025_1,RB_vs_TE,RB,TE,1660,79829,64816,20.8
hwang,archetype,2023,2025_1,WR_vs_TE,WR,TE,2220,78344,83916.9,-6.9
hwang,archetype,2023,2025_2,QB_vs_RB,QB,RB,1570,61597.4,85265.9,-32.2
hwang,archetype,2023,2025_2,QB_vs_WR,QB,WR,1900,79546.4,81133.2,-2
hwang,archetype,2023,2025_2,QB_vs_TE,QB,TE,690,24009.7,23420.7,2.5
hwang,archetype,2023,2025_2,RB_vs_WR,RB,WR,4120,198833,140383.6,34.5
hwang,archetype,2023,2025_2,RB_vs_TE,RB,TE,1660,79567.5,56925.9,33.2
hwang,archetype,2023,2025_2,WR_vs_TE,WR,TE,2220,69539.9,73709.3,-5.8
hwang,archetype,2023,2025_3,QB_vs_RB,QB,RB,1570,90308.4,90709.7,-0.4
hwang,archetype,2023,2025_3,QB_vs_WR,QB,WR,1900,116025.1,90053.7,25.2
hwang,archetype,2023,2025_3,QB_vs_TE,QB,TE,690,35496.4,25424.4,33.1
hwang,archetype,2023,2025_3,RB_vs_WR,RB,WR,4120,211458.1,156206.2,30.1
hwang,archetype,2023,2025_3,RB_vs_TE,RB,TE,1660,84772,62508.5,30.2
hwang,archetype,2023,2025_3,WR_vs_TE,WR,TE,2220,77081.6,80102.8,-3.8
hwang,archetype,2023,2025_4,QB_vs_RB,QB,RB,1570,62366.2,73439.2,-16.3
hwang,archetype,2023,2025_4,QB_vs_WR,QB,WR,1900,80693.5,69168.7,15.4
hwang,archetype,2023,2025_4,QB_vs_TE,QB,TE,690,23624.1,18498.7,24.3
hwang,archetype,2023,2025_4,RB_vs_WR,RB,WR,4120,169571.3,118612.5,35.4
hwang,archetype,2023,2025_4,RB_vs_TE,RB,TE,1660,67485.3,44878.9,40.2
hwang,archetype,2023,2025_4,WR_vs_TE,WR,TE,2220,58010.9,57714.1,0.5
hwang,archetype,2023,2025_5,QB_vs_RB,QB,RB,1570,78373.5,94440.9,-18.6
hwang,archetype,2023,2025_5,QB_vs_WR,QB,WR,1900,98358.1,104371.2,-5.9
hwang,archetype,2023,2025_5,QB_vs_TE,QB,TE,690,28389.7,25617.4,10.3
hwang,archetype,2023,2025_5,RB_vs_WR,RB,WR,4120,219853.8,184120,17.7
hwang,archetype,2023,2025_5,RB_vs_TE,RB,TE,1660,87823,62303,34
hwang,archetype,2023,2025_5,WR_vs_TE,WR,TE,2220,91541,80115.5,13.3
hwang,archetype,2023,2025_6,QB_vs_RB,QB,RB,1570,69074.3,94425.8,-31
hwang,archetype,2023,2025_6,QB_vs_WR,QB,WR,1900,84889.3,94724.3,-11
hwang,archetype,2023,2025_6,QB_vs_TE,QB,TE,690,24905.9,28787.2,-14.5
hwang,archetype,2023,2025_6,RB_vs_WR,RB,WR,4120,219931.6,166646,27.6
hwang,archetype,2023,2025_6,RB_vs_TE,RB,TE,1660,87846.3,70056.5,22.5
hwang,archetype,2023,2025_6,WR_vs_TE,WR,TE,2220,82112.2,89636,-8.8
hwang,archetype,2023,2025_7,QB_vs_RB,QB,RB,1570,111897.4,153653,-31.4
hwang,archetype,2023,2025_7,QB_vs_WR,QB,WR,1900,138111.7,73429,61.2
hwang,archetype,2023,2025_7,QB_vs_TE,QB,TE,690,41232.2,20347.4,67.8
hwang,archetype,2023,2025_7,RB_vs_WR,RB,WR,4120,366763,126270,97.6
hwang,archetype,2023,2025_7,RB_vs_TE,RB,TE,1660,146159,49725.7,98.5
hwang,archetype,2023,2025_7,WR_vs_TE,WR,TE,2220,61891.4,64195.2,-3.7
hwang,archetype,2023,2026_1,QB_vs_RB,QB,RB,1570,46313.1,73786.4,-45.8
hwang,archetype,2023,2026_1,QB_vs_WR,QB,WR,1900,60000.3,67089.4,-11.2
hwang,archetype,2023,2026_1,QB_vs_TE,QB,TE,690,16670.9,17612.1,-5.5
hwang,archetype,2023,2026_1,RB_vs_WR,RB,WR,4120,170470.7,113746.3,39.9
hwang,archetype,2023,2026_1,RB_vs_TE,RB,TE,1660,67971.4,42808.3,45.4
hwang,archetype,2023,2026_1,WR_vs_TE,WR,TE,2220,55531.5,55655.5,-0.2
hwang,archetype,2023,2026_2,QB_vs_RB,QB,RB,1570,59732.7,104211.7,-54.3
hwang,archetype,2023,2026_2,QB_vs_WR,QB,WR,1900,77257.6,80503,-4.1
hwang,archetype,2023,2026_2,QB_vs_TE,QB,TE,690,23021.8,25189.8,-9
hwang,archetype,2023,2026_2,RB_vs_WR,RB,WR,4120,244278.4,139478.3,54.6
hwang,archetype,2023,2026_2,RB_vs_TE,RB,TE,1660,97393.6,61159.8,45.7
hwang,archetype,2023,2026_2,WR_vs_TE,WR,TE,2220,68893.8,78453,-13
hwang,archetype,2023,2026_3,QB_vs_RB,QB,RB,1570,83439.2,76681.7,8.4
hwang,archetype,2023,2026_3,QB_vs_WR,QB,WR,1900,107348.5,68541,44.1
hwang,archetype,2023,2026_3,QB_vs_TE,QB,TE,690,32656.6,20161.1,47.3
hwang,archetype,2023,2026_3,RB_vs_WR,RB,WR,4120,178619.5,116652.6,42
hwang,archetype,2023,2026_3,RB_vs_TE,RB,TE,1660,71837,49291.5,37.2
hwang,archetype,2023,2026_3,WR_vs_TE,WR,TE,2220,56935.9,63132.2,-10.3
hwang,archetype,2023,2026_4,QB_vs_RB,QB,RB,1570,46591.6,97196.5,-70.4
hwang,archetype,2023,2026_4,QB_vs_WR,QB,WR,1900,61878.6,74688,-18.8
hwang,archetype,2023,2026_4,QB_vs_TE,QB,TE,690,18090.2,21392.6,-16.7
hwang,archetype,2023,2026_4,RB_vs_WR,RB,WR,4120,227142.3,128409.4,55.5
hwang,archetype,2023,2026_4,RB_vs_TE,RB,TE,1660,90863.1,52444.7,53.6
hwang,archetype,2023,2026_4,WR_vs_TE,WR,TE,2220,63092.9,67122.5,-6.2
hwang,archetype,2023,2026_5,QB_vs_RB,QB,RB,1570,98332.6,78434.3,22.5
hwang,archetype,2023,2026_5,QB_vs_WR,QB,WR,1900,121811.1,75474.7,47
hwang,archetype,2023,2026_5,QB_vs_TE,QB,TE,690,36383.3,20727.6,54.8
hwang,archetype,2023,2026_5,RB_vs_WR,RB,WR,4120,182123.5,129456.1,33.8
hwang,archetype,2023,2026_5,RB_vs_TE,RB,TE,1660,72765.7,50486,36.2
hwang,archetype,2023,2026_5,WR_vs_TE,WR,TE,2220,63306.1,65115.6,-2.8
hwang,archetype,2023,2026_6,QB_vs_RB,QB,RB,1570,78488,100173.7,-24.3
hwang,archetype,2023,2026_6,QB_vs_WR,QB,WR,1900,99161.2,94875.5,4.4
hwang,archetype,2023,2026_6,QB_vs_TE,QB,TE,690,28862.2,28272.8,2.1
hwang,archetype,2023,2026_6,RB_vs_WR,RB,WR,4120,233900.8,166066.2,33.9
hwang,archetype,2023,2026_6,RB_vs_TE,RB,TE,1660,93692.4,68937.6,30.4
hwang,archetype,2023,2026_6,WR_vs_TE,WR,TE,2220,82161.2,88620.8,-7.6
hwang,archetype,2023,2026_7,QB_vs_RB,QB,RB,1570,68256.7,78318.4,-13.7
hwang,archetype,2023,2026_7,QB_vs_WR,QB,WR,1900,84964.5,80212.9,5.8
hwang,archetype,2023,2026_7,QB_vs_TE,QB,TE,690,25192.5,20464.5,20.7
hwang,archetype,2023,2026_7,RB_vs_WR,RB,WR,4120,181355.9,140166,25.6
hwang,archetype,2023,2026_7,RB_vs_TE,RB,TE,1660,72428.3,49583.6,37.4
hwang,archetype,2023,2026_7,WR_vs_TE,WR,TE,2220,69288.9,63347.6,9
hwang,year,2024,,QB_vs_RB,QB,RB,30600,1856934.4,2158663.8,-15
hwang,year,2024,,QB_vs_WR,QB,WR,39000,2492662.9,2048991.4,19.5
hwang,year,2024,,QB_vs_TE,QB,TE,14200,646823.2,610437.8,5.8
hwang,year,2024,,RB_vs_WR,RB,WR,96600,5887200.6,3801276,43.1
hwang,year,2024,,RB_vs_TE,RB,TE,35000,2138877.2,1199676.8,56.3
hwang,year,2024,,WR_vs_TE,WR,TE,57400,1776261.1,2073201,-15.4
hwang,archetype,2024,2024_1,QB_vs_RB,QB,RB,1530,134278.9,105543.1,24
hwang,archetype,2024,2024_1,QB_vs_WR,QB,WR,1950,177392.3,110052.7,46.9
hwang,archetype,2024,2024_1,QB_vs_TE,QB,TE,710,47605.2,32647.3,37.3
hwang,archetype,2024,2024_1,RB_vs_WR,RB,WR,4830,285812.8,206332.2,32.3
hwang,archetype,2024,2024_1,RB_vs_TE,RB,TE,1750,104102.8,64667.3,46.7
hwang,archetype,2024,2024_1,WR_vs_TE,WR,TE,2870,97216.3,111542.9,-13.7
hwang,archetype,2024,2024_2,QB_vs_RB,QB,RB,1530,107317.4,114377.7,-6.4
hwang,archetype,2024,2024_2,QB_vs_WR,QB,WR,1950,140712.7,115090.9,20
hwang,archetype,2024,2024_2,QB_vs_TE,QB,TE,710,38189.2,40007.8,-4.7
hwang,archetype,2024,2024_2,RB_vs_WR,RB,WR,4830,312887.5,214625.6,37.3
hwang,archetype,2024,2024_2,RB_vs_TE,RB,TE,1750,113111.4,80901.3,33.2
hwang,archetype,2024,2024_2,WR_vs_TE,WR,TE,2870,101447.1,138776.9,-31.1
hwang,archetype,2024,2024_3,QB_vs_RB,QB,RB,1530,63299.5,124709.9,-65.3
hwang,archetype,2024,2024_3,QB_vs_WR,QB,WR,1950,87213.3,137354.5,-44.7
hwang,archetype,2024,2024_3,QB_vs_TE,QB,TE,710,20806.4,40695.7,-64.7
hwang,archetype,2024,2024_3,RB_vs_WR,RB,WR,4830,343404.9,264108.3,26.1
hwang,archetype,2024,2024_3,RB_vs_TE,RB,TE,1750,124903.1,81897.4,41.6
hwang,archetype,2024,2024_3,WR_vs_TE,WR,TE,2870,127331.5,140135.8,-9.6
hwang,archetype,2024,2024_4,QB_vs_RB,QB,RB,1530,124855.3,134262.4,-7.3
hwang,archetype,2024,2024_4,QB_vs_WR,QB,WR,1950,169932.6,125639.2,30
hwang,archetype,2024,2024_4,QB_vs_TE,QB,TE,710,44965,42072.9,6.6
hwang,archetype,2024,2024_4,RB_vs_WR,RB,WR,4830,371671.1,237540.3,44
hwang,archetype,2024,2024_4,RB_vs_TE,RB,TE,1750,134675.4,85047.4,45.2
hwang,archetype,2024,2024_4,WR_vs_TE,WR,TE,2870,113507,146084.2,-25.1
hwang,archetype,2024,2024_5,QB_vs_RB,QB,RB,1530,142933.9,153344.4,-7
hwang,archetype,2024,2024_5,QB_vs_WR,QB,WR,1950,189751.9,150123.9,23.3
hwang,archetype,2024,2024_5,QB_vs_TE,QB,TE,710,53047,47102.9,11.9
hwang,archetype,2024,2024_5,RB_vs_WR,RB,WR,4830,428901.2,289942.1,38.7
hwang,archetype,2024,2024_5,RB_vs_TE,RB,TE,1750,155551.9,96472.5,46.9
hwang,archetype,2024,2024_5,WR_vs_TE,WR,TE,2870,140884.1,164597.8,-15.5
hwang,archetype,2024,2024_6,QB_vs_RB,QB,RB,1530,142305.8,117169.4,19.4
hwang,archetype,2024,2024_6,QB_vs_WR,QB,WR,1950,190420,116674.9,48
hwang,archetype,2024,2024_6,QB_vs_TE,QB,TE,710,51333.3,36368.3,34.1
hwang,archetype,2024,2024_6,RB_vs_WR,RB,WR,4830,320515.4,219054.9,37.6
hwang,archetype,2024,2024_6,RB_vs_TE,RB,TE,1750,116403.8,72417.4,46.6
hwang,archetype,2024,2024_6,WR_vs_TE,WR,TE,2870,103770.2,123980,-17.7
hwang,archetype,2024,2025_1,QB_vs_RB,QB,RB,1530,88131.4,99729.3,-12.3
hwang,archetype,2024,2025_1,QB_vs_WR,QB,WR,1950,121056.5,112961.3,6.9
hwang,archetype,2024,2025_1,QB_vs_TE,QB,TE,710,30288.9,31734.5,-4.7
hwang,archetype,2024,2025_1,RB_vs_WR,RB,WR,4830,268325.9,211233.8,23.8
hwang,archetype,2024,2025_1,RB_vs_TE,RB,TE,1750,97657,62248,44.3
hwang,archetype,2024,2025_1,WR_vs_TE,WR,TE,2870,99186.3,107533.3,-8.1
hwang,archetype,2024,2025_2,QB_vs_RB,QB,RB,1530,69230.9,95587,-32
hwang,archetype,2024,2025_2,QB_vs_WR,QB,WR,1950,93688.1,89734.9,4.3
hwang,archetype,2024,2025_2,QB_vs_TE,QB,TE,710,23250.1,27425.3,-16.5
hwang,archetype,2024,2025_2,RB_vs_WR,RB,WR,4830,259311.4,164838.2,44.5
hwang,archetype,2024,2025_2,RB_vs_TE,RB,TE,1750,93744.3,53182.7,55.2
hwang,archetype,2024,2025_2,WR_vs_TE,WR,TE,2870,75385,91540.2,-19.4
hwang,archetype,2024,2025_3,QB_vs_RB,QB,RB,1530,116921.9,101323.8,14.3
hwang,archetype,2024,2025_3,QB_vs_WR,QB,WR,1950,156316.1,100038.6,43.9
hwang,archetype,2024,2025_3,QB_vs_TE,QB,TE,710,40972.7,28977.1,34.3
hwang,archetype,2024,2025_3,RB_vs_WR,RB,WR,4830,274977.2,184876.6,39.2
hwang,archetype,2024,2025_3,RB_vs_TE,RB,TE,1750,99615.7,56229.1,55.7
hwang,archetype,2024,2025_3,WR_vs_TE,WR,TE,2870,85703.8,97427.3,-12.8
hwang,archetype,2024,2025_4,QB_vs_RB,QB,RB,1530,59081.7,88281.8,-39.6
hwang,archetype,2024,2025_4,QB_vs_WR,QB,WR,1950,81651.4,93427.3,-13.5
hwang,archetype,2024,2025_4,QB_vs_TE,QB,TE,710,20103,26289.7,-26.7
hwang,archetype,2024,2025_4,RB_vs_WR,RB,WR,4830,236982,170785.1,32.5
hwang,archetype,2024,2025_4,RB_vs_TE,RB,TE,1750,86778.5,50746.4,52.4
hwang,archetype,2024,2025_4,WR_vs_TE,WR,TE,2870,78386.4,88207.8,-11.8
hwang,archetype,2024,2025_5,QB_vs_RB,QB,RB,1530,66453.6,99181.5,-39.5
hwang,archetype,2024,2025_5,QB_vs_WR,QB,WR,1950,88578.4,111114.3,-22.6
hwang,archetype,2024,2025_5,QB_vs_TE,QB,TE,710,21953,29185.6,-28.3
hwang,archetype,2024,2025_5,RB_vs_WR,RB,WR,4830,268216.9,205978.1,26.3
hwang,archetype,2024,2025_5,RB_vs_TE,RB,TE,1750,97242,57073.3,52.1
hwang,archetype,2024,2025_5,WR_vs_TE,WR,TE,2870,97767.7,98874.7,-1.1
hwang,archetype,2024,2025_6,QB_vs_RB,QB,RB,1530,132578.8,112110.7,16.7
hwang,archetype,2024,2025_6,QB_vs_WR,QB,WR,1950,174432,112203.3,43.4
hwang,archetype,2024,2025_6,QB_vs_TE,QB,TE,710,46997.9,38024,21.1
hwang,archetype,2024,2025_6,RB_vs_WR,RB,WR,4830,305427.5,209763.3,37.1
hwang,archetype,2024,2025_6,RB_vs_TE,RB,TE,1750,111030.8,76582.1,36.7
hwang,archetype,2024,2025_6,WR_vs_TE,WR,TE,2870,99004.7,131195.2,-28
hwang,archetype,2024,2025_7,QB_vs_RB,QB,RB,1530,87763.3,168539,-63
hwang,archetype,2024,2025_7,QB_vs_WR,QB,WR,1950,122123.9,76990.9,45.3
hwang,archetype,2024,2025_7,QB_vs_TE,QB,TE,710,31719.1,22772.9,32.8
hwang,archetype,2024,2025_7,RB_vs_WR,RB,WR,4830,474709,138410.3,109.7
hwang,archetype,2024,2025_7,RB_vs_TE,RB,TE,1750,172038,43542,119.2
hwang,archetype,2024,2025_7,WR_vs_TE,WR,TE,2870,62437.7,76560.1,-20.3
hwang,archetype,2024,2026_1,QB_vs_RB,QB,RB,1530,52404,84842.8,-47.3
hwang,archetype,2024,2026_1,QB_vs_WR,QB,WR,1950,72460.1,90699.6,-22.4
hwang,archetype,2024,2026_1,QB_vs_TE,QB,TE,710,17558.5,24615.7,-33.5
hwang,archetype,2024,2026_1,RB_vs_WR,RB,WR,4830,228002.2,164268.7,32.5
hwang,archetype,2024,2026_1,RB_vs_TE,RB,TE,1750,82925.8,47235.9,54.8
hwang,archetype,2024,2026_1,WR_vs_TE,WR,TE,2870,75982.9,82201.6,-7.9
hwang,archetype,2024,2026_2,QB_vs_RB,QB,RB,1530,80194.7,101275.5,-23.2
hwang,archetype,2024,2026_2,QB_vs_WR,QB,WR,1950,107265.4,82213,26.4
hwang,archetype,2024,2026_2,QB_vs_TE,QB,TE,710,27350.1,24453.6,11.2
hwang,archetype,2024,2026_2,RB_vs_WR,RB,WR,4830,274724.7,148186,59.8
hwang,archetype,2024,2026_2,RB_vs_TE,RB,TE,1750,99665.7,47046.4,71.7
hwang,archetype,2024,2026_2,WR_vs_TE,WR,TE,2870,67091.8,81655.7,-19.6
hwang,archetype,2024,2026_3,QB_vs_RB,QB,RB,1530,89405.6,91699,-2.5
hwang,archetype,2024,2026_3,QB_vs_WR,QB,WR,1950,119560.3,82726.4,36.4
hwang,archetype,2024,2026_3,QB_vs_TE,QB,TE,710,29977.6,24671.4,19.4
hwang,archetype,2024,2026_3,RB_vs_WR,RB,WR,4830,248549.9,150504.4,49.1
hwang,archetype,2024,2026_3,RB_vs_TE,RB,TE,1750,90322.8,47413.1,62.3
hwang,archetype,2024,2026_3,WR_vs_TE,WR,TE,2870,68123.1,82471.6,-19.1
hwang,archetype,2024,2026_4,QB_vs_RB,QB,RB,1530,44919.3,102505.8,-78.1
hwang,archetype,2024,2026_4,QB_vs_WR,QB,WR,1950,60959.1,74674.7,-20.2
hwang,archetype,2024,2026_4,QB_vs_TE,QB,TE,710,14205.2,21615.8,-41.4
hwang,archetype,2024,2026_4,RB_vs_WR,RB,WR,4830,277305.6,133407.3,70.1
hwang,archetype,2024,2026_4,RB_vs_TE,RB,TE,1750,100909.9,39984.1,86.5
hwang,archetype,2024,2026_4,WR_vs_TE,WR,TE,2870,59485.8,70962,-17.6
hwang,archetype,2024,2026_5,QB_vs_RB,QB,RB,1530,77649.7,79893.7,-2.8
hwang,archetype,2024,2026_5,QB_vs_WR,QB,WR,1950,104705.4,82907.8,23.2
hwang,archetype,2024,2026_5,QB_vs_TE,QB,TE,710,26354.7,20007.4,27.4
hwang,archetype,2024,2026_5,RB_vs_WR,RB,WR,4830,211568.9,149471.8,34.4
hwang,archetype,2024,2026_5,RB_vs_TE,RB,TE,1750,77459.5,37201.2,70.2
hwang,archetype,2024,2026_5,WR_vs_TE,WR,TE,2870,67882,65969.9,2.9
hwang,archetype,2024,2026_6,QB_vs_RB,QB,RB,1530,75742.3,87311.3,-14.2
hwang,archetype,2024,2026_6,QB_vs_WR,QB,WR,1950,101009.8,87474.6,14.4
hwang,archetype,2024,2026_6,QB_vs_TE,QB,TE,710,25725.4,24928.9,3.1
hwang,archetype,2024,2026_6,RB_vs_WR,RB,WR,4830,234169.5,158567.2,38.5
hwang,archetype,2024,2026_6,RB_vs_TE,RB,TE,1750,85161.5,47506,56.8
hwang,archetype,2024,2026_6,WR_vs_TE,WR,TE,2870,72482.7,83034.5,-13.6
hwang,archetype,2024,2026_7,QB_vs_RB,QB,RB,1530,101466.4,96975.7,4.5
hwang,archetype,2024,2026_7,QB_vs_WR,QB,WR,1950,133433.6,96888.6,31.7
hwang,archetype,2024,2026_7,QB_vs_TE,QB,TE,710,34420.9,26841,24.7
hwang,archetype,2024,2026_7,RB_vs_WR,RB,WR,4830,261737,179381.8,37.3
hwang,archetype,2024,2026_7,RB_vs_TE,RB,TE,1750,95577.3,52283.2,58.6
hwang,archetype,2024,2026_7,WR_vs_TE,WR,TE,2870,83185,90449.5,-8.4
hwang,year,2025,,QB_vs_RB,QB,RB,22800,1368034.1,2209742.8,-47.1
hwang,year,2025,,QB_vs_WR,QB,WR,34400,2311442.3,1817874.9,23.9
hwang,year,2025,,QB_vs_TE,QB,TE,17800,893508.2,766177.5,15.3
hwang,year,2025,,RB_vs_WR,RB,WR,60600,3820533,2594118.9,38.2
hwang,year,2025,,RB_vs_TE,RB,TE,47000,2548161.1,1837135.4,32.4
hwang,year,2025,,WR_vs_TE,WR,TE,57600,2286312.5,2310067.7,-1
hwang,archetype,2025,2024_1,QB_vs_RB,QB,RB,1140,90071.8,107783.8,-17.9
hwang,archetype,2025,2024_1,QB_vs_WR,QB,WR,1720,151481.5,105126.3,36.1
hwang,archetype,2025,2024_1,QB_vs_TE,QB,TE,890,58941.8,42210.4,33.1
hwang,archetype,2025,2024_1,RB_vs_WR,RB,WR,3030,184682.2,152447.6,19.1
hwang,archetype,2025,2024_1,RB_vs_TE,RB,TE,2350,122582.5,101745.1,18.6
hwang,archetype,2025,2024_1,WR_vs_TE,WR,TE,2880,134733.8,127743.1,5.3
hwang,archetype,2025,2024_2,QB_vs_RB,QB,RB,1140,67718.9,119130.5,-55
hwang,archetype,2025,2024_2,QB_vs_WR,QB,WR,1720,111990.8,102932.7,8.4
hwang,archetype,2025,2024_2,QB_vs_TE,QB,TE,890,44480,49121.6,-9.9
hwang,archetype,2025,2024_2,RB_vs_WR,RB,WR,3030,209130.6,149325.8,33.4
hwang,archetype,2025,2024_2,RB_vs_TE,RB,TE,2350,140740.4,119681.6,16.2
hwang,archetype,2025,2024_2,WR_vs_TE,WR,TE,2880,131557,150160.3,-13.2
hwang,archetype,2025,2024_3,QB_vs_RB,QB,RB,1140,96593.7,127883,-27.9
hwang,archetype,2025,2024_3,QB_vs_WR,QB,WR,1720,161610.4,120359.2,29.3
hwang,archetype,2025,2024_3,QB_vs_TE,QB,TE,890,63053.4,52408.5,18.4
hwang,archetype,2025,2024_3,RB_vs_WR,RB,WR,3030,225677.9,177231.9,24
hwang,archetype,2025,2024_3,RB_vs_TE,RB,TE,2350,151980.7,128425.8,16.8
hwang,archetype,2025,2024_3,WR_vs_TE,WR,TE,2880,156896,160864.8,-2.5
hwang,archetype,2025,2024_4,QB_vs_RB,QB,RB,1140,72765.5,134012,-59.2
hwang,archetype,2025,2024_4,QB_vs_WR,QB,WR,1720,126563.4,110200.6,13.8
hwang,archetype,2025,2024_4,QB_vs_TE,QB,TE,890,48059.5,50914.7,-5.8
hwang,archetype,2025,2024_4,RB_vs_WR,RB,WR,3030,237731.5,159813.9,39.2
hwang,archetype,2025,2024_4,RB_vs_TE,RB,TE,2350,160965.2,124937.2,25.2
hwang,archetype,2025,2024_4,WR_vs_TE,WR,TE,2880,141453.1,156576,-10.1
hwang,archetype,2025,2024_5,QB_vs_RB,QB,RB,1140,98178.6,148016.8,-40.5
hwang,archetype,2025,2024_5,QB_vs_WR,QB,WR,1720,166473.7,130550.3,24.2
hwang,archetype,2025,2024_5,QB_vs_TE,QB,TE,890,66579.4,61427.2,8
hwang,archetype,2025,2024_5,RB_vs_WR,RB,WR,3030,269575,193340.6,32.9
hwang,archetype,2025,2024_5,RB_vs_TE,RB,TE,2350,184819.4,152362.9,19.3
hwang,archetype,2025,2024_5,WR_vs_TE,WR,TE,2880,172042,189491.3,-9.7
hwang,archetype,2025,2024_6,QB_vs_RB,QB,RB,1140,118335.2,120844.9,-2.1
hwang,archetype,2025,2024_6,QB_vs_WR,QB,WR,1720,196537.8,106787.9,59.2
hwang,archetype,2025,2024_6,QB_vs_TE,QB,TE,890,78895.6,45955,52.8
hwang,archetype,2025,2024_6,RB_vs_WR,RB,WR,3030,212147.9,155513,30.8
hwang,archetype,2025,2024_6,RB_vs_TE,RB,TE,2350,142259.7,111478.1,24.3
hwang,archetype,2025,2024_6,WR_vs_TE,WR,TE,2880,137715.5,139544.5,-1.3
hwang,archetype,2025,2025_1,QB_vs_RB,QB,RB,1140,68140.2,96779.5,-34.7
hwang,archetype,2025,2025_1,QB_vs_WR,QB,WR,1720,115167.6,98504.2,15.6
hwang,archetype,2025,2025_1,QB_vs_TE,QB,TE,890,44070.4,36959.3,17.6
hwang,archetype,2025,2025_1,RB_vs_WR,RB,WR,3030,160987.7,141226,13.1
hwang,archetype,2025,2025_1,RB_vs_TE,RB,TE,2350,105055.6,88037.9,17.6
hwang,archetype,2025,2025_1,WR_vs_TE,WR,TE,2880,124659.7,111566.2,11.1
hwang,archetype,2025,2025_2,QB_vs_RB,QB,RB,1140,53943.7,96180.1,-56.3
hwang,archetype,2025,2025_2,QB_vs_WR,QB,WR,1720,90014.1,81496.3,9.9
hwang,archetype,2025,2025_2,QB_vs_TE,QB,TE,890,32584,34681.7,-6.2
hwang,archetype,2025,2025_2,RB_vs_WR,RB,WR,3030,161897.7,114742.8,34.1
hwang,archetype,2025,2025_2,RB_vs_TE,RB,TE,2350,106516,82429.2,25.5
hwang,archetype,2025,2025_2,WR_vs_TE,WR,TE,2880,100838.1,103347.7,-2.5
hwang,archetype,2025,2025_3,QB_vs_RB,QB,RB,1140,66493.2,105536.6,-45.4
hwang,archetype,2025,2025_3,QB_vs_WR,QB,WR,1720,116509.8,89909.3,25.8
hwang,archetype,2025,2025_3,QB_vs_TE,QB,TE,890,44410.2,36359.2,19.9
hwang,archetype,2025,2025_3,RB_vs_WR,RB,WR,3030,181472.8,127684.2,34.8
hwang,archetype,2025,2025_3,RB_vs_TE,RB,TE,2350,120839.1,87192.8,32.3
hwang,archetype,2025,2025_3,WR_vs_TE,WR,TE,2880,112458.7,110677.4,1.6
hwang,archetype,2025,2025_4,QB_vs_RB,QB,RB,1140,60121.8,87880.7,-37.5
hwang,archetype,2025,2025_4,QB_vs_WR,QB,WR,1720,101773.2,74742.8,30.6
hwang,archetype,2025,2025_4,QB_vs_TE,QB,TE,890,38734.5,28442.1,30.6
hwang,archetype,2025,2025_4,RB_vs_WR,RB,WR,3030,144992.3,102987,33.9
hwang,archetype,2025,2025_4,RB_vs_TE,RB,TE,2350,93649.1,65463.6,35.4
hwang,archetype,2025,2025_4,WR_vs_TE,WR,TE,2880,90129.1,82888,8.4
hwang,archetype,2025,2025_5,QB_vs_RB,QB,RB,1140,58582.4,108256,-59.5
hwang,archetype,2025,2025_5,QB_vs_WR,QB,WR,1720,96141.7,98739.3,-2.7
hwang,archetype,2025,2025_5,QB_vs_TE,QB,TE,890,38101.2,37158.5,2.5
hwang,archetype,2025,2025_5,RB_vs_WR,RB,WR,3030,185861.8,142391.6,26.5
hwang,archetype,2025,2025_5,RB_vs_TE,RB,TE,2350,123642.3,89472.7,32.1
hwang,archetype,2025,2025_5,WR_vs_TE,WR,TE,2880,125070.2,111405,11.6
hwang,archetype,2025,2025_6,QB_vs_RB,QB,RB,1140,50863.8,115201.6,-77.5
hwang,archetype,2025,2025_6,QB_vs_WR,QB,WR,1720,86758.8,98801.2,-13
hwang,archetype,2025,2025_6,QB_vs_TE,QB,TE,890,32582.7,45588.3,-33.3
hwang,archetype,2025,2025_6,RB_vs_WR,RB,WR,3030,200057.7,142741.4,33.4
hwang,archetype,2025,2025_6,RB_vs_TE,RB,TE,2350,133806,109263.4,20.2
hwang,archetype,2025,2025_6,WR_vs_TE,WR,TE,2880,125830.9,137591.6,-8.9
hwang,archetype,2025,2025_7,QB_vs_RB,QB,RB,1140,81938.5,154156,-61.2
hwang,archetype,2025,2025_7,QB_vs_WR,QB,WR,1720,135869.5,68770.2,65.6
hwang,archetype,2025,2025_7,QB_vs_TE,QB,TE,890,53718.3,28818.3,60.3
hwang,archetype,2025,2025_7,RB_vs_WR,RB,WR,3030,283031,95105.9,99.4
hwang,archetype,2025,2025_7,RB_vs_TE,RB,TE,2350,194629,67571.3,96.9
hwang,archetype,2025,2025_7,WR_vs_TE,WR,TE,2880,83478.2,85050.7,-1.9
hwang,archetype,2025,2026_1,QB_vs_RB,QB,RB,1140,36135.9,82203.5,-77.9
hwang,archetype,2025,2026_1,QB_vs_WR,QB,WR,1720,62999.3,66677.1,-5.7
hwang,archetype,2025,2026_1,QB_vs_TE,QB,TE,890,23132.1,26419.3,-13.3
hwang,archetype,2025,2026_1,RB_vs_WR,RB,WR,3030,132825.9,90905.7,37.5
hwang,archetype,2025,2026_1,RB_vs_TE,RB,TE,2350,84916,61848.2,31.4
hwang,archetype,2025,2026_1,WR_vs_TE,WR,TE,2880,79514.6,77651.8,2.4
hwang,archetype,2025,2026_2,QB_vs_RB,QB,RB,1140,51406.9,109216.1,-72
hwang,archetype,2025,2026_2,QB_vs_WR,QB,WR,1720,85975.4,83232.2,3.2
hwang,archetype,2025,2026_2,QB_vs_TE,QB,TE,890,31716.5,36892.5,-15.1
hwang,archetype,2025,2026_2,RB_vs_WR,RB,WR,3030,187951.6,116986.9,46.5
hwang,archetype,2025,2026_2,RB_vs_TE,RB,TE,2350,124830.6,86996.3,35.7
hwang,archetype,2025,2026_2,WR_vs_TE,WR,TE,2880,102370.9,109524.4,-6.8
hwang,archetype,2025,2026_3,QB_vs_RB,QB,RB,1140,72375.5,98280.7,-30.4
hwang,archetype,2025,2026_3,QB_vs_WR,QB,WR,1720,125702.9,71415.5,55.1
hwang,archetype,2025,2026_3,QB_vs_TE,QB,TE,890,48489.4,29338.2,49.2
hwang,archetype,2025,2026_3,RB_vs_WR,RB,WR,3030,165324.3,99002.9,50.2
hwang,archetype,2025,2026_3,RB_vs_TE,RB,TE,2350,109425.2,68966.8,45.4
hwang,archetype,2025,2026_3,WR_vs_TE,WR,TE,2880,86803.9,87814.9,-1.2
hwang,archetype,2025,2026_4,QB_vs_RB,QB,RB,1140,45902.4,123856.4,-91.8
hwang,archetype,2025,2026_4,QB_vs_WR,QB,WR,1720,81364.4,73241.3,10.5
hwang,archetype,2025,2026_4,QB_vs_TE,QB,TE,890,30917.3,31175.7,-0.8
hwang,archetype,2025,2026_4,RB_vs_WR,RB,WR,3030,219408.8,101324.6,73.6
hwang,archetype,2025,2026_4,RB_vs_TE,RB,TE,2350,148430.1,74703.9,66.1
hwang,archetype,2025,2026_4,WR_vs_TE,WR,TE,2880,88909.4,94575.3,-6.2
hwang,archetype,2025,2026_5,QB_vs_RB,QB,RB,1140,65267.5,77226.1,-16.8
hwang,archetype,2025,2026_5,QB_vs_WR,QB,WR,1720,111152.8,73698.6,40.5
hwang,archetype,2025,2026_5,QB_vs_TE,QB,TE,890,42469.5,23670.8,56.8
hwang,archetype,2025,2026_5,RB_vs_WR,RB,WR,3030,123602.5,102240.7,18.9
hwang,archetype,2025,2026_5,RB_vs_TE,RB,TE,2350,78952.8,54333.1,36.9
hwang,archetype,2025,2026_5,WR_vs_TE,WR,TE,2880,90099.7,69446.9,25.9
hwang,archetype,2025,2026_6,QB_vs_RB,QB,RB,1140,60209.9,97806.5,-47.6
hwang,archetype,2025,2026_6,QB_vs_WR,QB,WR,1720,98589.3,81531.9,18.9
hwang,archetype,2025,2026_6,QB_vs_TE,QB,TE,890,38779.9,35154.7,9.8
hwang,archetype,2025,2026_6,RB_vs_WR,RB,WR,3030,164775.5,114375.2,36.1
hwang,archetype,2025,2026_6,RB_vs_TE,RB,TE,2350,108609.8,83708,25.9
hwang,archetype,2025,2026_6,WR_vs_TE,WR,TE,2880,100431.6,104829.8,-4.3
hwang,archetype,2025,2026_7,QB_vs_RB,QB,RB,1140,52988.7,99492,-61
hwang,archetype,2025,2026_7,QB_vs_WR,QB,WR,1720,88765.9,81158,9
hwang,archetype,2025,2026_7,QB_vs_TE,QB,TE,890,33792.5,33481.5,0.9
hwang,archetype,2025,2026_7,RB_vs_WR,RB,WR,3030,169398.3,114731.2,38.5
hwang,archetype,2025,2026_7,RB_vs_TE,RB,TE,2350,111511.6,78517.5,34.7
hwang,archetype,2025,2026_7,WR_vs_TE,WR,TE,2880,101320.1,99318,2
generic_sf,overall,,,QB_vs_RB,QB,RB,123600,6248565.6,7591405.8,-19.4
generic_sf,overall,,,QB_vs_WR,QB,WR,173800,9338603.9,11036533.9,-16.7
generic_sf,overall,,,QB_vs_TE,QB,TE,65600,2630589.8,2340837.1,11.7
generic_sf,overall,,,RB_vs_WR,RB,WR,351400,17755818.5,17685987.4,0.4
generic_sf,overall,,,RB_vs_TE,RB,TE,165200,7170348.2,5375759.4,28.6
generic_sf,overall,,,WR_vs_TE,WR,TE,219800,9397885,7316714.9,24.9
generic_sf,year,2021,,QB_vs_RB,QB,RB,13400,844591.6,1208085.7,-35.4
generic_sf,year,2021,,QB_vs_WR,QB,WR,22200,1388074.4,1875452.1,-29.9
generic_sf,year,2021,,QB_vs_TE,QB,TE,8000,330069.9,392602.7,-17.3
generic_sf,year,2021,,RB_vs_WR,RB,WR,33000,2450746.4,2463515.9,-0.5
generic_sf,year,2021,,RB_vs_TE,RB,TE,16400,1172611.2,838775.6,33.2
generic_sf,year,2021,,WR_vs_TE,WR,TE,22600,1422727.8,1114319.3,24.3
generic_sf,archetype,2021,2024_1,QB_vs_RB,QB,RB,670,64835.5,68645.2,-5.7
generic_sf,archetype,2021,2024_1,QB_vs_WR,QB,WR,1110,109327.8,131324.1,-18.3
generic_sf,archetype,2021,2024_1,QB_vs_TE,QB,TE,400,26620.3,28014.7,-5.1
generic_sf,archetype,2021,2024_1,RB_vs_WR,RB,WR,1650,141921.5,173287.7,-19.9
generic_sf,archetype,2021,2024_1,RB_vs_TE,RB,TE,820,67361.5,59007,13.2
generic_sf,archetype,2021,2024_1,WR_vs_TE,WR,TE,1130,102508.1,79939.6,24.7
generic_sf,archetype,2021,2024_2,QB_vs_RB,QB,RB,670,45118.5,57713.3,-24.5
generic_sf,archetype,2021,2024_2,QB_vs_WR,QB,WR,1110,73849.9,94970.8,-25
generic_sf,archetype,2021,2024_2,QB_vs_TE,QB,TE,400,17415.7,21725.1,-22
generic_sf,archetype,2021,2024_2,RB_vs_WR,RB,WR,1650,116083.8,124940.9,-7.3
generic_sf,archetype,2021,2024_2,RB_vs_TE,RB,TE,820,54421.6,45960.5,16.9
generic_sf,archetype,2021,2024_2,WR_vs_TE,WR,TE,1130,72487.1,61029,17.2
generic_sf,archetype,2021,2024_3,QB_vs_RB,QB,RB,670,46313.1,55328.6,-17.7
generic_sf,archetype,2021,2024_3,QB_vs_WR,QB,WR,1110,76480.7,105331.3,-31.7
generic_sf,archetype,2021,2024_3,QB_vs_TE,QB,TE,400,18698.7,19937.3,-6.4
generic_sf,archetype,2021,2024_3,RB_vs_WR,RB,WR,1650,109767.6,138269.4,-23
generic_sf,archetype,2021,2024_3,RB_vs_TE,RB,TE,820,53190.9,42185.6,23.1
generic_sf,archetype,2021,2024_3,WR_vs_TE,WR,TE,1130,79851.3,56462.1,34.3
generic_sf,archetype,2021,2024_4,QB_vs_RB,QB,RB,670,32801.6,60946.8,-60
generic_sf,archetype,2021,2024_4,QB_vs_WR,QB,WR,1110,55112.6,95024.5,-53.2
generic_sf,archetype,2021,2024_4,QB_vs_TE,QB,TE,400,12494.9,21159.3,-51.5
generic_sf,archetype,2021,2024_4,RB_vs_WR,RB,WR,1650,122484.2,125659,-2.6
generic_sf,archetype,2021,2024_4,RB_vs_TE,RB,TE,820,58492.1,44953.9,26.2
generic_sf,archetype,2021,2024_4,WR_vs_TE,WR,TE,1130,71578.8,59332.2,18.7
generic_sf,archetype,2021,2024_5,QB_vs_RB,QB,RB,670,52662.9,70378.1,-28.8
generic_sf,archetype,2021,2024_5,QB_vs_WR,QB,WR,1110,90189.7,112301.4,-21.8
generic_sf,archetype,2021,2024_5,QB_vs_TE,QB,TE,400,21900.6,25840.9,-16.5
generic_sf,archetype,2021,2024_5,RB_vs_WR,RB,WR,1650,145429.6,148697.2,-2.2
generic_sf,archetype,2021,2024_5,RB_vs_TE,RB,TE,820,68122,54320.7,22.5
generic_sf,archetype,2021,2024_5,WR_vs_TE,WR,TE,1130,87191.2,73129.1,17.5
generic_sf,archetype,2021,2024_6,QB_vs_RB,QB,RB,670,54601.4,75918.4,-32.7
generic_sf,archetype,2021,2024_6,QB_vs_WR,QB,WR,1110,90283.7,106313.9,-16.3
generic_sf,archetype,2021,2024_6,QB_vs_TE,QB,TE,400,22101.1,24746.6,-11.3
generic_sf,archetype,2021,2024_6,RB_vs_WR,RB,WR,1650,157698,139335,12.4
generic_sf,archetype,2021,2024_6,RB_vs_TE,RB,TE,820,74847,51996.6,36
generic_sf,archetype,2021,2024_6,WR_vs_TE,WR,TE,1130,81555.4,70247.2,14.9
generic_sf,archetype,2021,2025_1,QB_vs_RB,QB,RB,670,47428.3,47351,0.2
generic_sf,archetype,2021,2025_1,QB_vs_WR,QB,WR,1110,76446.7,96349.3,-23
generic_sf,archetype,2021,2025_1,QB_vs_TE,QB,TE,400,18933.4,18588.7,1.8
generic_sf,archetype,2021,2025_1,RB_vs_WR,RB,WR,1650,91164.7,125758.1,-31.9
generic_sf,archetype,2021,2025_1,RB_vs_TE,RB,TE,820,45083.7,39502.4,13.2
generic_sf,archetype,2021,2025_1,WR_vs_TE,WR,TE,1130,72190.1,52746.9,31.1
generic_sf,archetype,2021,2025_2,QB_vs_RB,QB,RB,670,37355,56768.5,-41.3
generic_sf,archetype,2021,2025_2,QB_vs_WR,QB,WR,1110,59890.8,80633.5,-29.5
generic_sf,archetype,2021,2025_2,QB_vs_TE,QB,TE,400,13845.1,18291.2,-27.7
generic_sf,archetype,2021,2025_2,RB_vs_WR,RB,WR,1650,114618.9,105258.3,8.5
generic_sf,archetype,2021,2025_2,RB_vs_TE,RB,TE,820,55192.7,39019,34.3
generic_sf,archetype,2021,2025_2,WR_vs_TE,WR,TE,1130,60498.2,52232.1,14.7
generic_sf,archetype,2021,2025_3,QB_vs_RB,QB,RB,670,46707.5,52004.9,-10.7
generic_sf,archetype,2021,2025_3,QB_vs_WR,QB,WR,1110,77347.8,88399,-13.3
generic_sf,archetype,2021,2025_3,QB_vs_TE,QB,TE,400,17990.4,18248,-1.4
generic_sf,archetype,2021,2025_3,RB_vs_WR,RB,WR,1650,103579.3,116439.5,-11.7
generic_sf,archetype,2021,2025_3,RB_vs_TE,RB,TE,820,49975.7,39031.7,24.6
generic_sf,archetype,2021,2025_3,WR_vs_TE,WR,TE,1130,66306,51502.5,25.1
generic_sf,archetype,2021,2025_4,QB_vs_RB,QB,RB,670,38614.4,58436.8,-40.8
generic_sf,archetype,2021,2025_4,QB_vs_WR,QB,WR,1110,61653.5,83542.3,-30.2
generic_sf,archetype,2021,2025_4,QB_vs_TE,QB,TE,400,14785.9,18393.7,-21.7
generic_sf,archetype,2021,2025_4,RB_vs_WR,RB,WR,1650,117262,109848.5,6.5
generic_sf,archetype,2021,2025_4,RB_vs_TE,RB,TE,820,56392.3,40311.8,33.3
generic_sf,archetype,2021,2025_4,WR_vs_TE,WR,TE,1130,62960.4,53101.8,17
generic_sf,archetype,2021,2025_5,QB_vs_RB,QB,RB,670,41860.2,55425.7,-27.9
generic_sf,archetype,2021,2025_5,QB_vs_WR,QB,WR,1110,68418.9,106934.7,-43.9
generic_sf,archetype,2021,2025_5,QB_vs_TE,QB,TE,400,16218,15526.1,4.4
generic_sf,archetype,2021,2025_5,RB_vs_WR,RB,WR,1650,109960.6,141058.6,-24.8
generic_sf,archetype,2021,2025_5,RB_vs_TE,RB,TE,820,52685.4,34183.1,42.6
generic_sf,archetype,2021,2025_5,WR_vs_TE,WR,TE,1130,82459,44127.4,60.6
generic_sf,archetype,2021,2025_6,QB_vs_RB,QB,RB,670,50035.8,70589.3,-34.1
generic_sf,archetype,2021,2025_6,QB_vs_WR,QB,WR,1110,80591.7,112194.9,-32.8
generic_sf,archetype,2021,2025_6,QB_vs_TE,QB,TE,400,19079.4,26240.4,-31.6
generic_sf,archetype,2021,2025_6,RB_vs_WR,RB,WR,1650,146683,147892.3,-0.8
generic_sf,archetype,2021,2025_6,RB_vs_TE,RB,TE,820,69295.8,54828.9,23.3
generic_sf,archetype,2021,2025_6,WR_vs_TE,WR,TE,1130,86241.4,74007,15.3
generic_sf,archetype,2021,2025_7,QB_vs_RB,QB,RB,670,31946.3,113895.8,-112.4
generic_sf,archetype,2021,2025_7,QB_vs_WR,QB,WR,1110,55899.3,81900.9,-37.7
generic_sf,archetype,2021,2025_7,QB_vs_TE,QB,TE,400,12581.1,17440.7,-32.4
generic_sf,archetype,2021,2025_7,RB_vs_WR,RB,WR,1650,249502.3,106987.6,80
generic_sf,archetype,2021,2025_7,RB_vs_TE,RB,TE,820,115300.4,37963.7,100.9
generic_sf,archetype,2021,2025_7,WR_vs_TE,WR,TE,1130,61361.4,49677.4,21
generic_sf,archetype,2021,2026_1,QB_vs_RB,QB,RB,670,24686.7,44338.6,-56.9
generic_sf,archetype,2021,2026_1,QB_vs_WR,QB,WR,1110,38591.7,67806.4,-54.9
generic_sf,archetype,2021,2026_1,QB_vs_TE,QB,TE,400,9082.7,16318.8,-57
generic_sf,archetype,2021,2026_1,RB_vs_WR,RB,WR,1650,85515.7,88941,-3.9
generic_sf,archetype,2021,2026_1,RB_vs_TE,RB,TE,820,43115.4,36219,17.4
generic_sf,archetype,2021,2026_1,WR_vs_TE,WR,TE,1130,49925.7,47067.9,5.9
generic_sf,archetype,2021,2026_2,QB_vs_RB,QB,RB,670,39083.4,53218.2,-30.6
generic_sf,archetype,2021,2026_2,QB_vs_WR,QB,WR,1110,62643.2,66603.7,-6.1
generic_sf,archetype,2021,2026_2,QB_vs_TE,QB,TE,400,14914.8,15906.4,-6.4
generic_sf,archetype,2021,2026_2,RB_vs_WR,RB,WR,1650,105968,87243,19.4
generic_sf,archetype,2021,2026_2,RB_vs_TE,RB,TE,820,50761.1,34097.2,39.3
generic_sf,archetype,2021,2026_2,WR_vs_TE,WR,TE,1130,49475.1,45530.1,8.3
generic_sf,archetype,2021,2026_3,QB_vs_RB,QB,RB,670,35353.1,44601.9,-23.1
generic_sf,archetype,2021,2026_3,QB_vs_WR,QB,WR,1110,58347.9,71716.2,-20.6
generic_sf,archetype,2021,2026_3,QB_vs_TE,QB,TE,400,13219.4,16231.9,-20.5
generic_sf,archetype,2021,2026_3,RB_vs_WR,RB,WR,1650,87326,94690.4,-8.1
generic_sf,archetype,2021,2026_3,RB_vs_TE,RB,TE,820,43329.4,35399.9,20.1
generic_sf,archetype,2021,2026_3,WR_vs_TE,WR,TE,1130,53291.5,45700.1,15.3
generic_sf,archetype,2021,2026_4,QB_vs_RB,QB,RB,670,21286,63723.9,-99.8
generic_sf,archetype,2021,2026_4,QB_vs_WR,QB,WR,1110,33920.9,94150.3,-94.1
generic_sf,archetype,2021,2026_4,QB_vs_TE,QB,TE,400,7466.3,17059.4,-78.2
generic_sf,archetype,2021,2026_4,RB_vs_WR,RB,WR,1650,131456.5,123159.6,6.5
generic_sf,archetype,2021,2026_4,RB_vs_TE,RB,TE,820,62523.7,36698.4,52.1
generic_sf,archetype,2021,2026_4,WR_vs_TE,WR,TE,1130,71164,48409.5,38.1
generic_sf,archetype,2021,2026_5,QB_vs_RB,QB,RB,670,51024.5,46474.7,9.3
generic_sf,archetype,2021,2026_5,QB_vs_WR,QB,WR,1110,82935.8,86419.9,-4.1
generic_sf,archetype,2021,2026_5,QB_vs_TE,QB,TE,400,20678.6,15547.4,28.3
generic_sf,archetype,2021,2026_5,RB_vs_WR,RB,WR,1650,89168.2,113000.8,-23.6
generic_sf,archetype,2021,2026_5,RB_vs_TE,RB,TE,820,44138.7,33524.2,27.3
generic_sf,archetype,2021,2026_5,WR_vs_TE,WR,TE,1130,64832.9,44366.4,37.5
generic_sf,archetype,2021,2026_6,QB_vs_RB,QB,RB,670,41218.3,50278.4,-19.8
generic_sf,archetype,2021,2026_6,QB_vs_WR,QB,WR,1110,68161,81960.5,-18.4
generic_sf,archetype,2021,2026_6,QB_vs_TE,QB,TE,400,16011.9,17782.1,-10.5
generic_sf,archetype,2021,2026_6,RB_vs_WR,RB,WR,1650,99375.5,106546.7,-7
generic_sf,archetype,2021,2026_6,RB_vs_TE,RB,TE,820,48021.6,37916.5,23.5
generic_sf,archetype,2021,2026_6,WR_vs_TE,WR,TE,1130,61010.6,50320.8,19.2
generic_sf,archetype,2021,2026_7,QB_vs_RB,QB,RB,670,41659.1,62047.6,-39.3
generic_sf,archetype,2021,2026_7,QB_vs_WR,QB,WR,1110,67980.8,111574.5,-48.6
generic_sf,archetype,2021,2026_7,QB_vs_TE,QB,TE,400,16031.6,19604,-20
generic_sf,archetype,2021,2026_7,RB_vs_WR,RB,WR,1650,125781,146502.3,-15.2
generic_sf,archetype,2021,2026_7,RB_vs_TE,RB,TE,820,60360.2,41655.5,36.7
generic_sf,archetype,2021,2026_7,WR_vs_TE,WR,TE,1130,85839.6,55390.2,43.1
generic_sf,year,2022,,QB_vs_RB,QB,RB,25200,1351317.5,1460193.1,-7.7
generic_sf,year,2022,,QB_vs_WR,QB,WR,40200,2192213.3,2517685.4,-13.8
generic_sf,year,2022,,QB_vs_TE,QB,TE,11800,516434.2,428478.7,18.6
generic_sf,year,2022,,RB_vs_WR,RB,WR,78400,4484599.4,4349495.7,3.1
generic_sf,year,2022,,RB_vs_TE,RB,TE,33400,1206578.8,1166621.9,3.4
generic_sf,year,2022,,WR_vs_TE,WR,TE,37800,1578907.9,1447529.6,8.7
generic_sf,archetype,2022,2024_1,QB_vs_RB,QB,RB,1260,94591.7,75263.9,22.8
generic_sf,archetype,2022,2024_1,QB_vs_WR,QB,WR,2010,156078.3,151650.5,2.9
generic_sf,archetype,2022,2024_1,QB_vs_TE,QB,TE,590,37839.8,27256.7,32.5
generic_sf,archetype,2022,2024_1,RB_vs_WR,RB,WR,3920,232716.4,262601.7,-12.1
generic_sf,archetype,2022,2024_1,RB_vs_TE,RB,TE,1670,61759.9,75633,-20.2
generic_sf,archetype,2022,2024_1,WR_vs_TE,WR,TE,1890,96975.8,90686.3,6.7
generic_sf,archetype,2022,2024_2,QB_vs_RB,QB,RB,1260,86222.3,79311.8,8.3
generic_sf,archetype,2022,2024_2,QB_vs_WR,QB,WR,2010,142587.1,148753.3,-4.2
generic_sf,archetype,2022,2024_2,QB_vs_TE,QB,TE,590,32946.2,31097.4,5.8
generic_sf,archetype,2022,2024_2,RB_vs_WR,RB,WR,3920,244664.8,259899.7,-6
generic_sf,archetype,2022,2024_2,RB_vs_TE,RB,TE,1670,65486.6,84515.8,-25.4
generic_sf,archetype,2022,2024_2,WR_vs_TE,WR,TE,1890,96157.8,104397.3,-8.2
generic_sf,archetype,2022,2024_3,QB_vs_RB,QB,RB,1260,71951.1,67098.9,7
generic_sf,archetype,2022,2024_3,QB_vs_WR,QB,WR,2010,114175.5,155427.3,-30.6
generic_sf,archetype,2022,2024_3,QB_vs_TE,QB,TE,590,27392.6,21695.2,23.2
generic_sf,archetype,2022,2024_3,RB_vs_WR,RB,WR,3920,206163,270723.1,-27.1
generic_sf,archetype,2022,2024_3,RB_vs_TE,RB,TE,1670,54369.6,57990,-6.4
generic_sf,archetype,2022,2024_3,WR_vs_TE,WR,TE,1890,99997.4,73135.7,31
generic_sf,archetype,2022,2024_4,QB_vs_RB,QB,RB,1260,74701.6,81637.2,-8.9
generic_sf,archetype,2022,2024_4,QB_vs_WR,QB,WR,2010,119921.3,144708.1,-18.7
generic_sf,archetype,2022,2024_4,QB_vs_TE,QB,TE,590,28115.7,26691.1,5.2
generic_sf,archetype,2022,2024_4,RB_vs_WR,RB,WR,3920,249108.3,251150,-0.8
generic_sf,archetype,2022,2024_4,RB_vs_TE,RB,TE,1670,66655.4,72803.9,-8.8
generic_sf,archetype,2022,2024_4,WR_vs_TE,WR,TE,1890,91735.2,90136.9,1.8
generic_sf,archetype,2022,2024_5,QB_vs_RB,QB,RB,1260,92784.4,104154.6,-11.5
generic_sf,archetype,2022,2024_5,QB_vs_WR,QB,WR,2010,152196.3,167739,-9.7
generic_sf,archetype,2022,2024_5,QB_vs_TE,QB,TE,590,37734.5,31317.3,18.6
generic_sf,archetype,2022,2024_5,RB_vs_WR,RB,WR,3920,323077.8,292526.5,9.9
generic_sf,archetype,2022,2024_5,RB_vs_TE,RB,TE,1670,89815.6,86737,3.5
generic_sf,archetype,2022,2024_5,WR_vs_TE,WR,TE,1890,107768.3,104705.5,2.9
generic_sf,archetype,2022,2024_6,QB_vs_RB,QB,RB,1260,92442.3,86240.1,6.9
generic_sf,archetype,2022,2024_6,QB_vs_WR,QB,WR,2010,153303.4,151940.6,0.9
generic_sf,archetype,2022,2024_6,QB_vs_TE,QB,TE,590,37143.3,29406.2,23.3
generic_sf,archetype,2022,2024_6,RB_vs_WR,RB,WR,3920,266348.5,265381.2,0.4
generic_sf,archetype,2022,2024_6,RB_vs_TE,RB,TE,1670,72242,81432.6,-12
generic_sf,archetype,2022,2024_6,WR_vs_TE,WR,TE,1890,98250.1,97062.3,1.2
generic_sf,archetype,2022,2025_1,QB_vs_RB,QB,RB,1260,66900.1,50530,27.9
generic_sf,archetype,2022,2025_1,QB_vs_WR,QB,WR,2010,109329.7,135602.8,-21.5
generic_sf,archetype,2022,2025_1,QB_vs_TE,QB,TE,590,25255.1,21354.1,16.7
generic_sf,archetype,2022,2025_1,RB_vs_WR,RB,WR,3920,154820.5,234589.2,-41
generic_sf,archetype,2022,2025_1,RB_vs_TE,RB,TE,1670,39296.3,57982.1,-38.4
generic_sf,archetype,2022,2025_1,WR_vs_TE,WR,TE,1890,85653.2,72259.1,17
generic_sf,archetype,2022,2025_2,QB_vs_RB,QB,RB,1260,51490.1,66538.3,-25.5
generic_sf,archetype,2022,2025_2,QB_vs_WR,QB,WR,2010,84975.7,119813.1,-34
generic_sf,archetype,2022,2025_2,QB_vs_TE,QB,TE,590,19630.6,21962.4,-11.2
generic_sf,archetype,2022,2025_2,RB_vs_WR,RB,WR,3920,203929.3,206046.4,-1
generic_sf,archetype,2022,2025_2,RB_vs_TE,RB,TE,1670,53422.8,59499.2,-10.8
generic_sf,archetype,2022,2025_2,WR_vs_TE,WR,TE,1890,74535.8,73313.4,1.7
generic_sf,archetype,2022,2025_3,QB_vs_RB,QB,RB,1260,64662.7,60106.3,7.3
generic_sf,archetype,2022,2025_3,QB_vs_WR,QB,WR,2010,104163.7,117658.3,-12.2
generic_sf,archetype,2022,2025_3,QB_vs_TE,QB,TE,590,24575.3,16517.9,39.2
generic_sf,archetype,2022,2025_3,RB_vs_WR,RB,WR,3920,182800.1,202717.2,-10.3
generic_sf,archetype,2022,2025_3,RB_vs_TE,RB,TE,1670,47225.8,44144.1,6.7
generic_sf,archetype,2022,2025_3,WR_vs_TE,WR,TE,1890,72797.5,56252.2,25.6
generic_sf,archetype,2022,2025_4,QB_vs_RB,QB,RB,1260,35795.5,49694.2,-32.5
generic_sf,archetype,2022,2025_4,QB_vs_WR,QB,WR,2010,56049.3,81179.2,-36.6
generic_sf,archetype,2022,2025_4,QB_vs_TE,QB,TE,590,12822.5,14057,-9.2
generic_sf,archetype,2022,2025_4,RB_vs_WR,RB,WR,3920,151134.1,137249.2,9.6
generic_sf,archetype,2022,2025_4,RB_vs_TE,RB,TE,1670,38797.2,38410,1
generic_sf,archetype,2022,2025_4,WR_vs_TE,WR,TE,1890,47897.4,48430.2,-1.1
generic_sf,archetype,2022,2025_5,QB_vs_RB,QB,RB,1260,58097.4,57798.9,0.5
generic_sf,archetype,2022,2025_5,QB_vs_WR,QB,WR,2010,91862.9,137702.6,-39.9
generic_sf,archetype,2022,2025_5,QB_vs_TE,QB,TE,590,21164.9,17910.2,16.7
generic_sf,archetype,2022,2025_5,RB_vs_WR,RB,WR,3920,176248.3,239975,-30.6
generic_sf,archetype,2022,2025_5,RB_vs_TE,RB,TE,1670,45380.9,47672.4,-4.9
generic_sf,archetype,2022,2025_5,WR_vs_TE,WR,TE,1890,88060.8,61152.2,36.1
generic_sf,archetype,2022,2025_6,QB_vs_RB,QB,RB,1260,97143.3,76222.3,24.1
generic_sf,archetype,2022,2025_6,QB_vs_WR,QB,WR,2010,156853.6,139299.1,11.9
generic_sf,archetype,2022,2025_6,QB_vs_TE,QB,TE,590,38053.6,29510.3,25.3
generic_sf,archetype,2022,2025_6,RB_vs_WR,RB,WR,3920,234857.9,242182.7,-3.1
generic_sf,archetype,2022,2025_6,RB_vs_TE,RB,TE,1670,62952.2,81264.4,-25.4
generic_sf,archetype,2022,2025_6,WR_vs_TE,WR,TE,1890,88680.6,97696,-9.7
generic_sf,archetype,2022,2025_7,QB_vs_RB,QB,RB,1260,68689.7,169494.4,-84.6
generic_sf,archetype,2022,2025_7,QB_vs_WR,QB,WR,2010,114736.4,105174.9,8.7
generic_sf,archetype,2022,2025_7,QB_vs_TE,QB,TE,590,25499.8,17468.6,37.4
generic_sf,archetype,2022,2025_7,RB_vs_WR,RB,WR,3920,524881.2,180087.8,97.8
generic_sf,archetype,2022,2025_7,RB_vs_TE,RB,TE,1670,158309.4,47339,107.9
generic_sf,archetype,2022,2025_7,WR_vs_TE,WR,TE,1890,64385.1,59815.1,7.4
generic_sf,archetype,2022,2026_1,QB_vs_RB,QB,RB,1260,34150.3,51800.8,-41.1
generic_sf,archetype,2022,2026_1,QB_vs_WR,QB,WR,2010,53291.4,88902.4,-50.1
generic_sf,archetype,2022,2026_1,QB_vs_TE,QB,TE,590,12006.6,14673.1,-20
generic_sf,archetype,2022,2026_1,RB_vs_WR,RB,WR,3920,157766.7,151354.1,4.1
generic_sf,archetype,2022,2026_1,RB_vs_TE,RB,TE,1670,40975.8,40976.8,0
generic_sf,archetype,2022,2026_1,WR_vs_TE,WR,TE,1890,52564.1,51168.9,2.7
generic_sf,archetype,2022,2026_2,QB_vs_RB,QB,RB,1260,50048.5,64597.5,-25.4
generic_sf,archetype,2022,2026_2,QB_vs_WR,QB,WR,2010,83141.8,101849.1,-20.2
generic_sf,archetype,2022,2026_2,QB_vs_TE,QB,TE,590,18846.5,20506.1,-8.4
generic_sf,archetype,2022,2026_2,RB_vs_WR,RB,WR,3920,197495.3,173749.2,12.8
generic_sf,archetype,2022,2026_2,RB_vs_TE,RB,TE,1670,51412.4,55644.4,-7.9
generic_sf,archetype,2022,2026_2,WR_vs_TE,WR,TE,1890,61572.1,69126.1,-11.6
generic_sf,archetype,2022,2026_3,QB_vs_RB,QB,RB,1260,64422.2,65402.8,-1.5
generic_sf,archetype,2022,2026_3,QB_vs_WR,QB,WR,2010,103547.4,99969.6,3.5
generic_sf,archetype,2022,2026_3,QB_vs_TE,QB,TE,590,24608.3,16258.7,40.9
generic_sf,archetype,2022,2026_3,RB_vs_WR,RB,WR,3920,199321.2,170242.4,15.7
generic_sf,archetype,2022,2026_3,RB_vs_TE,RB,TE,1670,52397.6,44249.8,16.9
generic_sf,archetype,2022,2026_3,WR_vs_TE,WR,TE,1890,60024.1,56447.9,6.1
generic_sf,archetype,2022,2026_4,QB_vs_RB,QB,RB,1260,50434.2,77388.9,-42.2
generic_sf,archetype,2022,2026_4,QB_vs_WR,QB,WR,2010,79020.1,107866.5,-30.9
generic_sf,archetype,2022,2026_4,QB_vs_TE,QB,TE,590,18448.1,18787,-1.8
generic_sf,archetype,2022,2026_4,RB_vs_WR,RB,WR,3920,238397.8,182662.3,26.5
generic_sf,archetype,2022,2026_4,RB_vs_TE,RB,TE,1670,64933.3,50727.3,24.6
generic_sf,archetype,2022,2026_4,WR_vs_TE,WR,TE,1890,65122.6,64271.2,1.3
generic_sf,archetype,2022,2026_5,QB_vs_RB,QB,RB,1260,49281.6,45251.1,8.5
generic_sf,archetype,2022,2026_5,QB_vs_WR,QB,WR,2010,78438.4,110496.7,-33.9
generic_sf,archetype,2022,2026_5,QB_vs_TE,QB,TE,590,18368.3,15510.3,16.9
generic_sf,archetype,2022,2026_5,RB_vs_WR,RB,WR,3920,137742.4,190078.5,-31.9
generic_sf,archetype,2022,2026_5,RB_vs_TE,RB,TE,1670,34815.1,41346.3,-17.2
generic_sf,archetype,2022,2026_5,WR_vs_TE,WR,TE,1890,68211.7,52884.1,25.3
generic_sf,archetype,2022,2026_6,QB_vs_RB,QB,RB,1260,62497.4,59474.7,5
generic_sf,archetype,2022,2026_6,QB_vs_WR,QB,WR,2010,101737.7,124170.2,-19.9
generic_sf,archetype,2022,2026_6,QB_vs_TE,QB,TE,590,23368.7,17724.6,27.5
generic_sf,archetype,2022,2026_6,RB_vs_WR,RB,WR,3920,181445.6,214831.2,-16.8
generic_sf,archetype,2022,2026_6,RB_vs_TE,RB,TE,1670,46770.9,47660.4,-1.9
generic_sf,archetype,2022,2026_6,WR_vs_TE,WR,TE,1890,78225.5,61058.9,24.6
generic_sf,archetype,2022,2026_7,QB_vs_RB,QB,RB,1260,85011.1,72186.4,16.3
generic_sf,archetype,2022,2026_7,QB_vs_WR,QB,WR,2010,136803.3,127782.1,6.8
generic_sf,archetype,2022,2026_7,QB_vs_TE,QB,TE,590,32613.8,18774.5,53.9
generic_sf,archetype,2022,2026_7,RB_vs_WR,RB,WR,3920,221680.2,221448.3,0.1
generic_sf,archetype,2022,2026_7,RB_vs_TE,RB,TE,1670,59560,50593.4,16.3
generic_sf,archetype,2022,2026_7,WR_vs_TE,WR,TE,1890,80292.8,63530.3,23.3
generic_sf,year,2023,,QB_vs_RB,QB,RB,31600,1377965.9,1525517.5,-10.2
generic_sf,year,2023,,QB_vs_WR,QB,WR,38000,1735916.6,2082398.5,-18.1
generic_sf,year,2023,,QB_vs_TE,QB,TE,13800,510205.1,424389.3,18.4
generic_sf,year,2023,,RB_vs_WR,RB,WR,82800,3534077.4,3583739.3,-1.4
generic_sf,year,2023,,RB_vs_TE,RB,TE,33400,1401708.5,1029964.2,30.6
generic_sf,year,2023,,WR_vs_TE,WR,TE,44400,1764887.3,1318449.6,29
generic_sf,archetype,2023,2024_1,QB_vs_RB,QB,RB,1580,86631.7,63969.2,30.1
generic_sf,archetype,2023,2024_1,QB_vs_WR,QB,WR,1900,105634.3,126914.5,-18.3
generic_sf,archetype,2023,2024_1,QB_vs_TE,QB,TE,690,31618.9,22315,34.5
generic_sf,archetype,2023,2024_1,RB_vs_WR,RB,WR,4140,147450.2,221654.8,-40.2
generic_sf,archetype,2023,2024_1,RB_vs_TE,RB,TE,1670,57939.3,54477.3,6.2
generic_sf,archetype,2023,2024_1,WR_vs_TE,WR,TE,2220,110651.6,69802.8,45.3
generic_sf,archetype,2023,2024_2,QB_vs_RB,QB,RB,1580,88465.6,75609,15.7
generic_sf,archetype,2023,2024_2,QB_vs_WR,QB,WR,1900,108721.2,110899.4,-2
generic_sf,archetype,2023,2024_2,QB_vs_TE,QB,TE,690,31938.5,36657.8,-13.8
generic_sf,archetype,2023,2024_2,RB_vs_WR,RB,WR,4140,173610.5,191860,-10
generic_sf,archetype,2023,2024_2,RB_vs_TE,RB,TE,1670,69098.9,89245.6,-25.4
generic_sf,archetype,2023,2024_2,WR_vs_TE,WR,TE,2220,95006.9,114114.8,-18.3
generic_sf,archetype,2023,2024_3,QB_vs_RB,QB,RB,1580,85590.8,77988.5,9.3
generic_sf,archetype,2023,2024_3,QB_vs_WR,QB,WR,1900,105972.4,147700.9,-32.9
generic_sf,archetype,2023,2024_3,QB_vs_TE,QB,TE,690,31430.9,26156.2,18.3
generic_sf,archetype,2023,2024_3,RB_vs_WR,RB,WR,4140,179393.1,259691.8,-36.6
generic_sf,archetype,2023,2024_3,RB_vs_TE,RB,TE,1670,71277.2,63430,11.7
generic_sf,archetype,2023,2024_3,WR_vs_TE,WR,TE,2220,128377.2,81722.3,44.4
generic_sf,archetype,2023,2024_4,QB_vs_RB,QB,RB,1580,63340,98483.2,-43.4
generic_sf,archetype,2023,2024_4,QB_vs_WR,QB,WR,1900,81936.8,109223.4,-28.5
generic_sf,archetype,2023,2024_4,QB_vs_TE,QB,TE,690,24927.9,27732.9,-10.7
generic_sf,archetype,2023,2024_4,RB_vs_WR,RB,WR,4140,228865.9,188435.5,19.4
generic_sf,archetype,2023,2024_4,RB_vs_TE,RB,TE,1670,90854,67773.4,29.1
generic_sf,archetype,2023,2024_4,WR_vs_TE,WR,TE,2220,92393.2,86621.8,6.4
generic_sf,archetype,2023,2024_5,QB_vs_RB,QB,RB,1580,93939.7,116160.2,-21.2
generic_sf,archetype,2023,2024_5,QB_vs_WR,QB,WR,1900,114867,151508.5,-27.5
generic_sf,archetype,2023,2024_5,QB_vs_TE,QB,TE,690,33797.2,33261.8,1.6
generic_sf,archetype,2023,2024_5,RB_vs_WR,RB,WR,4140,271040.7,267312.1,1.4
generic_sf,archetype,2023,2024_5,RB_vs_TE,RB,TE,1670,108254.4,80908,28.9
generic_sf,archetype,2023,2024_5,WR_vs_TE,WR,TE,2220,132723.5,102680.9,25.5
generic_sf,archetype,2023,2024_6,QB_vs_RB,QB,RB,1580,89087.5,78010.9,13.3
generic_sf,archetype,2023,2024_6,QB_vs_WR,QB,WR,1900,110867.7,123468.9,-10.8
generic_sf,archetype,2023,2024_6,QB_vs_TE,QB,TE,690,32545.3,25447.5,24.5
generic_sf,archetype,2023,2024_6,RB_vs_WR,RB,WR,4140,178784.8,214007,-17.9
generic_sf,archetype,2023,2024_6,RB_vs_TE,RB,TE,1670,70267.9,61956.7,12.6
generic_sf,archetype,2023,2024_6,WR_vs_TE,WR,TE,2220,105934.2,79205.6,28.9
generic_sf,archetype,2023,2025_1,QB_vs_RB,QB,RB,1580,80682.3,64061,23
generic_sf,archetype,2023,2025_1,QB_vs_WR,QB,WR,1900,100399,110450.2,-9.5
generic_sf,archetype,2023,2025_1,QB_vs_TE,QB,TE,690,29644.5,21875,30.2
generic_sf,archetype,2023,2025_1,RB_vs_WR,RB,WR,4140,147759.7,188568.9,-24.3
generic_sf,archetype,2023,2025_1,RB_vs_TE,RB,TE,1670,58301.5,53035.6,9.5
generic_sf,archetype,2023,2025_1,WR_vs_TE,WR,TE,2220,92171.5,68696.1,29.2
generic_sf,archetype,2023,2025_2,QB_vs_RB,QB,RB,1580,51577.7,59288.4,-13.9
generic_sf,archetype,2023,2025_2,QB_vs_WR,QB,WR,1900,67280.2,89827.6,-28.7
generic_sf,archetype,2023,2025_2,QB_vs_TE,QB,TE,690,19902.4,17443.4,13.2
generic_sf,archetype,2023,2025_2,RB_vs_WR,RB,WR,4140,136345.8,152860.3,-11.4
generic_sf,archetype,2023,2025_2,RB_vs_TE,RB,TE,1670,54044.7,41794.1,25.6
generic_sf,archetype,2023,2025_2,WR_vs_TE,WR,TE,2220,75593.9,54309.5,32.8
generic_sf,archetype,2023,2025_3,QB_vs_RB,QB,RB,1580,77095.4,71300.2,7.8
generic_sf,archetype,2023,2025_3,QB_vs_WR,QB,WR,1900,99688.9,105718,-5.9
generic_sf,archetype,2023,2025_3,QB_vs_TE,QB,TE,690,30218.1,20484.4,38.4
generic_sf,archetype,2023,2025_3,RB_vs_WR,RB,WR,4140,164202.8,180781.6,-9.6
generic_sf,archetype,2023,2025_3,RB_vs_TE,RB,TE,1670,65330.5,50143.3,26.3
generic_sf,archetype,2023,2025_3,WR_vs_TE,WR,TE,2220,88707.2,63822.9,32.6
generic_sf,archetype,2023,2025_4,QB_vs_RB,QB,RB,1580,47510.7,49860,-4.8
generic_sf,archetype,2023,2025_4,QB_vs_WR,QB,WR,1900,62025.3,74734.4,-18.6
generic_sf,archetype,2023,2025_4,QB_vs_TE,QB,TE,690,17723,13821.4,24.7
generic_sf,archetype,2023,2025_4,RB_vs_WR,RB,WR,4140,113899.7,125907.9,-10
generic_sf,archetype,2023,2025_4,RB_vs_TE,RB,TE,1670,44801,33139.9,29.9
generic_sf,archetype,2023,2025_4,WR_vs_TE,WR,TE,2220,61192,42288,36.5
generic_sf,archetype,2023,2025_5,QB_vs_RB,QB,RB,1580,67150.6,71647.8,-6.5
generic_sf,archetype,2023,2025_5,QB_vs_WR,QB,WR,1900,84578.8,132398.7,-44.1
generic_sf,archetype,2023,2025_5,QB_vs_TE,QB,TE,690,24143.9,19097.4,23.3
generic_sf,archetype,2023,2025_5,RB_vs_WR,RB,WR,4140,165440.9,232544.7,-33.7
generic_sf,archetype,2023,2025_5,RB_vs_TE,RB,TE,1670,65447.1,46041,34.8
generic_sf,archetype,2023,2025_5,WR_vs_TE,WR,TE,2220,115654.3,59072.7,64.8
generic_sf,archetype,2023,2025_6,QB_vs_RB,QB,RB,1580,60748.4,67923.8,-11.2
generic_sf,archetype,2023,2025_6,QB_vs_WR,QB,WR,1900,74835.1,110414.7,-38.4
generic_sf,archetype,2023,2025_6,QB_vs_TE,QB,TE,690,21586.2,24149,-11.2
generic_sf,archetype,2023,2025_6,RB_vs_WR,RB,WR,4140,155707.6,192284.3,-21
generic_sf,archetype,2023,2025_6,RB_vs_TE,RB,TE,1670,61763.2,58333.1,5.7
generic_sf,archetype,2023,2025_6,WR_vs_TE,WR,TE,2220,94356.1,74154.7,24
generic_sf,archetype,2023,2025_7,QB_vs_RB,QB,RB,1580,89931.1,184228.4,-68.8
generic_sf,archetype,2023,2025_7,QB_vs_WR,QB,WR,1900,111876.7,83735.6,28.8
generic_sf,archetype,2023,2025_7,QB_vs_TE,QB,TE,690,33122.1,15882.5,70.4
generic_sf,archetype,2023,2025_7,RB_vs_WR,RB,WR,4140,440971.6,141064,103.1
generic_sf,archetype,2023,2025_7,RB_vs_TE,RB,TE,1670,175057.8,38562.6,127.8
generic_sf,archetype,2023,2025_7,WR_vs_TE,WR,TE,2220,69005,49726.9,32.5
generic_sf,archetype,2023,2026_1,QB_vs_RB,QB,RB,1580,38975.4,47613.6,-20
generic_sf,archetype,2023,2026_1,QB_vs_WR,QB,WR,1900,50410.6,67943.5,-29.6
generic_sf,archetype,2023,2026_1,QB_vs_TE,QB,TE,690,13905.2,13353.6,4
generic_sf,archetype,2023,2026_1,RB_vs_WR,RB,WR,4140,108183.5,112155.7,-3.6
generic_sf,archetype,2023,2026_1,RB_vs_TE,RB,TE,1670,42679.1,32102,28.3
generic_sf,archetype,2023,2026_1,WR_vs_TE,WR,TE,2220,54428.3,41680.3,26.5
generic_sf,archetype,2023,2026_2,QB_vs_RB,QB,RB,1580,51075.3,75340.7,-38.4
generic_sf,archetype,2023,2026_2,QB_vs_WR,QB,WR,1900,66554.9,87769.9,-27.5
generic_sf,archetype,2023,2026_2,QB_vs_TE,QB,TE,690,19580,19801.5,-1.1
generic_sf,archetype,2023,2026_2,RB_vs_WR,RB,WR,4140,174202.3,149192.1,15.5
generic_sf,archetype,2023,2026_2,RB_vs_TE,RB,TE,1670,69003.7,47688,36.5
generic_sf,archetype,2023,2026_2,WR_vs_TE,WR,TE,2220,73351,61112.8,18.2
generic_sf,archetype,2023,2026_3,QB_vs_RB,QB,RB,1580,62530.7,51875.1,18.6
generic_sf,archetype,2023,2026_3,QB_vs_WR,QB,WR,1900,81098.5,73125.5,10.3
generic_sf,archetype,2023,2026_3,QB_vs_TE,QB,TE,690,24280.6,15979.4,41.2
generic_sf,archetype,2023,2026_3,RB_vs_WR,RB,WR,4140,119410.1,122079.8,-2.2
generic_sf,archetype,2023,2026_3,RB_vs_TE,RB,TE,1670,47706.8,38796.2,20.6
generic_sf,archetype,2023,2026_3,WR_vs_TE,WR,TE,2220,59436.6,49179.3,18.9
generic_sf,archetype,2023,2026_4,QB_vs_RB,QB,RB,1580,41196.9,79167.9,-63.1
generic_sf,archetype,2023,2026_4,QB_vs_WR,QB,WR,1900,54659.3,80738.5,-38.5
generic_sf,archetype,2023,2026_4,QB_vs_TE,QB,TE,690,15787.4,16414.4,-3.9
generic_sf,archetype,2023,2026_4,RB_vs_WR,RB,WR,4140,183163.4,136181.1,29.4
generic_sf,archetype,2023,2026_4,RB_vs_TE,RB,TE,1670,72872.1,40328.7,57.5
generic_sf,archetype,2023,2026_4,WR_vs_TE,WR,TE,2220,66713.3,51027,26.6
generic_sf,archetype,2023,2026_5,QB_vs_RB,QB,RB,1580,78132.8,61379.7,24
generic_sf,archetype,2023,2026_5,QB_vs_WR,QB,WR,1900,97723.2,88192.5,10.3
generic_sf,archetype,2023,2026_5,QB_vs_TE,QB,TE,690,28552.4,18125.8,44.7
generic_sf,archetype,2023,2026_5,RB_vs_WR,RB,WR,4140,141900.2,149045,-4.9
generic_sf,archetype,2023,2026_5,RB_vs_TE,RB,TE,1670,56263.7,43945.2,24.6
generic_sf,archetype,2023,2026_5,WR_vs_TE,WR,TE,2220,72594.6,56626.9,24.7
generic_sf,archetype,2023,2026_6,QB_vs_RB,QB,RB,1580,68534,78348.3,-13.4
generic_sf,archetype,2023,2026_6,QB_vs_WR,QB,WR,1900,87288.5,111675.8,-24.5
generic_sf,archetype,2023,2026_6,QB_vs_TE,QB,TE,690,25286.5,21663.6,15.4
generic_sf,archetype,2023,2026_6,RB_vs_WR,RB,WR,4140,181274.7,192779.5,-6.2
generic_sf,archetype,2023,2026_6,RB_vs_TE,RB,TE,1670,72372.3,52795.2,31.3
generic_sf,archetype,2023,2026_6,WR_vs_TE,WR,TE,2220,94830.6,67589.1,33.5
generic_sf,archetype,2023,2026_7,QB_vs_RB,QB,RB,1580,55769.3,53261.6,4.6
generic_sf,archetype,2023,2026_7,QB_vs_WR,QB,WR,1900,69498.2,95958,-32
generic_sf,archetype,2023,2026_7,QB_vs_TE,QB,TE,690,20214.1,14726.7,31.4
generic_sf,archetype,2023,2026_7,RB_vs_WR,RB,WR,4140,122469.9,165333.2,-29.8
generic_sf,archetype,2023,2026_7,RB_vs_TE,RB,TE,1670,48373.3,35468.3,30.8
generic_sf,archetype,2023,2026_7,WR_vs_TE,WR,TE,2220,81766.3,45015.2,58
generic_sf,year,2024,,QB_vs_RB,QB,RB,30600,1511267.3,1606061.3,-6.1
generic_sf,year,2024,,QB_vs_WR,QB,WR,39000,2040560,2369678.4,-14.9
generic_sf,year,2024,,QB_vs_TE,QB,TE,14200,515286.6,499898.8,3
generic_sf,year,2024,,RB_vs_WR,RB,WR,96600,4377172.6,4218742.5,3.7
generic_sf,year,2024,,RB_vs_TE,RB,TE,35000,1552497.7,954876.6,47.7
generic_sf,year,2024,,WR_vs_TE,WR,TE,57400,1960419.9,1675143.4,15.7
generic_sf,archetype,2024,2024_1,QB_vs_RB,QB,RB,1530,103030.7,69054.9,39.5
generic_sf,archetype,2024,2024_1,QB_vs_WR,QB,WR,1950,136799.4,131741.3,3.8
generic_sf,archetype,2024,2024_1,QB_vs_TE,QB,TE,710,35659.2,26753.3,28.5
generic_sf,archetype,2024,2024_1,RB_vs_WR,RB,WR,4830,184646.3,239173.3,-25.7
generic_sf,archetype,2024,2024_1,RB_vs_TE,RB,TE,1750,65175,51491.6,23.5
generic_sf,archetype,2024,2024_1,WR_vs_TE,WR,TE,2870,112105.3,90276.2,21.6
generic_sf,archetype,2024,2024_2,QB_vs_RB,QB,RB,1530,89579.9,86545.2,3.4
generic_sf,archetype,2024,2024_2,QB_vs_WR,QB,WR,1950,118222.6,128568,-8.4
generic_sf,archetype,2024,2024_2,QB_vs_TE,QB,TE,710,31291.7,38317,-20.2
generic_sf,archetype,2024,2024_2,RB_vs_WR,RB,WR,4830,236543.4,228555,3.4
generic_sf,archetype,2024,2024_2,RB_vs_TE,RB,TE,1750,83086.6,76353.7,8.4
generic_sf,archetype,2024,2024_2,WR_vs_TE,WR,TE,2870,106485.7,131010.2,-20.7
generic_sf,archetype,2024,2024_3,QB_vs_RB,QB,RB,1530,57897.4,84380,-37.2
generic_sf,archetype,2024,2024_3,QB_vs_WR,QB,WR,1950,79742.2,171248,-72.9
generic_sf,archetype,2024,2024_3,QB_vs_TE,QB,TE,710,18816,32306.8,-52.8
generic_sf,archetype,2024,2024_3,RB_vs_WR,RB,WR,4830,230269.4,320614.7,-32.8
generic_sf,archetype,2024,2024_3,RB_vs_TE,RB,TE,1750,81736.2,62806.2,26.2
generic_sf,archetype,2024,2024_3,WR_vs_TE,WR,TE,2870,155091.7,109311.2,34.6
generic_sf,archetype,2024,2024_4,QB_vs_RB,QB,RB,1530,104185.9,107421.9,-3.1
generic_sf,archetype,2024,2024_4,QB_vs_WR,QB,WR,1950,142063.3,144212.1,-1.5
generic_sf,archetype,2024,2024_4,QB_vs_TE,QB,TE,710,36791.7,38606.4,-4.8
generic_sf,archetype,2024,2024_4,RB_vs_WR,RB,WR,4830,295811.9,262459.7,11.9
generic_sf,archetype,2024,2024_4,RB_vs_TE,RB,TE,1750,104899.9,76724.1,31
generic_sf,archetype,2024,2024_4,WR_vs_TE,WR,TE,2870,123594.7,132207.1,-6.7
generic_sf,archetype,2024,2024_5,QB_vs_RB,QB,RB,1530,130859.2,151046.3,-14.3
generic_sf,archetype,2024,2024_5,QB_vs_WR,QB,WR,1950,174150.3,188807,-8.1
generic_sf,archetype,2024,2024_5,QB_vs_TE,QB,TE,710,48102.1,45818.4,4.9
generic_sf,archetype,2024,2024_5,RB_vs_WR,RB,WR,4830,424411.7,355495.2,17.7
generic_sf,archetype,2024,2024_5,RB_vs_TE,RB,TE,1750,150964.8,92286.3,48.2
generic_sf,archetype,2024,2024_5,WR_vs_TE,WR,TE,2870,172065.2,157869,8.6
generic_sf,archetype,2024,2024_6,QB_vs_RB,QB,RB,1530,106512,85117,22.3
generic_sf,archetype,2024,2024_6,QB_vs_WR,QB,WR,1950,144677.8,133474.3,8.1
generic_sf,archetype,2024,2024_6,QB_vs_TE,QB,TE,710,37754.7,29271.6,25.3
generic_sf,archetype,2024,2024_6,RB_vs_WR,RB,WR,4830,230354.3,240496.6,-4.3
generic_sf,archetype,2024,2024_6,RB_vs_TE,RB,TE,1750,81457.5,56620.5,36
generic_sf,archetype,2024,2024_6,WR_vs_TE,WR,TE,2870,112976.8,97106.7,15.1
generic_sf,archetype,2024,2025_1,QB_vs_RB,QB,RB,1530,67123.1,62901.3,6.5
generic_sf,archetype,2024,2025_1,QB_vs_WR,QB,WR,1950,92401.3,133554.2,-36.4
generic_sf,archetype,2024,2025_1,QB_vs_TE,QB,TE,710,22232.4,24652.4,-10.3
generic_sf,archetype,2024,2025_1,RB_vs_WR,RB,WR,4830,166716.8,239397.7,-35.8
generic_sf,archetype,2024,2025_1,RB_vs_TE,RB,TE,1750,58895.4,46629.6,23.2
generic_sf,archetype,2024,2025_1,WR_vs_TE,WR,TE,2870,112370.1,82864.8,30.2
generic_sf,archetype,2024,2025_2,QB_vs_RB,QB,RB,1530,57293.3,63871.3,-10.9
generic_sf,archetype,2024,2025_2,QB_vs_WR,QB,WR,1950,77998.6,92187.5,-16.7
generic_sf,archetype,2024,2025_2,QB_vs_TE,QB,TE,710,18694.5,19692.7,-5.2
generic_sf,archetype,2024,2025_2,RB_vs_WR,RB,WR,4830,172458.2,159031.8,8.1
generic_sf,archetype,2024,2025_2,RB_vs_TE,RB,TE,1750,60884.3,37010.7,48.8
generic_sf,archetype,2024,2025_2,WR_vs_TE,WR,TE,2870,71681.1,65145.9,9.6
generic_sf,archetype,2024,2025_3,QB_vs_RB,QB,RB,1530,89238.3,74716.2,17.7
generic_sf,archetype,2024,2025_3,QB_vs_WR,QB,WR,1950,120431.9,121127,-0.6
generic_sf,archetype,2024,2025_3,QB_vs_TE,QB,TE,710,30449.5,21956.1,32.4
generic_sf,archetype,2024,2025_3,RB_vs_WR,RB,WR,4830,202639.4,215774.7,-6.3
generic_sf,archetype,2024,2025_3,RB_vs_TE,RB,TE,1750,71710.8,40970.2,54.6
generic_sf,archetype,2024,2025_3,WR_vs_TE,WR,TE,2870,99390.3,72625.2,31.1
generic_sf,archetype,2024,2025_4,QB_vs_RB,QB,RB,1530,51785.3,52056.5,-0.5
generic_sf,archetype,2024,2025_4,QB_vs_WR,QB,WR,1950,71629.3,103609.7,-36.5
generic_sf,archetype,2024,2025_4,QB_vs_TE,QB,TE,710,17408.3,21371.7,-20.4
generic_sf,archetype,2024,2025_4,RB_vs_WR,RB,WR,4830,138560.8,180330.3,-26.2
generic_sf,archetype,2024,2025_4,RB_vs_TE,RB,TE,1750,49244.4,39570.8,21.8
generic_sf,archetype,2024,2025_4,WR_vs_TE,WR,TE,2870,82269.4,70340.6,15.6
generic_sf,archetype,2024,2025_5,QB_vs_RB,QB,RB,1530,56792.6,61313.4,-7.7
generic_sf,archetype,2024,2025_5,QB_vs_WR,QB,WR,1950,75803.3,135717.4,-56.7
generic_sf,archetype,2024,2025_5,QB_vs_TE,QB,TE,710,18356.4,21558.2,-16
generic_sf,archetype,2024,2025_5,RB_vs_WR,RB,WR,4830,163568.9,243067.7,-39.1
generic_sf,archetype,2024,2025_5,RB_vs_TE,RB,TE,1750,57843.1,40260,35.8
generic_sf,archetype,2024,2025_5,WR_vs_TE,WR,TE,2870,115685.6,71200.7,47.6
generic_sf,archetype,2024,2025_6,QB_vs_RB,QB,RB,1530,99176.2,77452.6,24.6
generic_sf,archetype,2024,2025_6,QB_vs_WR,QB,WR,1950,131860.5,125408.6,5
generic_sf,archetype,2024,2025_6,QB_vs_TE,QB,TE,710,34274.8,36281.1,-5.7
generic_sf,archetype,2024,2025_6,RB_vs_WR,RB,WR,4830,208566.2,223622.9,-7
generic_sf,archetype,2024,2025_6,RB_vs_TE,RB,TE,1750,73868.7,72010.1,2.5
generic_sf,archetype,2024,2025_6,WR_vs_TE,WR,TE,2870,104188.2,123805.7,-17.2
generic_sf,archetype,2024,2025_7,QB_vs_RB,QB,RB,1530,73504.7,192424.6,-89.4
generic_sf,archetype,2024,2025_7,QB_vs_WR,QB,WR,1950,102457.4,88700.1,14.4
generic_sf,archetype,2024,2025_7,QB_vs_TE,QB,TE,710,25937.2,17370.6,39.6
generic_sf,archetype,2024,2025_7,RB_vs_WR,RB,WR,4830,549494.8,150673.7,113.9
generic_sf,archetype,2024,2025_7,RB_vs_TE,RB,TE,1750,195596.4,31745.1,144.1
generic_sf,archetype,2024,2025_7,WR_vs_TE,WR,TE,2870,68075.3,57473.7,16.9
generic_sf,archetype,2024,2026_1,QB_vs_RB,QB,RB,1530,46540.6,51850,-10.8
generic_sf,archetype,2024,2026_1,QB_vs_WR,QB,WR,1950,64484.6,103809.7,-46.7
generic_sf,archetype,2024,2026_1,QB_vs_TE,QB,TE,710,15368.2,19202.8,-22.2
generic_sf,archetype,2024,2026_1,RB_vs_WR,RB,WR,4830,138728.8,178533.9,-25.1
generic_sf,archetype,2024,2026_1,RB_vs_TE,RB,TE,1750,49049.7,35371.1,32.4
generic_sf,archetype,2024,2026_1,WR_vs_TE,WR,TE,2870,82323.5,63204.9,26.3
generic_sf,archetype,2024,2026_2,QB_vs_RB,QB,RB,1530,63509.6,70561.2,-10.5
generic_sf,archetype,2024,2026_2,QB_vs_WR,QB,WR,1950,85861.6,86172.6,-0.4
generic_sf,archetype,2024,2026_2,QB_vs_TE,QB,TE,710,20985.2,18126,14.6
generic_sf,archetype,2024,2026_2,RB_vs_WR,RB,WR,4830,189832.3,145601.4,26.4
generic_sf,archetype,2024,2026_2,RB_vs_TE,RB,TE,1750,67467.7,33693.7,66.8
generic_sf,archetype,2024,2026_2,WR_vs_TE,WR,TE,2870,65356.7,59673.9,9.1
generic_sf,archetype,2024,2026_3,QB_vs_RB,QB,RB,1530,69672.1,64233.5,8.1
generic_sf,archetype,2024,2026_3,QB_vs_WR,QB,WR,1950,93348.5,91382.4,2.1
generic_sf,archetype,2024,2026_3,QB_vs_TE,QB,TE,710,22725.2,19755.8,14
generic_sf,archetype,2024,2026_3,RB_vs_WR,RB,WR,4830,174730,158765.8,9.6
generic_sf,archetype,2024,2026_3,RB_vs_TE,RB,TE,1750,62255.4,36783.8,51.4
generic_sf,archetype,2024,2026_3,WR_vs_TE,WR,TE,2870,71128.5,65699.2,7.9
generic_sf,archetype,2024,2026_4,QB_vs_RB,QB,RB,1530,40816.4,75506.2,-59.6
generic_sf,archetype,2024,2026_4,QB_vs_WR,QB,WR,1950,55323.5,78649.9,-34.8
generic_sf,archetype,2024,2026_4,QB_vs_TE,QB,TE,710,12815.7,14958.9,-15.4
generic_sf,archetype,2024,2026_4,RB_vs_WR,RB,WR,4830,203466.8,132684.7,42.1
generic_sf,archetype,2024,2026_4,RB_vs_TE,RB,TE,1750,72028.8,25974.2,94
generic_sf,archetype,2024,2026_4,WR_vs_TE,WR,TE,2870,58778.5,48335.3,19.5
generic_sf,archetype,2024,2026_5,QB_vs_RB,QB,RB,1530,59261.2,52026.9,13
generic_sf,archetype,2024,2026_5,QB_vs_WR,QB,WR,1950,80446.5,96175.9,-17.8
generic_sf,archetype,2024,2026_5,QB_vs_TE,QB,TE,710,19223.8,13992,31.5
generic_sf,archetype,2024,2026_5,RB_vs_WR,RB,WR,4830,136974.7,165685.6,-19
generic_sf,archetype,2024,2026_5,RB_vs_TE,RB,TE,1750,49062.3,24559,66.6
generic_sf,archetype,2024,2026_5,WR_vs_TE,WR,TE,2870,74463.1,44957.7,49.4
generic_sf,archetype,2024,2026_6,QB_vs_RB,QB,RB,1530,62462.7,57077.6,9
generic_sf,archetype,2024,2026_6,QB_vs_WR,QB,WR,1950,84112.2,99431.6,-16.7
generic_sf,archetype,2024,2026_6,QB_vs_TE,QB,TE,710,20891.9,19989.1,4.4
generic_sf,archetype,2024,2026_6,RB_vs_WR,RB,WR,4830,151959,172185.8,-12.5
generic_sf,archetype,2024,2026_6,RB_vs_TE,RB,TE,1750,54095.7,36834.5,38
generic_sf,archetype,2024,2026_6,WR_vs_TE,WR,TE,2870,77750.3,65919.7,16.5
generic_sf,archetype,2024,2026_7,QB_vs_RB,QB,RB,1530,82026.1,66504.7,20.9
generic_sf,archetype,2024,2026_7,QB_vs_WR,QB,WR,1950,108745.2,115701.1,-6.2
generic_sf,archetype,2024,2026_7,QB_vs_TE,QB,TE,710,27508.1,19917.9,32
generic_sf,archetype,2024,2026_7,RB_vs_WR,RB,WR,4830,177438.9,206592,-15.2
generic_sf,archetype,2024,2026_7,RB_vs_TE,RB,TE,1750,63175,37181.4,51.8
generic_sf,archetype,2024,2026_7,WR_vs_TE,WR,TE,2870,94639.9,66115.7,35.5
generic_sf,year,2025,,QB_vs_RB,QB,RB,22800,1163423.3,1791548.2,-42.5
generic_sf,year,2025,,QB_vs_WR,QB,WR,34400,1981839.6,2191319.5,-10
generic_sf,year,2025,,QB_vs_TE,QB,TE,17800,758594,595467.6,24.1
generic_sf,year,2025,,RB_vs_WR,RB,WR,60600,2909222.7,3070494,-5.4
generic_sf,year,2025,,RB_vs_TE,RB,TE,47000,1836952,1385521.1,28
generic_sf,year,2025,,WR_vs_TE,WR,TE,57600,2670942.1,1761273,41
generic_sf,archetype,2025,2024_1,QB_vs_RB,QB,RB,1140,68789.8,77137.9,-11.4
generic_sf,archetype,2025,2024_1,QB_vs_WR,QB,WR,1720,116828.1,133014.4,-13
generic_sf,archetype,2025,2024_1,QB_vs_TE,QB,TE,890,44610.3,32788.7,30.5
generic_sf,archetype,2025,2024_1,RB_vs_WR,RB,WR,3030,120858.5,191247.2,-45.1
generic_sf,archetype,2025,2024_1,RB_vs_TE,RB,TE,2350,74599.8,76788.2,-2.9
generic_sf,archetype,2025,2024_1,WR_vs_TE,WR,TE,2880,167695.3,97419,53
generic_sf,archetype,2025,2024_2,QB_vs_RB,QB,RB,1140,60810.3,101396.5,-50
generic_sf,archetype,2025,2024_2,QB_vs_WR,QB,WR,1720,101643.7,121245.1,-17.6
generic_sf,archetype,2025,2024_2,QB_vs_TE,QB,TE,890,39871.2,44051.3,-10
generic_sf,archetype,2025,2024_2,RB_vs_WR,RB,WR,3030,168264.7,172086.7,-2.2
generic_sf,archetype,2025,2024_2,RB_vs_TE,RB,TE,2350,107405.9,104746.3,2.5
generic_sf,archetype,2025,2024_2,WR_vs_TE,WR,TE,2880,149635.2,133109.5,11.7
generic_sf,archetype,2025,2024_3,QB_vs_RB,QB,RB,1140,85471.7,104153.7,-19.7
generic_sf,archetype,2025,2024_3,QB_vs_WR,QB,WR,1720,143878,153023.4,-6.2
generic_sf,archetype,2025,2024_3,QB_vs_TE,QB,TE,890,55733.7,42099.4,27.9
generic_sf,archetype,2025,2024_3,RB_vs_WR,RB,WR,3030,170471.2,223527.2,-26.9
generic_sf,archetype,2025,2024_3,RB_vs_TE,RB,TE,2350,107741.5,101210.3,6.3
generic_sf,archetype,2025,2024_3,WR_vs_TE,WR,TE,2880,196303.1,127326.8,42.6
generic_sf,archetype,2025,2024_4,QB_vs_RB,QB,RB,1140,64752.4,111099.2,-52.7
generic_sf,archetype,2025,2024_4,QB_vs_WR,QB,WR,1720,112964.3,127357.8,-12
generic_sf,archetype,2025,2024_4,QB_vs_TE,QB,TE,890,42624.3,43018.9,-0.9
generic_sf,archetype,2025,2024_4,RB_vs_WR,RB,WR,3030,182457.2,180640.7,1
generic_sf,archetype,2025,2024_4,RB_vs_TE,RB,TE,2350,117150.1,104568.2,11.3
generic_sf,archetype,2025,2024_4,WR_vs_TE,WR,TE,2880,157911.2,132002.3,17.9
generic_sf,archetype,2025,2024_5,QB_vs_RB,QB,RB,1140,91545.5,144704.6,-45
generic_sf,archetype,2025,2024_5,QB_vs_WR,QB,WR,1720,155914.3,167463.2,-7.1
generic_sf,archetype,2025,2024_5,QB_vs_TE,QB,TE,890,61741.3,53059.8,15.1
generic_sf,archetype,2025,2024_5,RB_vs_WR,RB,WR,3030,254935.5,245763.4,3.7
generic_sf,archetype,2025,2024_5,RB_vs_TE,RB,TE,2350,169235.7,127841.5,27.9
generic_sf,archetype,2025,2024_5,WR_vs_TE,WR,TE,2880,217650,160010.4,30.5
generic_sf,archetype,2025,2024_6,QB_vs_RB,QB,RB,1140,98317.6,93588.7,4.9
generic_sf,archetype,2025,2024_6,QB_vs_WR,QB,WR,1720,164883.6,133510.7,21
generic_sf,archetype,2025,2024_6,QB_vs_TE,QB,TE,890,65295.5,33990.7,63.1
generic_sf,archetype,2025,2024_6,RB_vs_WR,RB,WR,3030,151852.4,192378.6,-23.5
generic_sf,archetype,2025,2024_6,RB_vs_TE,RB,TE,2350,94977.2,79861.5,17.3
generic_sf,archetype,2025,2024_6,WR_vs_TE,WR,TE,2880,168790.8,101449.6,49.8
generic_sf,archetype,2025,2025_1,QB_vs_RB,QB,RB,1140,53266.7,67619,-23.7
generic_sf,archetype,2025,2025_1,QB_vs_WR,QB,WR,1720,90989.4,123779.3,-30.5
generic_sf,archetype,2025,2025_1,QB_vs_TE,QB,TE,890,34221.7,28594.5,17.9
generic_sf,archetype,2025,2025_1,RB_vs_WR,RB,WR,3030,101773.2,174909.2,-52.9
generic_sf,archetype,2025,2025_1,RB_vs_TE,RB,TE,2350,61577.2,66475.2,-7.6
generic_sf,archetype,2025,2025_1,WR_vs_TE,WR,TE,2880,152717.5,85179.4,56.8
generic_sf,archetype,2025,2025_2,QB_vs_RB,QB,RB,1140,45888.6,72141.7,-44.5
generic_sf,archetype,2025,2025_2,QB_vs_WR,QB,WR,1720,77966.8,97989.6,-22.8
generic_sf,archetype,2025,2025_2,QB_vs_TE,QB,TE,890,28111.5,27085.2,3.7
generic_sf,archetype,2025,2025_2,RB_vs_WR,RB,WR,3030,111892.3,134918.3,-18.7
generic_sf,archetype,2025,2025_2,RB_vs_TE,RB,TE,2350,68248.4,61920.7,9.7
generic_sf,archetype,2025,2025_2,WR_vs_TE,WR,TE,2880,116814.8,79186,38.4
generic_sf,archetype,2025,2025_3,QB_vs_RB,QB,RB,1140,58271.8,80162.9,-31.6
generic_sf,archetype,2025,2025_3,QB_vs_WR,QB,WR,1720,102379.4,110606.7,-7.7
generic_sf,archetype,2025,2025_3,QB_vs_TE,QB,TE,890,38929.7,25105.2,43.2
generic_sf,archetype,2025,2025_3,RB_vs_WR,RB,WR,3030,126666.5,154266.8,-19.6
generic_sf,archetype,2025,2025_3,RB_vs_TE,RB,TE,2350,78371.8,57335.5,31
generic_sf,archetype,2025,2025_3,WR_vs_TE,WR,TE,2880,134028.5,74288.2,57.4
generic_sf,archetype,2025,2025_4,QB_vs_RB,QB,RB,1140,47947.2,64893,-30
generic_sf,archetype,2025,2025_4,QB_vs_WR,QB,WR,1720,82041.3,88342.6,-7.4
generic_sf,archetype,2025,2025_4,QB_vs_TE,QB,TE,890,30695,19630.9,44
generic_sf,archetype,2025,2025_4,RB_vs_WR,RB,WR,3030,97969.5,118400.8,-18.9
generic_sf,archetype,2025,2025_4,RB_vs_TE,RB,TE,2350,58367.5,43195.5,29.9
generic_sf,archetype,2025,2025_4,WR_vs_TE,WR,TE,2880,101371.6,55220.7,58.9
generic_sf,archetype,2025,2025_5,QB_vs_RB,QB,RB,1140,50140.8,82571.3,-48.9
generic_sf,archetype,2025,2025_5,QB_vs_WR,QB,WR,1720,83462.2,120534.7,-36.3
generic_sf,archetype,2025,2025_5,QB_vs_TE,QB,TE,890,32388,27074.4,17.9
generic_sf,archetype,2025,2025_5,RB_vs_WR,RB,WR,3030,130189.2,171769.4,-27.5
generic_sf,archetype,2025,2025_5,RB_vs_TE,RB,TE,2350,80870.3,62371.7,25.8
generic_sf,archetype,2025,2025_5,WR_vs_TE,WR,TE,2880,148627.4,78463.6,61.8
generic_sf,archetype,2025,2025_6,QB_vs_RB,QB,RB,1140,47032.4,87764.4,-60.4
generic_sf,archetype,2025,2025_6,QB_vs_WR,QB,WR,1720,80350.5,113576.5,-34.3
generic_sf,archetype,2025,2025_6,QB_vs_TE,QB,TE,890,30132.7,38143.9,-23.5
generic_sf,archetype,2025,2025_6,RB_vs_WR,RB,WR,3030,141014.8,160930.4,-13.2
generic_sf,archetype,2025,2025_6,RB_vs_TE,RB,TE,2350,88316.7,88380.9,-0.1
generic_sf,archetype,2025,2025_6,WR_vs_TE,WR,TE,2880,140037.4,112570.5,21.7
generic_sf,archetype,2025,2025_7,QB_vs_RB,QB,RB,1140,67528.4,179066.9,-90.5
generic_sf,archetype,2025,2025_7,QB_vs_WR,QB,WR,1720,112845.2,83850.2,29.5
generic_sf,archetype,2025,2025_7,QB_vs_TE,QB,TE,890,44627.2,22950.9,64.2
generic_sf,archetype,2025,2025_7,RB_vs_WR,RB,WR,3030,328379,113370.5,97.3
generic_sf,archetype,2025,2025_7,RB_vs_TE,RB,TE,2350,223029.3,52523,123.8
generic_sf,archetype,2025,2025_7,WR_vs_TE,WR,TE,2880,97625.3,66725.7,37.6
generic_sf,archetype,2025,2026_1,QB_vs_RB,QB,RB,1140,31257.1,53598.7,-52.7
generic_sf,archetype,2025,2026_1,QB_vs_WR,QB,WR,1720,55007.3,76196.9,-32.3
generic_sf,archetype,2025,2026_1,QB_vs_TE,QB,TE,890,19870.8,19047.9,4.2
generic_sf,archetype,2025,2026_1,RB_vs_WR,RB,WR,3030,77720.4,100559,-25.6
generic_sf,archetype,2025,2026_1,RB_vs_TE,RB,TE,2350,45560.4,43315.3,5.1
generic_sf,archetype,2025,2026_1,WR_vs_TE,WR,TE,2880,86449.1,54934.6,44.6
generic_sf,archetype,2025,2026_2,QB_vs_RB,QB,RB,1140,44935.6,77242.3,-52.9
generic_sf,archetype,2025,2026_2,QB_vs_WR,QB,WR,1720,75925,93951.6,-21.2
generic_sf,archetype,2025,2026_2,QB_vs_TE,QB,TE,890,27877.1,27155.2,2.6
generic_sf,archetype,2025,2026_2,RB_vs_WR,RB,WR,3030,121317.9,127973.4,-5.3
generic_sf,archetype,2025,2026_2,RB_vs_TE,RB,TE,2350,74268.5,61233.8,19.2
generic_sf,archetype,2025,2026_2,WR_vs_TE,WR,TE,2880,109666.6,77753,34.1
generic_sf,archetype,2025,2026_3,QB_vs_RB,QB,RB,1140,61001.3,75577.7,-21.3
generic_sf,archetype,2025,2026_3,QB_vs_WR,QB,WR,1720,105857.5,84152,22.8
generic_sf,archetype,2025,2026_3,QB_vs_TE,QB,TE,890,40645.8,20913.7,64.1
generic_sf,archetype,2025,2026_3,RB_vs_WR,RB,WR,3030,116440.6,113154.1,2.9
generic_sf,archetype,2025,2026_3,RB_vs_TE,RB,TE,2350,71640.9,46956,41.6
generic_sf,archetype,2025,2026_3,WR_vs_TE,WR,TE,2880,97451.8,60840,46.3
generic_sf,archetype,2025,2026_4,QB_vs_RB,QB,RB,1140,40295.5,111684.9,-93.9
generic_sf,archetype,2025,2026_4,QB_vs_WR,QB,WR,1720,71930.7,79388.8,-9.9
generic_sf,archetype,2025,2026_4,QB_vs_TE,QB,TE,890,27091.8,21060,25.1
generic_sf,archetype,2025,2026_4,RB_vs_WR,RB,WR,3030,189038.6,105423.7,56.8
generic_sf,archetype,2025,2026_4,RB_vs_TE,RB,TE,2350,122556.8,48796.5,86.1
generic_sf,archetype,2025,2026_4,WR_vs_TE,WR,TE,2880,90397.8,63341,35.2
generic_sf,archetype,2025,2026_5,QB_vs_RB,QB,RB,1140,48967.5,56061.8,-13.5
generic_sf,archetype,2025,2026_5,QB_vs_WR,QB,WR,1720,84487.7,91306.2,-7.8
generic_sf,archetype,2025,2026_5,QB_vs_TE,QB,TE,890,31782.8,17378.3,58.6
generic_sf,archetype,2025,2026_5,RB_vs_WR,RB,WR,3030,81962.7,124123.9,-40.9
generic_sf,archetype,2025,2026_5,RB_vs_TE,RB,TE,2350,48736.4,39060,22
generic_sf,archetype,2025,2026_5,WR_vs_TE,WR,TE,2880,107886.9,50380.9,72.7
generic_sf,archetype,2025,2026_6,QB_vs_RB,QB,RB,1140,50167.9,75205.4,-39.9
generic_sf,archetype,2025,2026_6,QB_vs_WR,QB,WR,1720,83308.1,94224.8,-12.3
generic_sf,archetype,2025,2026_6,QB_vs_TE,QB,TE,890,32236.6,26616.1,19.1
generic_sf,archetype,2025,2026_6,RB_vs_WR,RB,WR,3030,116433,129068.4,-10.3
generic_sf,archetype,2025,2026_6,RB_vs_TE,RB,TE,2350,71074.9,60915.4,15.4
generic_sf,archetype,2025,2026_6,WR_vs_TE,WR,TE,2880,111148.4,77064,36.2
generic_sf,archetype,2025,2026_7,QB_vs_RB,QB,RB,1140,47035.2,75877.6,-46.9
generic_sf,archetype,2025,2026_7,QB_vs_WR,QB,WR,1720,79176.5,97805,-21.1
generic_sf,archetype,2025,2026_7,QB_vs_TE,QB,TE,890,30107,25702.6,15.8
generic_sf,archetype,2025,2026_7,RB_vs_WR,RB,WR,3030,119585.5,135982.3,-12.8
generic_sf,archetype,2025,2026_7,RB_vs_TE,RB,TE,2350,73222.7,58025.6,23.2
generic_sf,archetype,2025,2026_7,WR_vs_TE,WR,TE,2880,118733.4,74007.8,46.4
