year,name,position,team,sleeper_id,overall_rank,bb_avg_adp,bb_stack_rank,bb_eff_rank,half_stack_rank,std_stack_rank,scoring_rank_shift,hwang_eff_rank,hwang_adjusted_adp,hwang_pos_rank,adp_delta,adp_source,scoring_source
2026,Jahmyr Gibbs,RB,DET,9221,1,1.0,1,1.0,1,1,0,1.0,1.0,1,0.0,fantasypros_bestball_2026_final_closing,fantasypros_half_2026_final_closing
2026,Bijan Robinson,RB,ATL,9509,2,2.0,2,1.37,2,2,0,2.0,2.0,2,0.0,fantasypros_bestball_2026_final_closing,fantasypros_half_2026_final_closing
2026,Ja'Marr Chase,WR,CIN,7564,3,3.0,1,1.0,1,1,0,1.0,3.0,1,0.0,fantasypros_bestball_2026_final_closing,fantasypros_half_2026_final_closing
2026,Puka Nacua,WR,LAR,9493,4,4.0,2,1.91,2,2,0,2.0,4.0,2,0.0,fantasypros_bestball_2026_final_closing,fantasypros_half_2026_final_closing
2026,Jaxon Smith-Njigba,WR,SEA,9488,5,5.2,3,2.86,3,3,0,3.0,5.2,3,0.0,fantasypros_bestball_2026_final_closing,fantasypros_half_2026_final_closing
2026,Christian McCaffrey,RB,SF,4034,6,6.4,3,3.52,3,3,0,3.0,6.4,3,0.0,fantasypros_bestball_2026_final_closing,fantasypros_half_2026_final_closing
2026,Amon-Ra St. Brown,WR,DET,7547,7,6.8,4,3.57,4,4,0,4.0,6.8,4,0.0,fantasypros_bestball_2026_final_closing,fantasypros_half_2026_final_closing
2026,Jonathan Taylor,RB,IND,6813,8,7.8,4,4.17,4,4,0,4.0,7.8,4,0.0,fantasypros_bestball_2026_final_closing,fantasypros_half_2026_final_closing
2026,James Cook III,RB,BUF,8138,9,8.8,5,4.42,5,5,0,5.0,8.8,5,0.0,fantasypros_bestball_2026_final_closing,fantasypros_half_2026_final_closing
2026,CeeDee Lamb,WR,DAL,6786,10,10.8,5,5.82,5,5,0,5.0,10.8,5,0.0,fantasypros_bestball_2026_final_closing,fantasypros_half_2026_final_closing
2026,Justin Jefferson,WR,MIN,6794,11,11.2,6,5.11,6,6,0,6.0,11.2,6,0.0,fantasypros_bestball_2026_final_closing,fantasypros_half_2026_final_closing
2026,Omarion Hampton,RB,LAC,12507,12,15.8,10,9.35,9,7,-2,7.35,14.2,6,-1.6,fantasypros_bestball_2026_final_closing,fantasypros_half_2026_final_closing
2026,De'Von Achane,RB,MIA,9226,13,15.0,8,8.71,7,6,-1,7.71,14.7,7,-0.3,fantasypros_bestball_2026_final_closing,fantasypros_half_2026_final_closing
2026,Derrick Henry,RB,BAL,3198,14,19.4,12,11.15,11,8,-3,8.15,15.0,8,-4.4,fantasypros_bestball_2026_final_closing,fantasypros_half_2026_final_closing
2026,Ashton Jeanty,RB,LV,12527,15,18.6,11,11.56,12,9,-3,8.56,15.1,9,-3.5,fantasypros_bestball_2026_final_closing,fantasypros_half_2026_final_closing
2026,Chase Brown,RB,CIN,9224,16,12.6,6,6.52,8,11,3,9.52,15.5,10,2.9,fantasypros_bestball_2026_final_closing,fantasypros_half_2026_final_closing
2026,Kenneth Walker III,RB,KC,8151,17,15.2,9,8.5,10,12,2,10.5,17.2,11,2.0,fantasypros_bestball_2026_final_closing,fantasypros_half_2026_final_closing
2026,Brock Bowers,TE,LV,11604,18,17.8,1,1.0,,,,1.0,17.8,1,,fantasypros_bestball_2026_final_closing,fantasypros_half_2026_final_closing
2026,A.J. Brown,WR,NE,5859,19,18.0,7,7.21,8,8,0,7.0,18.0,7,0.0,fantasypros_bestball_2026_final_closing,fantasypros_half_2026_final_closing
2026,Saquon Barkley,RB,PHI,4866,20,13.8,7,7.0,6,10,4,11.0,18.6,12,4.8,fantasypros_bestball_2026_final_closing,fantasypros_half_2026_final_closing
2026,Drake London,WR,ATL,8112,21,22.4,8,8.83,7,7,0,8.0,22.4,8,0.0,fantasypros_bestball_2026_final_closing,fantasypros_half_2026_final_closing
2026,Chris Olave,WR,NO,8144,22,23.6,11,10.18,11,9,-2,8.18,22.5,9,-1.1,fantasypros_bestball_2026_final_closing,fantasypros_half_2026_final_closing
2026,Nico Collins,WR,HOU,7569,23,22.8,9,8.8,9,10,1,9.8,23.3,10,0.5,fantasypros_bestball_2026_final_closing,fantasypros_half_2026_final_closing
2026,George Pickens,WR,DAL,8137,24,23.4,10,10.5,10,11,1,11.5,24.6,11,1.2,fantasypros_bestball_2026_final_closing,fantasypros_half_2026_final_closing
2026,Trey McBride,TE,ARI,8130,25,24.8,2,1.69,,,,2.0,24.8,2,,fantasypros_bestball_2026_final_closing,fantasypros_half_2026_final_closing
2026,Malik Nabers,WR,NYG,11632,26,25.6,12,11.69,12,12,0,12.0,25.6,12,0.0,fantasypros_bestball_2026_final_closing,fantasypros_half_2026_final_closing
2026,Rashee Rice,WR,KC,10229,27,29.8,14,13.24,14,13,-1,12.24,26.5,13,-3.3,fantasypros_bestball_2026_final_closing,fantasypros_half_2026_final_closing
2026,Josh Allen,QB,BUF,4984,28,27.6,1,1.0,,,,1.0,27.6,1,,fantasypros_bestball_2026_final_closing,fantasypros_half_2026_final_closing
2026,Garrett Wilson,WR,NYJ,8146,29,38.8,17,17.7,19,14,-5,12.7,28.3,14,-10.5,fantasypros_bestball_2026_final_closing,fantasypros_half_2026_final_closing
2026,Javonte Williams,RB,DAL,7588,30,29.0,13,13.75,15,15,0,13.0,29.0,13,0.0,fantasypros_bestball_2026_final_closing,fantasypros_half_2026_final_closing
2026,Kyren Williams,RB,LAR,8150,31,30.4,14,13.82,13,13,0,14.0,30.4,14,0.0,fantasypros_bestball_2026_final_closing,fantasypros_half_2026_final_closing
2026,Jeremiyah Love,RB,ARI,13287,32,32.4,15,14.67,14,14,0,15.0,32.4,15,0.0,fantasypros_bestball_2026_final_closing,fantasypros_half_2026_final_closing
2026,Luther Burden III,WR,CHI,12519,33,45.8,23,22.58,23,16,-7,15.58,34.3,15,-11.5,fantasypros_bestball_2026_final_closing,fantasypros_half_2026_final_closing
2026,Breece Hall,RB,NYJ,8155,34,36.4,16,16.67,16,16,0,16.0,36.4,16,0.0,fantasypros_bestball_2026_final_closing,fantasypros_half_2026_final_closing
2026,Travis Etienne Jr.,RB,NO,7543,35,37.2,17,16.25,17,17,0,17.0,37.2,17,0.0,fantasypros_bestball_2026_final_closing,fantasypros_half_2026_final_closing
2026,Colston Loveland,TE,CHI,12517,36,38.0,3,2.91,,,,3.0,38.0,3,,fantasypros_bestball_2026_final_closing,fantasypros_half_2026_final_closing
2026,Zay Flowers,WR,BAL,9997,37,32.8,15,15.07,15,17,2,17.07,38.8,16,6.0,fantasypros_bestball_2026_final_closing,fantasypros_half_2026_final_closing
2026,Tetairoa McMillan,WR,CAR,12526,38,44.0,22,21.36,18,15,-3,18.36,40.0,17,-4.0,fantasypros_bestball_2026_final_closing,fantasypros_half_2026_final_closing
2026,Jaylen Waddle,WR,DEN,7526,39,39.4,18,17.5,20,21,1,18.5,40.3,18,0.9,fantasypros_bestball_2026_final_closing,fantasypros_half_2026_final_closing
2026,DeVonta Smith,WR,PHI,7525,40,29.4,13,13.81,13,18,5,18.81,40.9,19,11.5,fantasypros_bestball_2026_final_closing,fantasypros_half_2026_final_closing
2026,DJ Moore,WR,BUF,4983,41,41.2,19,19.64,22,22,0,19.0,41.2,20,0.0,fantasypros_bestball_2026_final_closing,fantasypros_half_2026_final_closing
2026,Ladd McConkey,WR,LAC,11635,42,35.4,16,15.87,16,20,4,19.87,41.5,21,6.1,fantasypros_bestball_2026_final_closing,fantasypros_half_2026_final_closing
2026,Tee Higgins,WR,CIN,6801,43,41.6,20,19.33,17,19,2,21.33,43.7,22,2.1,fantasypros_bestball_2026_final_closing,fantasypros_half_2026_final_closing
2026,Jameson Williams,WR,DET,8148,44,50.2,24,24.22,26,25,-1,23.22,46.8,23,-3.4,fantasypros_bestball_2026_final_closing,fantasypros_half_2026_final_closing
2026,Bucky Irving,RB,TB,11584,45,50.6,21,21.2,20,18,-2,19.2,47.6,18,-3.0,fantasypros_bestball_2026_final_closing,fantasypros_half_2026_final_closing
2026,D'Andre Swift,RB,CHI,6790,46,42.8,18,18.1,19,21,2,20.1,48.4,19,5.6,fantasypros_bestball_2026_final_closing,fantasypros_half_2026_final_closing
2026,Quinshon Judkins,RB,CLE,12512,47,52.2,22,22.14,21,19,-2,20.14,48.5,20,-3.7,fantasypros_bestball_2026_final_closing,fantasypros_half_2026_final_closing
2026,Emeka Egbuka,WR,TB,12514,48,43.6,21,21.67,21,23,2,23.67,48.7,24,5.1,fantasypros_bestball_2026_final_closing,fantasypros_half_2026_final_closing
2026,David Montgomery,RB,HOU,5892,49,48.2,20,19.5,22,23,1,20.5,49.4,21,1.2,fantasypros_bestball_2026_final_closing,fantasypros_half_2026_final_closing
2026,Bhayshul Tuten,RB,JAC,12490,50,53.4,23,23.0,24,22,-2,21.0,50.6,22,-2.8,fantasypros_bestball_2026_final_closing,fantasypros_half_2026_final_closing
2026,Lamar Jackson,QB,BAL,4881,51,51.0,2,2.59,,,,2.0,51.0,2,,fantasypros_bestball_2026_final_closing,fantasypros_half_2026_final_closing
2026,Cam Skattebo,RB,NYG,12481,52,47.4,19,19.7,18,20,2,21.7,51.7,23,4.3,fantasypros_bestball_2026_final_closing,fantasypros_half_2026_final_closing
2026,Davante Adams,WR,LAR,2133,53,53.0,25,25.56,25,24,-1,24.56,51.8,25,-1.2,fantasypros_bestball_2026_final_closing,fantasypros_half_2026_final_closing
2026,Tyler Warren,TE,IND,12518,54,53.8,4,3.99,,,,4.0,53.8,4,,fantasypros_bestball_2026_final_closing,fantasypros_half_2026_final_closing
2026,Parker Washington,WR,JAC,9487,55,53.8,26,25.5,29,30,1,26.5,55.0,26,1.2,fantasypros_bestball_2026_final_closing,fantasypros_half_2026_final_closing
2026,Christian Watson,WR,GB,8167,56,58.0,28,28.29,28,27,-1,27.29,56.7,27,-1.3,fantasypros_bestball_2026_final_closing,fantasypros_half_2026_final_closing
2026,Joe Burrow,QB,CIN,6770,57,57.0,3,3.43,,,,3.0,57.0,3,,fantasypros_bestball_2026_final_closing,fantasypros_half_2026_final_closing
2026,RJ Harvey,RB,DEN,12489,58,84.2,31,31.38,35,28,-7,24.38,57.9,24,-26.3,fantasypros_bestball_2026_final_closing,fantasypros_half_2026_final_closing
2026,Mike Evans,WR,SF,2216,59,63.6,30,29.85,30,29,-1,28.85,58.9,28,-4.7,fantasypros_bestball_2026_final_closing,fantasypros_half_2026_final_closing
2026,TreVeyon Henderson,RB,NE,12529,60,64.8,26,25.55,25,24,-1,24.55,59.3,25,-5.5,fantasypros_bestball_2026_final_closing,fantasypros_half_2026_final_closing
2026,Drake Maye,QB,NE,11564,61,59.4,4,3.36,,,,4.0,59.4,4,,fantasypros_bestball_2026_final_closing,fantasypros_half_2026_final_closing
2026,Terry McLaurin,WR,WAS,5927,62,56.2,27,27.14,24,26,2,29.14,59.6,29,3.4,fantasypros_bestball_2026_final_closing,fantasypros_half_2026_final_closing
2026,Jaylen Warren,RB,PIT,8228,63,69.0,27,26.68,27,25,-2,24.68,60.4,26,-8.6,fantasypros_bestball_2026_final_closing,fantasypros_half_2026_final_closing
2026,Rome Odunze,WR,CHI,11620,64,59.0,29,28.36,27,28,1,29.36,60.7,30,1.7,fantasypros_bestball_2026_final_closing,fantasypros_half_2026_final_closing
2026,Rhamondre Stevenson,RB,NE,7611,65,63.2,25,25.69,26,26,0,25.0,63.2,27,0.0,fantasypros_bestball_2026_final_closing,fantasypros_half_2026_final_closing
2026,Tucker Kraft,TE,GB,9484,66,69.8,5,5.1,,,,5.0,69.8,5,,fantasypros_bestball_2026_final_closing,fantasypros_half_2026_final_closing
2026,Caleb Williams,QB,CHI,11560,67,70.4,5,5.62,,,,5.0,70.4,5,,fantasypros_bestball_2026_final_closing,fantasypros_half_2026_final_closing
2026,Michael Wilson,WR,ARI,10232,68,79.2,36,35.57,36,32,-4,31.57,72.2,31,-7.0,fantasypros_bestball_2026_final_closing,fantasypros_half_2026_final_closing
2026,Jayden Daniels,QB,WAS,11566,69,73.0,6,6.24,,,,6.0,73.0,6,,fantasypros_bestball_2026_final_closing,fantasypros_half_2026_final_closing
2026,Carnell Tate,WR,TEN,13279,70,75.8,33,33.0,32,31,-1,32.0,74.0,32,-1.8,fantasypros_bestball_2026_final_closing,fantasypros_half_2026_final_closing
2026,Wan'Dale Robinson,WR,TEN,8126,71,100.8,44,43.0,49,38,-11,32.0,74.0,33,-26.8,fantasypros_bestball_2026_final_closing,fantasypros_half_2026_final_closing
2026,Jalen Hurts,QB,PHI,6904,72,74.6,7,6.59,,,,7.0,74.6,7,,fantasypros_bestball_2026_final_closing,fantasypros_half_2026_final_closing
2026,Courtland Sutton,WR,DEN,5045,73,81.8,38,37.11,37,33,-4,33.11,76.0,34,-5.8,fantasypros_bestball_2026_final_closing,fantasypros_half_2026_final_closing
2026,Chris Godwin Jr.,WR,TB,4037,74,74.0,32,32.4,35,36,1,33.4,76.5,35,2.5,fantasypros_bestball_2026_final_closing,fantasypros_half_2026_final_closing
2026,Dak Prescott,QB,DAL,3294,75,78.4,8,8.06,,,,8.0,78.4,8,,fantasypros_bestball_2026_final_closing,fantasypros_half_2026_final_closing
2026,Marvin Harrison Jr.,WR,ARI,11628,76,69.8,31,31.19,31,35,4,35.19,78.6,36,8.8,fantasypros_bestball_2026_final_closing,fantasypros_half_2026_final_closing
2026,Brian Thomas Jr.,WR,JAC,11631,77,77.6,34,34.38,34,37,3,37.38,81.4,37,3.8,fantasypros_bestball_2026_final_closing,fantasypros_half_2026_final_closing
2026,Justin Herbert,QB,LAC,6797,78,81.8,9,9.21,,,,9.0,81.8,9,,fantasypros_bestball_2026_final_closing,fantasypros_half_2026_final_closing
2026,MarShawn Lloyd,RB,GB,11581,79,85.2,32,31.83,32,30,-2,29.83,81.8,28,-3.4,fantasypros_bestball_2026_final_closing,fantasypros_half_2026_final_closing
2026,Rico Dowdle,RB,PIT,7021,80,82.0,30,29.62,29,29,0,30.0,82.0,29,0.0,fantasypros_bestball_2026_final_closing,fantasypros_half_2026_final_closing
2026,Kyle Pitts Sr.,TE,ATL,7553,81,83.0,6,6.65,,,,6.0,83.0,6,,fantasypros_bestball_2026_final_closing,fantasypros_half_2026_final_closing
2026,Blake Corum,RB,LAR,11586,82,86.6,33,32.67,36,34,-2,30.67,83.5,30,-3.1,fantasypros_bestball_2026_final_closing,fantasypros_half_2026_final_closing
2026,Trevor Lawrence,QB,JAC,7523,83,84.0,10,9.21,,,,10.0,84.0,10,,fantasypros_bestball_2026_final_closing,fantasypros_half_2026_final_closing
2026,Jadarian Price,RB,SEA,13286,84,54.6,24,23.24,23,31,8,31.24,84.4,31,29.8,fantasypros_bestball_2026_final_closing,fantasypros_half_2026_final_closing
2026,Tony Pollard,RB,TEN,5967,85,81.0,29,29.58,30,32,2,31.58,84.8,32,3.8,fantasypros_bestball_2026_final_closing,fantasypros_half_2026_final_closing
2026,Sam LaPorta,TE,DET,10859,86,85.8,7,6.93,,,,7.0,85.8,7,,fantasypros_bestball_2026_final_closing,fantasypros_half_2026_final_closing
2026,Josh Jacobs,RB,GB,5850,87,89.4,34,34.33,28,27,-1,33.33,87.5,33,-1.9,fantasypros_bestball_2026_final_closing,fantasypros_half_2026_final_closing
2026,DK Metcalf,WR,PIT,5846,88,81.2,37,37.54,33,34,1,38.54,87.6,38,6.4,fantasypros_bestball_2026_final_closing,fantasypros_half_2026_final_closing
2026,Harold Fannin Jr.,TE,CLE,12506,89,89.0,8,7.48,,,,8.0,89.0,8,,fantasypros_bestball_2026_final_closing,fantasypros_half_2026_final_closing
2026,Kenny Gainwell,RB,TB,7567,90,95.8,36,36.22,40,38,-2,34.22,89.7,34,-6.1,fantasypros_bestball_2026_final_closing,fantasypros_half_2026_final_closing
2026,Jordan Mason,RB,MIN,8408,91,90.8,35,34.44,37,37,0,35.0,90.8,35,0.0,fantasypros_bestball_2026_final_closing,fantasypros_half_2026_final_closing
2026,Quentin Johnston,WR,LAC,9754,92,78.4,35,35.0,39,43,4,39.0,92.6,39,14.2,fantasypros_bestball_2026_final_closing,fantasypros_half_2026_final_closing
2026,Jakobi Meyers,WR,JAC,5947,93,125.2,52,51.62,52,40,-12,39.62,93.0,40,-32.2,fantasypros_bestball_2026_final_closing,fantasypros_half_2026_final_closing
2026,Michael Pittman Jr.,WR,PIT,6819,94,100.8,43,44.0,46,44,-2,42.0,97.6,41,-3.2,fantasypros_bestball_2026_final_closing,fantasypros_half_2026_final_closing
2026,Alec Pierce,WR,IND,8142,95,96.2,41,41.36,38,39,1,42.36,98.8,42,2.6,fantasypros_bestball_2026_final_closing,fantasypros_half_2026_final_closing
2026,George Kittle,TE,SF,4217,96,99.0,9,9.09,,,,9.0,99.0,9,,fantasypros_bestball_2026_final_closing,fantasypros_half_2026_final_closing
2026,Josh Downs,WR,IND,9500,97,97.6,42,41.61,44,45,1,42.61,99.6,43,2.0,fantasypros_bestball_2026_final_closing,fantasypros_half_2026_final_closing
2026,Kyle Monangai,RB,CHI,12534,98,117.8,40,40.74,39,36,-3,37.74,100.8,36,-17.0,fantasypros_bestball_2026_final_closing,fantasypros_half_2026_final_closing
2026,Jordan Addison,WR,MIN,9756,99,102.4,46,45.34,43,42,-1,44.34,100.9,44,-1.5,fantasypros_bestball_2026_final_closing,fantasypros_half_2026_final_closing
2026,Romeo Doubs,WR,NE,8121,100,120.4,50,50.55,55,49,-6,44.55,100.9,45,-19.5,fantasypros_bestball_2026_final_closing,fantasypros_half_2026_final_closing
2026,Jayden Reed,WR,GB,10222,101,92.6,39,39.89,41,46,5,44.89,101.0,46,8.4,fantasypros_bestball_2026_final_closing,fantasypros_half_2026_final_closing
2026,Chuba Hubbard,RB,CAR,7594,102,101.4,38,39.0,33,33,0,38.0,101.4,37,0.0,fantasypros_bestball_2026_final_closing,fantasypros_half_2026_final_closing
2026,J.K. Dobbins,RB,DEN,6806,103,99.0,37,37.14,34,35,1,38.14,101.4,38,2.4,fantasypros_bestball_2026_final_closing,fantasypros_half_2026_final_closing
2026,Jacory Croskey-Merritt,RB,WAS,12533,104,101.4,39,38.0,38,39,1,39.0,101.4,39,0.0,fantasypros_bestball_2026_final_closing,fantasypros_half_2026_final_closing
2026,Jared Goff,QB,DET,3163,105,102.8,11,11.98,,,,11.0,102.8,11,,fantasypros_bestball_2026_final_closing,fantasypros_half_2026_final_closing
2026,Matthew Stafford,QB,LAR,421,106,103.0,12,11.14,,,,12.0,103.0,12,,fantasypros_bestball_2026_final_closing,fantasypros_half_2026_final_closing
2026,Bo Nix,QB,DEN,11563,107,105.6,14,13.0,,,,14.0,105.6,13,,fantasypros_bestball_2026_final_closing,fantasypros_half_2026_final_closing
2026,Patrick Mahomes II,QB,KC,4046,108,105.6,13,14.0,,,,13.0,105.6,14,,fantasypros_bestball_2026_final_closing,fantasypros_half_2026_final_closing
2026,Brock Purdy,QB,SF,8183,109,106.2,15,14.4,,,,15.0,106.2,15,,fantasypros_bestball_2026_final_closing,fantasypros_half_2026_final_closing
2026,Isaiah Likely,TE,NYG,8131,110,107.4,10,10.62,,,,10.0,107.4,10,,fantasypros_bestball_2026_final_closing,fantasypros_half_2026_final_closing
2026,Jaxson Dart,QB,NYG,12508,111,108.6,16,15.3,,,,16.0,108.6,16,,fantasypros_bestball_2026_final_closing,fantasypros_half_2026_final_closing
2026,Dalton Kincaid,TE,BUF,10236,112,109.4,11,10.53,,,,11.0,109.4,11,,fantasypros_bestball_2026_final_closing,fantasypros_half_2026_final_closing
2026,Jalen Coker,WR,CAR,11646,113,129.2,53,53.43,58,53,-5,48.43,110.2,47,-19.0,fantasypros_bestball_2026_final_closing,fantasypros_half_2026_final_closing
2026,Jordyn Tyson,WR,NO,13281,114,135.0,55,56.0,48,41,-7,49.0,110.2,48,-24.8,fantasypros_bestball_2026_final_closing,fantasypros_half_2026_final_closing
2026,Stefon Diggs,WR,WAS,2449,115,101.0,45,44.25,42,47,5,49.25,112.8,49,11.8,fantasypros_bestball_2026_final_closing,fantasypros_half_2026_final_closing
2026,Xavier Worthy,WR,KC,11624,116,123.4,51,51.25,53,51,-2,49.25,112.8,50,-10.6,fantasypros_bestball_2026_final_closing,fantasypros_half_2026_final_closing
2026,Khalil Shakir,WR,BUF,8134,117,138.4,57,56.47,59,52,-7,49.47,115.0,51,-23.4,fantasypros_bestball_2026_final_closing,fantasypros_half_2026_final_closing
2026,Travis Kelce,TE,KC,1466,118,115.0,12,12.37,,,,12.0,115.0,12,,fantasypros_bestball_2026_final_closing,fantasypros_half_2026_final_closing
2026,Dallas Goedert,TE,PHI,5022,119,117.6,13,12.45,,,,13.0,117.6,13,,fantasypros_bestball_2026_final_closing,fantasypros_half_2026_final_closing
2026,Tyler Allgeier,RB,ARI,8132,120,133.8,46,45.74,46,41,-5,40.74,119.6,40,-14.2,fantasypros_bestball_2026_final_closing,fantasypros_half_2026_final_closing
2026,Jonathon Brooks,RB,CAR,11583,121,77.2,28,28.37,31,44,13,41.37,122.1,41,44.9,fantasypros_bestball_2026_final_closing,fantasypros_half_2026_final_closing
2026,Jordan Love,QB,GB,6804,122,122.2,17,17.86,,,,17.0,122.2,17,,fantasypros_bestball_2026_final_closing,fantasypros_half_2026_final_closing
2026,Kyler Murray,QB,MIN,5849,123,123.2,18,17.56,,,,18.0,123.2,18,,fantasypros_bestball_2026_final_closing,fantasypros_half_2026_final_closing
2026,KC Concepcion,WR,CLE,13298,124,110.2,49,48.0,47,50,3,51.0,123.4,52,13.2,fantasypros_bestball_2026_final_closing,fantasypros_half_2026_final_closing
2026,Aaron Jones Sr.,RB,MIN,4199,125,128.4,44,44.03,42,40,-2,42.03,125.2,42,-3.2,fantasypros_bestball_2026_final_closing,fantasypros_half_2026_final_closing
2026,Makai Lemon,WR,PHI,13294,126,110.2,48,49.0,45,48,3,52.0,125.2,53,15.0,fantasypros_bestball_2026_final_closing,fantasypros_half_2026_final_closing
2026,Troy Franklin,WR,DEN,11627,127,239.3,88,87.99,105,69,-36,51.99,125.2,54,-114.1,fantasypros_bestball_2026_final_closing,fantasypros_half_2026_final_closing
2026,Woody Marks,RB,HOU,12474,128,131.2,45,45.04,45,42,-3,42.04,125.2,43,-6.0,fantasypros_bestball_2026_final_closing,fantasypros_half_2026_final_closing
2026,Rachaad White,RB,WAS,8136,129,120.2,41,40.65,43,45,2,42.65,125.3,44,5.1,fantasypros_bestball_2026_final_closing,fantasypros_half_2026_final_closing
2026,Tyjae Spears,RB,TEN,9508,130,144.6,49,48.35,55,49,-6,42.35,125.3,45,-19.3,fantasypros_bestball_2026_final_closing,fantasypros_half_2026_final_closing
2026,Baker Mayfield,QB,TB,4892,131,125.8,19,18.68,,,,19.0,125.8,19,,fantasypros_bestball_2026_final_closing,fantasypros_half_2026_final_closing
2026,Jake Ferguson,TE,DAL,8110,132,126.6,14,14.61,,,,14.0,126.6,14,,fantasypros_bestball_2026_final_closing,fantasypros_half_2026_final_closing
2026,Dontayvion Wicks,WR,PHI,9486,133,156.4,61,60.5,63,55,-8,52.5,127.2,55,-29.2,fantasypros_bestball_2026_final_closing,fantasypros_half_2026_final_closing
2026,Juwan Johnson,TE,NO,7002,134,128.8,15,14.69,,,,15.0,128.8,15,,fantasypros_bestball_2026_final_closing,fantasypros_half_2026_final_closing
2026,Jauan Jennings,WR,MIN,7049,135,180.4,71,71.1,76,58,-18,53.1,129.4,56,-51.0,fantasypros_bestball_2026_final_closing,fantasypros_half_2026_final_closing
2026,Matthew Golden,WR,GB,12501,136,109.2,47,47.74,50,56,6,53.74,130.4,57,21.2,fantasypros_bestball_2026_final_closing,fantasypros_half_2026_final_closing
2026,Tyler Shough,QB,NO,12545,137,130.8,20,20.04,,,,20.0,130.8,20,,fantasypros_bestball_2026_final_closing,fantasypros_half_2026_final_closing
2026,Mark Andrews,TE,BAL,5012,138,133.0,16,15.4,,,,16.0,133.0,16,,fantasypros_bestball_2026_final_closing,fantasypros_half_2026_final_closing
2026,Malik Willis,QB,MIA,8161,139,135.4,21,20.69,,,,21.0,135.4,21,,fantasypros_bestball_2026_final_closing,fantasypros_half_2026_final_closing
2026,Denzel Boston,WR,CLE,13346,140,154.4,60,60.26,64,60,-4,56.26,135.9,58,-18.5,fantasypros_bestball_2026_final_closing,fantasypros_half_2026_final_closing
2026,Deebo Samuel Sr.,WR,SF,5872,141,130.8,54,53.55,51,54,3,56.55,136.9,59,6.1,fantasypros_bestball_2026_final_closing,fantasypros_half_2026_final_closing
2026,Jonah Coleman,RB,DEN,13345,142,138.2,47,47.02,47,47,0,47.0,138.2,46,0.0,fantasypros_bestball_2026_final_closing,fantasypros_half_2026_final_closing
2026,Zach Charbonnet,RB,SEA,9753,143,156.2,52,51.19,50,46,-4,47.19,139.0,47,-17.2,fantasypros_bestball_2026_final_closing,fantasypros_half_2026_final_closing
2026,Sam Darnold,QB,SEA,4943,144,144.2,22,22.52,,,,22.0,144.2,22,,fantasypros_bestball_2026_final_closing,fantasypros_half_2026_final_closing
2026,Emmett Johnson,RB,KC,13337,145,155.6,51,51.14,54,52,-2,49.14,146.0,48,-9.6,fantasypros_bestball_2026_final_closing,fantasypros_half_2026_final_closing
2026,Daniel Jones,QB,IND,5870,146,147.0,23,22.56,,,,23.0,147.0,23,,fantasypros_bestball_2026_final_closing,fantasypros_half_2026_final_closing
2026,Keaton Mitchell,RB,LAC,9511,147,142.4,48,48.31,56,57,1,49.31,147.8,49,5.4,fantasypros_bestball_2026_final_closing,fantasypros_half_2026_final_closing
2026,Rashid Shaheed,WR,SEA,8676,148,135.0,56,55.0,54,57,3,58.0,149.4,60,14.4,fantasypros_bestball_2026_final_closing,fantasypros_half_2026_final_closing
2026,Brenton Strange,TE,JAC,9480,149,150.0,17,17.87,,,,17.0,150.0,17,,fantasypros_bestball_2026_final_closing,fantasypros_half_2026_final_closing
2026,Adonai Mitchell,WR,NYJ,11625,150,170.2,68,67.64,77,68,-9,58.64,150.4,61,-19.8,fantasypros_bestball_2026_final_closing,fantasypros_half_2026_final_closing
2026,Chig Okonkwo,TE,WAS,8210,151,151.2,18,17.86,,,,18.0,151.2,18,,fantasypros_bestball_2026_final_closing,fantasypros_half_2026_final_closing
2026,Hunter Henry,TE,NE,3214,152,152.8,19,19.78,,,,19.0,152.8,19,,fantasypros_bestball_2026_final_closing,fantasypros_half_2026_final_closing
2026,Terrance Ferguson,TE,LAR,12487,153,153.0,20,19.05,,,,20.0,153.0,20,,fantasypros_bestball_2026_final_closing,fantasypros_half_2026_final_closing
2026,C.J. Stroud,QB,HOU,9758,154,154.2,24,23.79,,,,24.0,154.2,24,,fantasypros_bestball_2026_final_closing,fantasypros_half_2026_final_closing
2026,Dylan Sampson,RB,CLE,12469,155,161.8,53,53.3,59,56,-3,50.3,155.0,50,-6.8,fantasypros_bestball_2026_final_closing,fantasypros_half_2026_final_closing
2026,Brian Robinson Jr.,RB,ATL,8154,156,171.2,55,55.49,48,43,-5,50.49,155.2,51,-16.0,fantasypros_bestball_2026_final_closing,fantasypros_half_2026_final_closing
2026,Chris Rodriguez Jr.,RB,JAC,10219,157,125.2,42,42.92,44,53,9,51.92,156.2,52,31.0,fantasypros_bestball_2026_final_closing,fantasypros_half_2026_final_closing
2026,Mike Washington Jr.,RB,LV,13305,158,125.4,43,42.12,41,51,10,52.12,156.9,53,31.5,fantasypros_bestball_2026_final_closing,fantasypros_half_2026_final_closing
2026,De'Zhaun Stribling,WR,SF,13417,159,93.2,40,39.33,40,62,22,61.33,158.4,62,65.2,fantasypros_bestball_2026_final_closing,fantasypros_half_2026_final_closing
2026,Tre' Harris,WR,LAC,12509,160,168.8,67,66.44,78,73,-5,61.44,159.0,63,-9.8,fantasypros_bestball_2026_final_closing,fantasypros_half_2026_final_closing
2026,Dalton Schultz,TE,HOU,5001,161,160.8,21,20.99,,,,21.0,160.8,21,,fantasypros_bestball_2026_final_closing,fantasypros_half_2026_final_closing
2026,Tyrone Tracy Jr.,RB,NYG,11655,162,173.4,56,55.88,52,50,-2,53.88,164.4,54,-9.0,fantasypros_bestball_2026_final_closing,fantasypros_half_2026_final_closing
2026,Cam Ward,QB,TEN,12522,163,165.2,25,25.29,,,,25.0,165.2,25,,fantasypros_bestball_2026_final_closing,fantasypros_half_2026_final_closing
2026,Ja'Kobi Lane,WR,BAL,13293,164,151.0,59,58.64,56,61,5,63.64,166.4,64,15.4,fantasypros_bestball_2026_final_closing,fantasypros_half_2026_final_closing
2026,Jalen McMillan,WR,TB,11618,165,167.6,65,65.2,69,67,-2,63.2,166.4,65,-1.2,fantasypros_bestball_2026_final_closing,fantasypros_half_2026_final_closing
2026,Tre Tucker,WR,LV,10213,166,149.4,58,58.75,60,65,5,63.75,166.4,66,17.0,fantasypros_bestball_2026_final_closing,fantasypros_half_2026_final_closing
2026,Kayshon Boutte,WR,HOU,9504,167,162.4,62,62.2,57,59,2,64.2,166.6,67,4.2,fantasypros_bestball_2026_final_closing,fantasypros_half_2026_final_closing
2026,T.J. Hockenson,TE,MIN,5844,168,168.8,22,21.69,,,,22.0,168.8,22,,fantasypros_bestball_2026_final_closing,fantasypros_half_2026_final_closing
2026,Malik Washington,WR,MIA,11610,169,168.4,66,66.33,65,66,1,67.33,169.3,68,0.9,fantasypros_bestball_2026_final_closing,fantasypros_half_2026_final_closing
2026,Pat Bryant,WR,DEN,12492,170,182.2,72,72.06,80,76,-4,68.06,170.4,69,-11.8,fantasypros_bestball_2026_final_closing,fantasypros_half_2026_final_closing
2026,Bryce Young,QB,CAR,9228,171,171.2,26,25.78,,,,26.0,171.2,26,,fantasypros_bestball_2026_final_closing,fantasypros_half_2026_final_closing
2026,Kaelon Black,RB,SF,13414,172,164.8,54,53.64,53,55,2,55.64,172.6,55,7.8,fantasypros_bestball_2026_final_closing,fantasypros_half_2026_final_closing
2026,Kimani Vidal,RB,LAC,11647,173,195.4,61,61.02,68,63,-5,56.02,173.5,56,-21.9,fantasypros_bestball_2026_final_closing,fantasypros_half_2026_final_closing
2026,Tank Bigsby,RB,PHI,9225,174,154.8,50,50.85,51,58,7,57.85,178.1,57,23.3,fantasypros_bestball_2026_final_closing,fantasypros_half_2026_final_closing
2026,Jerry Jeudy,WR,CLE,6783,175,191.4,77,76.7,70,64,-6,70.7,179.7,70,-11.7,fantasypros_bestball_2026_final_closing,fantasypros_half_2026_final_closing
2026,Cyrus Allen,WR,KC,13413,176,173.2,69,68.75,68,70,2,70.75,179.8,71,6.6,fantasypros_bestball_2026_final_closing,fantasypros_half_2026_final_closing
2026,Jacoby Brissett,QB,ARI,3257,177,180.6,27,27.88,,,,27.0,180.6,27,,fantasypros_bestball_2026_final_closing,fantasypros_half_2026_final_closing
2026,Aaron Rodgers,QB,PIT,96,178,181.2,28,27.14,,,,28.0,181.2,28,,fantasypros_bestball_2026_final_closing,fantasypros_half_2026_final_closing
2026,Omar Cooper Jr.,WR,NYJ,13276,179,188.4,75,75.64,67,63,-4,71.64,181.6,72,-6.8,fantasypros_bestball_2026_final_closing,fantasypros_half_2026_final_closing
2026,Caleb Douglas,WR,MIA,13296,180,183.8,73,72.73,72,72,0,73.0,183.8,73,0.0,fantasypros_bestball_2026_final_closing,fantasypros_half_2026_final_closing
2026,Kenyon Sadiq,TE,NYJ,13330,181,184.0,23,23.71,,,,23.0,184.0,23,,fantasypros_bestball_2026_final_closing,fantasypros_half_2026_final_closing
2026,Calvin Ridley,WR,TEN,4981,182,204.6,82,81.3,86,78,-8,73.3,184.6,74,-20.0,fantasypros_bestball_2026_final_closing,fantasypros_half_2026_final_closing
2026,Braelon Allen,RB,NYJ,11576,183,176.2,57,57.12,57,59,2,59.12,184.9,58,8.7,fantasypros_bestball_2026_final_closing,fantasypros_half_2026_final_closing
2026,AJ Barner,TE,SEA,11603,184,186.6,24,24.0,,,,24.0,186.6,24,,fantasypros_bestball_2026_final_closing,fantasypros_half_2026_final_closing
2026,Ryan Flournoy,WR,DAL,11783,185,178.2,70,70.39,83,88,5,75.39,188.6,75,10.4,fantasypros_bestball_2026_final_closing,fantasypros_half_2026_final_closing
2026,Jalen Nailor,WR,LV,8180,186,166.4,64,63.0,62,75,13,76.0,188.8,76,22.4,fantasypros_bestball_2026_final_closing,fantasypros_half_2026_final_closing
2026,Geno Smith,QB,NYJ,1373,187,189.0,29,28.82,,,,29.0,189.0,29,,fantasypros_bestball_2026_final_closing,fantasypros_half_2026_final_closing
2026,Greg Dulcich,TE,MIA,8172,188,189.2,25,24.42,,,,25.0,189.2,25,,fantasypros_bestball_2026_final_closing,fantasypros_half_2026_final_closing
2026,Justice Hill,RB,BAL,5995,189,204.8,64,64.08,64,60,-4,60.08,190.6,59,-14.2,fantasypros_bestball_2026_final_closing,fantasypros_half_2026_final_closing
2026,Malik Davis,RB,DAL,8800,190,190.2,60,60.07,61,62,1,61.07,195.8,60,5.6,fantasypros_bestball_2026_final_closing,fantasypros_half_2026_final_closing
2026,Oronde Gadsden II,TE,LAC,12493,191,199.0,26,26.96,,,,26.0,199.0,26,,fantasypros_bestball_2026_final_closing,fantasypros_half_2026_final_closing
2026,Cade Otton,TE,TB,8111,192,199.2,27,26.09,,,,27.0,199.2,27,,fantasypros_bestball_2026_final_closing,fantasypros_half_2026_final_closing
2026,Fernando Mendoza,QB,LV,13269,193,200.2,30,29.81,,,,30.0,200.2,30,,fantasypros_bestball_2026_final_closing,fantasypros_half_2026_final_closing
2026,Ted Hurst III,WR,TB,13317,194,201.0,79,79.78,84,84,0,79.0,201.0,77,0.0,fantasypros_bestball_2026_final_closing,fantasypros_half_2026_final_closing
2026,Antonio Williams,WR,WAS,13301,195,228.8,87,86.96,90,83,-7,79.96,201.6,78,-27.2,fantasypros_bestball_2026_final_closing,fantasypros_half_2026_final_closing
2026,Ray Davis,RB,BUF,11575,196,178.4,58,57.55,58,64,6,63.55,202.9,61,24.5,fantasypros_bestball_2026_final_closing,fantasypros_half_2026_final_closing
2026,Darnell Mooney,WR,NYG,7090,197,255.0,91,90.25,98,89,-9,81.25,203.2,79,-51.8,fantasypros_bestball_2026_final_closing,fantasypros_half_2026_final_closing
2026,Pat Freiermuth,TE,PIT,7600,198,203.6,28,28.33,,,,28.0,203.6,28,,fantasypros_bestball_2026_final_closing,fantasypros_half_2026_final_closing
2026,Alvin Kamara,RB,NO,4035,199,184.2,59,58.98,49,54,5,63.98,204.7,62,20.5,fantasypros_bestball_2026_final_closing,fantasypros_half_2026_final_closing
2026,Gunnar Helm,TE,TEN,12502,200,205.8,29,28.32,,,,29.0,205.8,29,,fantasypros_bestball_2026_final_closing,fantasypros_half_2026_final_closing
2026,George Holani,RB,SEA,12048,201,200.6,63,62.09,62,66,4,66.09,209.4,63,8.8,fantasypros_bestball_2026_final_closing,fantasypros_half_2026_final_closing
2026,Keenan Allen,WR,IND,1479,202,166.4,63,64.0,61,80,19,83.0,215.0,80,48.6,fantasypros_bestball_2026_final_closing,fantasypros_half_2026_final_closing
2026,Michael Penix Jr.,QB,ATL,11559,203,216.8,31,31.57,,,,31.0,216.8,31,,fantasypros_bestball_2026_final_closing,fantasypros_half_2026_final_closing
2026,David Njoku,TE,LAC,4033,204,217.2,30,30.55,,,,30.0,217.2,30,,fantasypros_bestball_2026_final_closing,fantasypros_half_2026_final_closing
2026,Sean Tucker,RB,TB,9506,205,223.2,72,71.59,73,70,-3,68.59,220.0,64,-3.2,fantasypros_bestball_2026_final_closing,fantasypros_half_2026_final_closing
2026,Colby Parkinson,TE,LAR,6865,206,220.5,31,30.26,,,,31.0,220.5,31,,fantasypros_bestball_2026_final_closing,fantasypros_half_2026_final_closing
2026,Kaytron Allen,RB,WAS,13405,207,218.8,68,68.23,71,72,1,69.23,220.9,65,2.1,fantasypros_bestball_2026_final_closing,fantasypros_half_2026_final_closing
2026,Isiah Pacheco,RB,DET,8205,208,208.8,66,65.11,60,65,5,70.11,221.4,66,12.6,fantasypros_bestball_2026_final_closing,fantasypros_half_2026_final_closing
2026,Kirk Cousins,QB,LV,1166,209,221.4,32,31.53,,,,32.0,221.4,32,,fantasypros_bestball_2026_final_closing,fantasypros_half_2026_final_closing
2026,Najee Harris,RB,NYG,7528,210,200.4,62,62.92,66,73,7,69.92,221.4,67,21.0,fantasypros_bestball_2026_final_closing,fantasypros_half_2026_final_closing
2026,Kaleb Johnson,RB,GB,12504,211,208.4,65,65.8,63,68,5,70.8,221.6,68,13.2,fantasypros_bestball_2026_final_closing,fantasypros_half_2026_final_closing
2026,Malachi Fields,WR,NYG,13285,212,188.8,76,75.27,71,82,11,86.27,221.8,81,33.0,fantasypros_bestball_2026_final_closing,fantasypros_half_2026_final_closing
2026,James Conner,RB,ARI,4137,213,284.5,86,86.83,75,61,-14,72.83,226.4,69,-58.1,fantasypros_bestball_2026_final_closing,fantasypros_half_2026_final_closing
2026,Nicholas Singleton,RB,TEN,13288,214,215.6,67,67.36,67,74,7,74.36,229.1,70,13.5,fantasypros_bestball_2026_final_closing,fantasypros_half_2026_final_closing
2026,Chris Bell,WR,MIA,13311,215,186.6,74,74.22,66,79,13,87.22,231.1,82,44.5,fantasypros_bestball_2026_final_closing,fantasypros_half_2026_final_closing
2026,Zachariah Branch,WR,ATL,13320,216,215.8,84,83.38,87,91,4,87.38,232.8,83,17.0,fantasypros_bestball_2026_final_closing,fantasypros_half_2026_final_closing
2026,Tua Tagovailoa,QB,ATL,6768,217,234.0,33,32.57,,,,33.0,234.0,33,,fantasypros_bestball_2026_final_closing,fantasypros_half_2026_final_closing
2026,Jaydon Blue,RB,PHI,12457,218,220.8,69,69.54,72,79,7,76.54,239.3,71,18.5,fantasypros_bestball_2026_final_closing,fantasypros_half_2026_final_closing
2026,Jake Tonges,TE,SF,8698,219,243.0,32,32.7,,,,32.0,243.0,32,,fantasypros_bestball_2026_final_closing,fantasypros_half_2026_final_closing
2026,Demond Claiborne,RB,MIN,13347,220,229.2,75,74.11,80,83,3,77.11,246.1,72,16.9,fantasypros_bestball_2026_final_closing,fantasypros_half_2026_final_closing
2026,Evan Engram,TE,DEN,4066,221,247.0,33,32.36,,,,33.0,247.0,33,,fantasypros_bestball_2026_final_closing,fantasypros_half_2026_final_closing
2026,Samaje Perine,RB,CIN,4147,222,221.6,71,70.22,78,85,7,77.22,247.5,73,25.9,fantasypros_bestball_2026_final_closing,fantasypros_half_2026_final_closing
2026,Devaughn Vele,WR,NO,11834,223,196.2,78,78.0,81,92,11,89.0,250.0,84,53.8,fantasypros_bestball_2026_final_closing,fantasypros_half_2026_final_closing
2026,Jaylin Noel,WR,HOU,12536,224,219.2,85,86.0,95,98,3,89.0,250.0,85,30.8,fantasypros_bestball_2026_final_closing,fantasypros_half_2026_final_closing
2026,Zay Jones,WR,,4080,225,254.0,90,90.6,,,0,90.0,254.0,86,0.0,fantasypros_bestball_2026_final_closing,fantasypros_half_2026_final_closing
2026,Jaleel McLaughlin,RB,CLE,11439,226,257.0,78,78.72,,,0,78.0,257.0,74,0.0,fantasypros_bestball_2026_final_closing,fantasypros_half_2026_final_closing
2026,Seth McGowan,RB,IND,13424,227,221.4,70,70.5,76,84,8,78.5,258.0,75,36.6,fantasypros_bestball_2026_final_closing,fantasypros_half_2026_final_closing
2026,Dylan Laube,RB,LV,11574,228,259.0,79,79.0,,,0,79.0,259.0,76,0.0,fantasypros_bestball_2026_final_closing,fantasypros_half_2026_final_closing
2026,Jaylen Wright,RB,MIA,11643,229,227.0,73,73.31,69,75,6,79.31,259.6,77,32.6,fantasypros_bestball_2026_final_closing,fantasypros_half_2026_final_closing
2026,Boston Scott,RB,,5122,230,261.0,80,80.0,,,0,80.0,261.0,78,0.0,fantasypros_bestball_2026_final_closing,fantasypros_half_2026_final_closing
2026,Jacob Saylors,RB,DET,11237,231,232.8,76,75.46,81,86,5,80.46,261.9,79,29.1,fantasypros_bestball_2026_final_closing,fantasypros_half_2026_final_closing
2026,Bo Melton,WR,GB,8204,232,262.0,92,92.27,,,0,92.0,262.0,87,0.0,fantasypros_bestball_2026_final_closing,fantasypros_half_2026_final_closing
2026,Gregory Desrosiers,RB,LAC,13603,233,263.0,81,80.27,,,0,81.0,263.0,80,0.0,fantasypros_bestball_2026_final_closing,fantasypros_half_2026_final_closing
2026,Emanuel Wilson,RB,SEA,11435,234,294.3,92,92.15,89,78,-11,81.15,265.0,81,-29.3,fantasypros_bestball_2026_final_closing,fantasypros_half_2026_final_closing
2026,Jared Wiley,TE,KC,11595,235,265.0,34,34.64,,,,34.0,265.0,34,,fantasypros_bestball_2026_final_closing,fantasypros_half_2026_final_closing
2026,Isaac TeSlaa,WR,DET,12535,236,202.8,81,80.8,75,87,12,92.8,265.2,88,62.4,fantasypros_bestball_2026_final_closing,fantasypros_half_2026_final_closing
2026,Shedeur Sanders,QB,CLE,12524,237,265.8,34,34.79,,,,34.0,265.8,34,,fantasypros_bestball_2026_final_closing,fantasypros_half_2026_final_closing
2026,DeAndre Hopkins,WR,BAL,1426,238,266.0,93,93.6,,,0,93.0,266.0,89,0.0,fantasypros_bestball_2026_final_closing,fantasypros_half_2026_final_closing
2026,Luke Farrell,TE,SF,7842,239,269.0,35,35.33,,,,35.0,269.0,35,,fantasypros_bestball_2026_final_closing,fantasypros_half_2026_final_closing
2026,Deshaun Watson,QB,CLE,4017,240,269.5,35,34.8,,,,35.0,269.5,35,,fantasypros_bestball_2026_final_closing,fantasypros_half_2026_final_closing
2026,Tanner Hudson,TE,CIN,5409,241,271.0,36,36.0,,,,36.0,271.0,36,,fantasypros_bestball_2026_final_closing,fantasypros_half_2026_final_closing
2026,Rashod Bateman,WR,BAL,7571,242,250.0,89,89.46,96,102,6,95.46,271.9,90,21.9,fantasypros_bestball_2026_final_closing,fantasypros_half_2026_final_closing
2026,JuJu Smith-Schuster,WR,,4040,243,272.0,96,95.27,,,0,96.0,272.0,91,0.0,fantasypros_bestball_2026_final_closing,fantasypros_half_2026_final_closing
2026,Durham Smythe,TE,BAL,5008,244,273.0,37,37.33,,,,37.0,273.0,37,,fantasypros_bestball_2026_final_closing,fantasypros_half_2026_final_closing
2026,Tyreek Hill,WR,,3321,245,295.8,104,104.76,79,71,-8,96.76,273.0,92,-22.8,fantasypros_bestball_2026_final_closing,fantasypros_half_2026_final_closing
2026,Tank Dell,WR,HOU,9502,246,219.2,86,85.0,82,94,12,97.0,273.3,93,54.1,fantasypros_bestball_2026_final_closing,fantasypros_half_2026_final_closing
2026,Davis Allen,TE,LAR,10214,247,274.0,38,37.48,,,,38.0,274.0,38,,fantasypros_bestball_2026_final_closing,fantasypros_half_2026_final_closing
2026,Cooper Rush,QB,ATL,4574,248,275.0,36,35.45,,,,36.0,275.0,36,,fantasypros_bestball_2026_final_closing,fantasypros_half_2026_final_closing
2026,Josh Williams,RB,TB,12787,249,276.0,82,82.86,,,0,82.0,276.0,82,0.0,fantasypros_bestball_2026_final_closing,fantasypros_half_2026_final_closing
2026,Israel Abanikanda,RB,DAL,9227,250,277.0,83,83.0,,,0,83.0,277.0,83,0.0,fantasypros_bestball_2026_final_closing,fantasypros_half_2026_final_closing
2026,Mike Gesicki,TE,CIN,4993,251,277.2,39,38.94,,,,39.0,277.2,39,,fantasypros_bestball_2026_final_closing,fantasypros_half_2026_final_closing
2026,Jeremy McNichols,RB,WAS,4219,252,278.0,84,84.0,,,0,84.0,278.0,84,0.0,fantasypros_bestball_2026_final_closing,fantasypros_half_2026_final_closing
2026,Chris Brooks,RB,GB,11370,253,229.0,74,74.82,70,80,10,84.82,278.8,85,49.8,fantasypros_bestball_2026_final_closing,fantasypros_half_2026_final_closing
2026,Hassan Haskins,RB,NE,8123,254,279.0,85,84.31,,,0,85.0,279.0,86,0.0,fantasypros_bestball_2026_final_closing,fantasypros_half_2026_final_closing
2026,Darren Waller,TE,CAR,2505,255,280.8,40,40.89,,,,40.0,280.8,40,,fantasypros_bestball_2026_final_closing,fantasypros_half_2026_final_closing
2026,Charlie Kolar,TE,LAC,8127,256,281.0,41,42.0,,,,41.0,281.0,41,,fantasypros_bestball_2026_final_closing,fantasypros_half_2026_final_closing
2026,Josh Whyle,TE,GB,10212,257,281.0,42,41.0,,,,42.0,281.0,42,,fantasypros_bestball_2026_final_closing,fantasypros_half_2026_final_closing
2026,Elijah Moore,WR,PHI,7596,258,284.0,98,98.56,,,0,98.0,284.0,94,0.0,fantasypros_bestball_2026_final_closing,fantasypros_half_2026_final_closing
2026,Kene Nwangwu,RB,NYJ,7720,259,285.0,87,86.33,,,0,87.0,285.0,87,0.0,fantasypros_bestball_2026_final_closing,fantasypros_half_2026_final_closing
2026,Luke Floriea,WR,,13189,260,287.0,99,99.33,,,0,99.0,287.0,95,0.0,fantasypros_bestball_2026_final_closing,fantasypros_half_2026_final_closing
2026,Zavion Thomas,WR,CHI,13411,261,273.3,97,96.22,103,106,3,99.22,287.3,96,14.0,fantasypros_bestball_2026_final_closing,fantasypros_half_2026_final_closing
2026,Raheim Sanders,RB,CLE,12472,262,287.5,88,88.67,,,0,88.0,287.5,88,0.0,fantasypros_bestball_2026_final_closing,fantasypros_half_2026_final_closing
2026,Damien Martinez,RB,,12462,263,288.0,89,88.29,,,0,89.0,288.0,89,0.0,fantasypros_bestball_2026_final_closing,fantasypros_half_2026_final_closing
2026,DeMario Douglas,WR,NE,9501,264,288.5,100,99.5,,,0,100.0,288.5,97,0.0,fantasypros_bestball_2026_final_closing,fantasypros_half_2026_final_closing
2026,John Bates,TE,WAS,7716,265,290.0,43,43.64,,,,43.0,290.0,43,,fantasypros_bestball_2026_final_closing,fantasypros_half_2026_final_closing
2026,Dare Ogunbowale,RB,LV,4718,266,291.0,90,90.5,,,0,90.0,291.0,90,0.0,fantasypros_bestball_2026_final_closing,fantasypros_half_2026_final_closing
2026,Jordan James,RB,SF,12467,267,244.8,77,76.99,74,87,13,89.99,291.0,91,46.2,fantasypros_bestball_2026_final_closing,fantasypros_half_2026_final_closing
2026,Joe Mixon,RB,,4018,268,292.0,91,90.61,,67,0,91.0,292.0,92,0.0,fantasypros_bestball_2026_final_closing,fantasypros_half_2026_final_closing
2026,Marlin Klein,TE,HOU,13307,269,292.0,44,43.67,,,,44.0,292.0,44,,fantasypros_bestball_2026_final_closing,fantasypros_half_2026_final_closing
2026,Theo Wease Jr.,WR,LAC,12860,270,293.0,101,101.64,,,0,101.0,293.0,98,0.0,fantasypros_bestball_2026_final_closing,fantasypros_half_2026_final_closing
2026,Keon Coleman,WR,BUF,11637,271,267.0,94,93.34,88,96,8,101.34,293.3,99,26.3,fantasypros_bestball_2026_final_closing,fantasypros_half_2026_final_closing
2026,Kyle McCord,QB,MIA,12494,272,294.0,37,37.36,,,,37.0,294.0,37,,fantasypros_bestball_2026_final_closing,fantasypros_half_2026_final_closing
2026,Lil'Jordan Humphrey,WR,DEN,5938,273,294.0,102,102.54,,,0,102.0,294.0,100,0.0,fantasypros_bestball_2026_final_closing,fantasypros_half_2026_final_closing
2026,Tyquan Thornton,WR,KC,8188,274,294.3,103,102.33,,,0,103.0,294.3,101,0.0,fantasypros_bestball_2026_final_closing,fantasypros_half_2026_final_closing
2026,Germie Bernard,WR,PIT,13274,275,271.8,95,95.92,91,99,8,103.92,295.7,102,23.9,fantasypros_bestball_2026_final_closing,fantasypros_half_2026_final_closing
2026,Kyle Williams,WR,NE,12547,276,296.0,105,106.0,,90,0,105.0,296.0,103,0.0,fantasypros_bestball_2026_final_closing,fantasypros_half_2026_final_closing
2026,Odell Beckham Jr.,WR,NYG,2078,277,296.0,106,105.0,,,0,106.0,296.0,104,0.0,fantasypros_bestball_2026_final_closing,fantasypros_half_2026_final_closing
2026,Sam Roush,TE,CHI,13322,278,296.0,45,45.45,,,,45.0,296.0,45,,fantasypros_bestball_2026_final_closing,fantasypros_half_2026_final_closing
2026,Tyler Goodson,RB,ATL,8207,279,296.0,93,92.62,,,0,93.0,296.0,93,0.0,fantasypros_bestball_2026_final_closing,fantasypros_half_2026_final_closing
2026,Michael Mayer,TE,LV,9482,280,297.5,46,45.35,,,,46.0,297.5,46,,fantasypros_bestball_2026_final_closing,fantasypros_half_2026_final_closing
2026,Travis Hunter,WR,JAC,,281,201.6,80,79.67,74,101,27,106.67,299.2,105,97.6,fantasypros_bestball_2026_final_closing,fantasypros_half_2026_final_closing
2026,Carson Beck,QB,ARI,13272,282,303.0,38,38.12,,,,38.0,303.0,38,,fantasypros_bestball_2026_final_closing,fantasypros_half_2026_final_closing
2026,Erick All Jr.,TE,CIN,11592,283,304.5,47,47.59,,,,47.0,304.5,47,,fantasypros_bestball_2026_final_closing,fantasypros_half_2026_final_closing
2026,Jahan Dotson,WR,ATL,8119,284,305.5,109,108.73,,,0,109.0,305.5,106,0.0,fantasypros_bestball_2026_final_closing,fantasypros_half_2026_final_closing
2026,Eli Raridon,TE,NE,13421,285,306.3,48,47.38,,,,48.0,306.3,48,,fantasypros_bestball_2026_final_closing,fantasypros_half_2026_final_closing
2026,Kareem Hunt,RB,,4098,286,306.3,95,95.91,,,0,95.0,306.3,94,0.0,fantasypros_bestball_2026_final_closing,fantasypros_half_2026_final_closing
2026,Roschon Johnson,RB,CHI,10235,287,299.8,94,93.74,90,93,3,96.74,306.9,95,7.1,fantasypros_bestball_2026_final_closing,fantasypros_half_2026_final_closing
2026,Ameer Abdullah,RB,JAC,2359,288,307.0,97,96.18,,,0,97.0,307.0,96,0.0,fantasypros_bestball_2026_final_closing,fantasypros_half_2026_final_closing
2026,Trey Benson,RB,ARI,11589,289,415.5,140,140.16,91,48,-43,97.16,307.6,97,-107.9,fantasypros_bestball_2026_final_closing,fantasypros_half_2026_final_closing
2026,Elijah Sarratt,WR,BAL,13268,290,309.3,110,110.81,,95,0,110.0,309.3,107,0.0,fantasypros_bestball_2026_final_closing,fantasypros_half_2026_final_closing
2026,KaVontae Turpin,WR,DAL,8917,291,309.7,111,110.3,,,0,111.0,309.7,108,0.0,fantasypros_bestball_2026_final_closing,fantasypros_half_2026_final_closing
2026,Riley Leonard,QB,IND,12470,292,310.0,39,38.52,,,,39.0,310.0,39,,fantasypros_bestball_2026_final_closing,fantasypros_half_2026_final_closing
2026,Frank Gore Jr.,RB,BUF,11573,293,311.0,98,97.89,,,0,98.0,311.0,98,0.0,fantasypros_bestball_2026_final_closing,fantasypros_half_2026_final_closing
2026,Dont'e Thornton Jr.,WR,LV,12541,294,312.0,112,112.77,,,0,112.0,312.0,109,0.0,fantasypros_bestball_2026_final_closing,fantasypros_half_2026_final_closing
2026,Andrei Iosivas,WR,CIN,10226,295,312.3,113,113.2,,,0,113.0,312.3,110,0.0,fantasypros_bestball_2026_final_closing,fantasypros_half_2026_final_closing
2026,Jimmy Horn Jr.,WR,CAR,12523,296,312.5,114,113.57,,,0,114.0,312.5,111,0.0,fantasypros_bestball_2026_final_closing,fantasypros_half_2026_final_closing
2026,Cooper Kupp,WR,SEA,4039,297,215.0,83,83.86,73,104,31,114.86,312.9,112,97.9,fantasypros_bestball_2026_final_closing,fantasypros_half_2026_final_closing
2026,Brandon Aiyuk,WR,SF,6803,298,338.3,147,146.12,107,77,-30,116.12,313.0,113,-25.3,fantasypros_bestball_2026_final_closing,fantasypros_half_2026_final_closing
2026,Myles Price,WR,MIN,13075,299,313.0,117,116.0,,,0,117.0,313.0,114,0.0,fantasypros_bestball_2026_final_closing,fantasypros_half_2026_final_closing
2026,Skyler Bell,WR,BUF,13402,300,300.8,107,107.32,89,97,8,115.32,313.0,115,12.2,fantasypros_bestball_2026_final_closing,fantasypros_half_2026_final_closing
2026,Xavier Hutchinson,WR,HOU,10218,301,313.0,115,116.0,,,0,115.0,313.0,116,0.0,fantasypros_bestball_2026_final_closing,fantasypros_half_2026_final_closing
2026,Demarcus Robinson,WR,SF,3286,302,313.3,119,118.0,,,0,119.0,313.3,117,0.0,fantasypros_bestball_2026_final_closing,fantasypros_half_2026_final_closing
2026,Devontez Walker,WR,BAL,11629,303,313.3,118,119.0,,,0,118.0,313.3,118,0.0,fantasypros_bestball_2026_final_closing,fantasypros_half_2026_final_closing
2026,Jack Bech,WR,LV,12483,304,313.0,116,115.0,101,105,4,119.0,313.3,119,0.3,fantasypros_bestball_2026_final_closing,fantasypros_half_2026_final_closing
2026,Bryce Lance,WR,NO,13420,305,303.3,108,108.06,92,103,11,119.06,313.4,120,10.1,fantasypros_bestball_2026_final_closing,fantasypros_half_2026_final_closing
2026,Mason Taylor,TE,NYJ,12498,306,314.0,49,49.77,,,,49.0,314.0,49,,fantasypros_bestball_2026_final_closing,fantasypros_half_2026_final_closing
2026,Efton Chism III,WR,NE,12542,307,314.5,120,120.41,,,0,120.0,314.5,121,0.0,fantasypros_bestball_2026_final_closing,fantasypros_half_2026_final_closing
2026,Josh Oliver,TE,MIN,5973,308,315.0,50,49.8,,,,50.0,315.0,50,,fantasypros_bestball_2026_final_closing,fantasypros_half_2026_final_closing
2026,Sterling Shepard,WR,,3200,309,315.0,121,120.4,,,0,121.0,315.0,122,0.0,fantasypros_bestball_2026_final_closing,fantasypros_half_2026_final_closing
2026,Noah Fant,TE,NO,5857,310,316.5,51,50.41,,,,51.0,316.5,51,,fantasypros_bestball_2026_final_closing,fantasypros_half_2026_final_closing
2026,Kendre Miller,RB,NO,9757,311,317.0,101,100.67,,76,0,101.0,317.0,99,0.0,fantasypros_bestball_2026_final_closing,fantasypros_half_2026_final_closing
2026,Simi Fehoko,WR,ARI,7812,312,317.0,122,122.74,,,0,122.0,317.0,123,0.0,fantasypros_bestball_2026_final_closing,fantasypros_half_2026_final_closing
2026,Barion Brown,WR,NO,13533,313,317.3,123,123.2,,,0,123.0,317.3,124,0.0,fantasypros_bestball_2026_final_closing,fantasypros_half_2026_final_closing
2026,Jahdae Walker,WR,CHI,13079,314,317.5,124,123.57,,,0,124.0,317.5,125,0.0,fantasypros_bestball_2026_final_closing,fantasypros_half_2026_final_closing
2026,Ty Johnson,RB,BUF,6039,315,306.6,96,95.86,82,88,6,101.86,317.9,100,11.3,fantasypros_bestball_2026_final_closing,fantasypros_half_2026_final_closing
2026,Brenen Thompson,WR,LAC,13380,316,318.0,126,125.0,,,0,126.0,318.0,126,0.0,fantasypros_bestball_2026_final_closing,fantasypros_half_2026_final_closing
2026,Darius Cooper,WR,PHI,13150,317,318.0,127,126.0,,,0,127.0,318.0,127,0.0,fantasypros_bestball_2026_final_closing,fantasypros_half_2026_final_closing
2026,Jawhar Jordan,RB,HOU,11588,318,318.0,102,101.33,,,0,102.0,318.0,101,0.0,fantasypros_bestball_2026_final_closing,fantasypros_half_2026_final_closing
2026,Xavier Legette,WR,CAR,11626,319,318.0,125,126.0,,,0,125.0,318.0,128,0.0,fantasypros_bestball_2026_final_closing,fantasypros_half_2026_final_closing
2026,Kalif Raymond,WR,CHI,3634,320,318.5,128,127.33,,,0,128.0,318.5,129,0.0,fantasypros_bestball_2026_final_closing,fantasypros_half_2026_final_closing
2026,Erik Ezukanma,WR,,8114,321,321.0,129,129.79,,,0,129.0,321.0,130,0.0,fantasypros_bestball_2026_final_closing,fantasypros_half_2026_final_closing
2026,Tory Horton,WR,SEA,12497,322,326.3,136,135.77,99,93,-6,129.77,321.2,131,-5.1,fantasypros_bestball_2026_final_closing,fantasypros_half_2026_final_closing
2026,Malik Benson,WR,LV,13329,323,321.3,131,130.0,,,0,131.0,321.3,132,0.0,fantasypros_bestball_2026_final_closing,fantasypros_half_2026_final_closing
2026,Christian Kirk,WR,SF,4950,324,321.8,132,132.43,,100,0,132.0,321.8,133,0.0,fantasypros_bestball_2026_final_closing,fantasypros_half_2026_final_closing
2026,Jalen Tolbert,WR,MIA,8117,325,321.3,130,131.0,85,86,1,132.0,321.8,134,0.5,fantasypros_bestball_2026_final_closing,fantasypros_half_2026_final_closing
2026,Tutu Atwell,WR,LAR,7562,326,322.0,133,132.57,,,0,133.0,322.0,135,0.0,fantasypros_bestball_2026_final_closing,fantasypros_half_2026_final_closing
2026,Elijah Arroyo,TE,SEA,12521,327,322.3,52,52.25,,,,52.0,322.3,52,,fantasypros_bestball_2026_final_closing,fantasypros_half_2026_final_closing
2026,Skyy Moore,WR,GB,8168,328,322.5,134,133.5,,,0,134.0,322.5,136,0.0,fantasypros_bestball_2026_final_closing,fantasypros_half_2026_final_closing
2026,Zavier Scott,RB,CHI,11299,329,323.0,103,103.67,,,0,103.0,323.0,102,0.0,fantasypros_bestball_2026_final_closing,fantasypros_half_2026_final_closing
2026,Emari Demercado,RB,DAL,11199,330,316.0,99,99.82,88,92,4,103.82,323.8,103,7.8,fantasypros_bestball_2026_final_closing,fantasypros_half_2026_final_closing
2026,Jerome Ford,RB,WAS,8143,331,324.0,104,104.0,,,0,104.0,324.0,104,0.0,fantasypros_bestball_2026_final_closing,fantasypros_half_2026_final_closing
2026,Jordan Watkins,WR,SF,12634,332,324.0,135,134.79,,,0,135.0,324.0,137,0.0,fantasypros_bestball_2026_final_closing,fantasypros_half_2026_final_closing
2026,LeQuint Allen Jr.,RB,JAC,12544,333,316.5,100,100.0,85,89,4,104.0,324.0,105,7.5,fantasypros_bestball_2026_final_closing,fantasypros_half_2026_final_closing
2026,Lan Larison,RB,NE,12969,334,325.0,105,105.0,,,0,105.0,325.0,106,0.0,fantasypros_bestball_2026_final_closing,fantasypros_half_2026_final_closing
2026,Cole Kmet,TE,CHI,6826,335,325.8,53,53.49,,,,53.0,325.8,53,,fantasypros_bestball_2026_final_closing,fantasypros_half_2026_final_closing
2026,Pierre Strong Jr.,RB,GB,8116,336,326.0,106,105.67,,,0,106.0,326.0,107,0.0,fantasypros_bestball_2026_final_closing,fantasypros_half_2026_final_closing
2026,Jonnu Smith,TE,GB,4144,337,327.0,54,54.09,,,,54.0,327.0,54,,fantasypros_bestball_2026_final_closing,fantasypros_half_2026_final_closing
2026,Darnell Washington,TE,PIT,9479,338,328.0,55,55.0,,,,55.0,328.0,55,,fantasypros_bestball_2026_final_closing,fantasypros_half_2026_final_closing
2026,Zamir White,RB,NO,8139,339,328.0,107,107.6,,,0,107.0,328.0,108,0.0,fantasypros_bestball_2026_final_closing,fantasypros_half_2026_final_closing
2026,Michael Carter,RB,TEN,7607,340,328.5,108,107.11,,,0,108.0,328.5,109,0.0,fantasypros_bestball_2026_final_closing,fantasypros_half_2026_final_closing
2026,Luke Musgrave,TE,GB,9481,341,329.0,56,56.18,,,,56.0,329.0,56,,fantasypros_bestball_2026_final_closing,fantasypros_half_2026_final_closing
2026,Eli Stowers,TE,PHI,13349,342,329.7,57,56.7,,,,57.0,329.7,57,,fantasypros_bestball_2026_final_closing,fantasypros_half_2026_final_closing
2026,Haynes King,QB,CAR,13415,343,330.0,40,40.74,,,,40.0,330.0,40,,fantasypros_bestball_2026_final_closing,fantasypros_half_2026_final_closing
2026,Joshua Palmer,WR,BUF,7670,344,330.0,138,137.0,,,0,138.0,330.0,138,0.0,fantasypros_bestball_2026_final_closing,fantasypros_half_2026_final_closing
2026,Roman Wilson,WR,PIT,11630,345,330.0,137,138.0,,,0,137.0,330.0,139,0.0,fantasypros_bestball_2026_final_closing,fantasypros_half_2026_final_closing
2026,Darius Slayton,WR,,6149,346,330.3,139,138.6,,,0,139.0,330.3,140,0.0,fantasypros_bestball_2026_final_closing,fantasypros_half_2026_final_closing
2026,Austin Hooper,TE,ATL,3202,347,331.0,58,57.93,,,,58.0,331.0,58,,fantasypros_bestball_2026_final_closing,fantasypros_half_2026_final_closing
2026,Cedric Tillman,WR,NO,10444,348,331.0,140,139.44,,,0,140.0,331.0,141,0.0,fantasypros_bestball_2026_final_closing,fantasypros_half_2026_final_closing
2026,Dawson Knox,TE,BUF,5906,349,332.5,59,59.2,,,,59.0,332.5,59,,fantasypros_bestball_2026_final_closing,fantasypros_half_2026_final_closing
2026,Philip Rivers,QB,,331,350,333.0,41,40.67,,,,41.0,333.0,41,,fantasypros_bestball_2026_final_closing,fantasypros_half_2026_final_closing
2026,Kevin Coleman Jr.,WR,MIA,13338,351,333.5,141,141.52,,,0,141.0,333.5,142,0.0,fantasypros_bestball_2026_final_closing,fantasypros_half_2026_final_closing
2026,Matt Hibner,TE,BAL,13324,352,333.5,60,59.24,,,,60.0,333.5,60,,fantasypros_bestball_2026_final_closing,fantasypros_half_2026_final_closing
2026,Kendrick Bourne,WR,ARI,4454,353,334.3,142,142.33,,,0,142.0,334.3,143,0.0,fantasypros_bestball_2026_final_closing,fantasypros_half_2026_final_closing
2026,Hollywood Brown,WR,PHI,5848,354,334.7,143,143.14,,,0,143.0,334.7,144,0.0,fantasypros_bestball_2026_final_closing,fantasypros_half_2026_final_closing
2026,Camden Brown,WR,DAL,13726,355,335.0,144,143.23,,,0,144.0,335.0,145,0.0,fantasypros_bestball_2026_final_closing,fantasypros_half_2026_final_closing
2026,Jam Miller,RB,,13403,356,337.0,110,109.0,,,0,110.0,337.0,110,0.0,fantasypros_bestball_2026_final_closing,fantasypros_half_2026_final_closing
2026,Marvin Mims Jr.,WR,DEN,9494,357,337.3,145,145.53,,85,0,145.0,337.3,146,0.0,fantasypros_bestball_2026_final_closing,fantasypros_half_2026_final_closing
2026,Kyle Juszczyk,RB,SF,,358,337.5,111,110.5,,,0,111.0,337.5,111,0.0,fantasypros_bestball_2026_final_closing,fantasypros_half_2026_final_closing
2026,KeAndre Lambert-Smith,WR,LAC,12670,359,338.0,146,146.4,,,0,146.0,338.0,147,0.0,fantasypros_bestball_2026_final_closing,fantasypros_half_2026_final_closing
2026,Eli Heidenreich,RB,PIT,13423,360,339.0,112,112.2,,,0,112.0,339.0,112,0.0,fantasypros_bestball_2026_final_closing,fantasypros_half_2026_final_closing
2026,Isaiah Davis,RB,NYJ,11571,361,337.0,109,110.0,92,94,2,112.0,339.0,113,2.0,fantasypros_bestball_2026_final_closing,fantasypros_half_2026_final_closing
2026,Taylen Green,QB,CLE,13306,362,339.0,42,42.71,,,,42.0,339.0,42,,fantasypros_bestball_2026_final_closing,fantasypros_half_2026_final_closing
2026,Jake Browning,QB,,6111,363,340.0,43,42.25,,,,43.0,340.0,43,,fantasypros_bestball_2026_final_closing,fantasypros_half_2026_final_closing
2026,Julius Chestnut,RB,TEN,8254,364,340.0,113,113.0,,,0,113.0,340.0,114,0.0,fantasypros_bestball_2026_final_closing,fantasypros_half_2026_final_closing
2026,Brock Wright,TE,DET,7891,365,341.0,61,61.67,,,,61.0,341.0,61,,fantasypros_bestball_2026_final_closing,fantasypros_half_2026_final_closing
2026,J'Mari Taylor,RB,JAC,13348,366,341.0,114,113.33,,,0,114.0,341.0,115,0.0,fantasypros_bestball_2026_final_closing,fantasypros_half_2026_final_closing
2026,Drew Sample,TE,CIN,6001,367,342.5,62,63.0,,,,62.0,342.5,62,,fantasypros_bestball_2026_final_closing,fantasypros_half_2026_final_closing
2026,Jackson Hawes,TE,BUF,12658,368,342.5,63,62.0,,,,63.0,342.5,63,,fantasypros_bestball_2026_final_closing,fantasypros_half_2026_final_closing
2026,Jacob Cowing,WR,SF,11616,369,343.0,148,148.65,,,0,148.0,343.0,148,0.0,fantasypros_bestball_2026_final_closing,fantasypros_half_2026_final_closing
2026,Tre'Shaun Harrison,WR,,11456,370,344.0,149,149.33,,,0,149.0,344.0,149,0.0,fantasypros_bestball_2026_final_closing,fantasypros_half_2026_final_closing
2026,CJ Daniels,WR,LAR,13270,371,344.5,150,150.0,,,0,150.0,344.5,150,0.0,fantasypros_bestball_2026_final_closing,fantasypros_half_2026_final_closing
2026,Chimere Dike,WR,TEN,12540,372,345.0,151,152.0,,74,0,151.0,345.0,151,0.0,fantasypros_bestball_2026_final_closing,fantasypros_half_2026_final_closing
2026,Savion Williams,WR,GB,12482,373,345.0,152,151.0,,,0,152.0,345.0,152,0.0,fantasypros_bestball_2026_final_closing,fantasypros_half_2026_final_closing
2026,Robert Henry Jr.,RB,WAS,13418,374,346.0,115,115.67,,,0,115.0,346.0,116,0.0,fantasypros_bestball_2026_final_closing,fantasypros_half_2026_final_closing
2026,Ashton Dulin,WR,IND,6427,375,346.5,153,153.0,,,0,153.0,346.5,153,0.0,fantasypros_bestball_2026_final_closing,fantasypros_half_2026_final_closing
2026,Elijah Higgins,TE,ARI,10231,376,346.5,64,64.14,,,,64.0,346.5,64,,fantasypros_bestball_2026_final_closing,fantasypros_half_2026_final_closing
2026,Ezekiel Elliott,RB,,3164,377,347.0,116,116.18,,,0,116.0,347.0,117,0.0,fantasypros_bestball_2026_final_closing,fantasypros_half_2026_final_closing
2026,Quinn Ewers,QB,JAC,12500,378,347.0,44,44.56,,,,44.0,347.0,44,,fantasypros_bestball_2026_final_closing,fantasypros_half_2026_final_closing
2026,Adam Randall,RB,BAL,13302,379,347.7,117,116.38,,,0,117.0,347.7,118,0.0,fantasypros_bestball_2026_final_closing,fantasypros_half_2026_final_closing
2026,Colbie Young,WR,CIN,13477,380,348.0,154,154.36,,,0,154.0,348.0,154,0.0,fantasypros_bestball_2026_final_closing,fantasypros_half_2026_final_closing
2026,Elic Ayomanor,WR,TEN,12499,381,348.7,155,154.61,,81,0,155.0,348.7,155,0.0,fantasypros_bestball_2026_final_closing,fantasypros_half_2026_final_closing
2026,Mason Rudolph,QB,PIT,4972,382,349.0,45,44.57,,,,45.0,349.0,45,,fantasypros_bestball_2026_final_closing,fantasypros_half_2026_final_closing
2026,Mitchell Evans,TE,CAR,12473,383,349.5,65,65.09,,,,65.0,349.5,65,,fantasypros_bestball_2026_final_closing,fantasypros_half_2026_final_closing
2026,Mack Hollins,WR,NE,4177,384,350.3,156,156.78,,,0,156.0,350.3,156,0.0,fantasypros_bestball_2026_final_closing,fantasypros_half_2026_final_closing
2026,Greg Dortch,WR,BUF,5970,385,350.5,157,156.24,,,0,157.0,350.5,157,0.0,fantasypros_bestball_2026_final_closing,fantasypros_half_2026_final_closing
2026,Audric Estime,RB,NO,11579,386,350.7,118,118.3,,81,0,118.0,350.7,119,0.0,fantasypros_bestball_2026_final_closing,fantasypros_half_2026_final_closing
2026,Carsen Ryan,TE,CLE,13580,387,352.0,66,66.25,,,,66.0,352.0,66,,fantasypros_bestball_2026_final_closing,fantasypros_half_2026_final_closing
2026,Isaiah Williams,WR,NYJ,11608,388,352.0,158,158.2,,,0,158.0,352.0,158,0.0,fantasypros_bestball_2026_final_closing,fantasypros_half_2026_final_closing
2026,Corey Kiner,RB,NE,12491,389,352.5,120,119.57,,,0,120.0,352.5,120,0.0,fantasypros_bestball_2026_final_closing,fantasypros_half_2026_final_closing
2026,Damien Harris,RB,,5890,390,353.0,121,120.4,,,0,121.0,353.0,121,0.0,fantasypros_bestball_2026_final_closing,fantasypros_half_2026_final_closing
2026,Tai Felton,WR,MIN,12496,391,353.0,160,159.0,,,0,160.0,353.0,159,0.0,fantasypros_bestball_2026_final_closing,fantasypros_half_2026_final_closing
2026,Treylon Burks,WR,WAS,8135,392,353.0,159,160.0,,,0,159.0,353.0,160,0.0,fantasypros_bestball_2026_final_closing,fantasypros_half_2026_final_closing
2026,Tommy Tremble,TE,CAR,7694,393,353.5,67,67.2,,,,67.0,353.5,67,,fantasypros_bestball_2026_final_closing,fantasypros_half_2026_final_closing
2026,Cade Klubnik,QB,NYJ,13303,394,354.0,46,47.0,,,,46.0,354.0,46,,fantasypros_bestball_2026_final_closing,fantasypros_half_2026_final_closing
2026,Malik Taylor,WR,,6239,395,354.0,161,161.33,,,0,161.0,354.0,161,0.0,fantasypros_bestball_2026_final_closing,fantasypros_half_2026_final_closing
2026,Mitchell Trubisky,QB,TEN,3976,396,354.0,47,46.0,,,,47.0,354.0,47,,fantasypros_bestball_2026_final_closing,fantasypros_half_2026_final_closing
2026,Dyami Brown,WR,WAS,7587,397,354.5,162,161.33,,,0,162.0,354.5,162,0.0,fantasypros_bestball_2026_final_closing,fantasypros_half_2026_final_closing
2026,Max Klare,TE,LAR,13278,398,354.5,68,68.67,,,,68.0,354.5,68,,fantasypros_bestball_2026_final_closing,fantasypros_half_2026_final_closing
2026,Theo Johnson,TE,NYG,11597,399,354.7,69,68.8,,,,69.0,354.7,69,,fantasypros_bestball_2026_final_closing,fantasypros_half_2026_final_closing
2026,Drew Lock,QB,SEA,5854,400,355.0,49,48.0,,,,49.0,355.0,48,,fantasypros_bestball_2026_final_closing,fantasypros_half_2026_final_closing
2026,Justin Fields,QB,KC,7591,401,355.0,48,49.0,,,,48.0,355.0,49,,fantasypros_bestball_2026_final_closing,fantasypros_half_2026_final_closing
2026,Sione Vaki,RB,DET,11729,402,355.0,122,121.57,,,0,122.0,355.0,122,0.0,fantasypros_bestball_2026_final_closing,fantasypros_half_2026_final_closing
2026,Thomas Yassmin,TE,GB,12113,403,355.0,70,69.46,,,,70.0,355.0,70,,fantasypros_bestball_2026_final_closing,fantasypros_half_2026_final_closing
2026,Taysom Hill,TE,,4381,404,356.0,71,70.44,,,,71.0,356.0,71,,fantasypros_bestball_2026_final_closing,fantasypros_half_2026_final_closing
2026,Jaylin Lane,WR,WAS,12641,405,357.0,163,163.11,,,0,163.0,357.0,163,0.0,fantasypros_bestball_2026_final_closing,fantasypros_half_2026_final_closing
2026,Kenny Pickett,QB,CAR,8160,406,358.0,50,50.2,,,,50.0,358.0,50,,fantasypros_bestball_2026_final_closing,fantasypros_half_2026_final_closing
2026,Jalen Royals,WR,KC,12505,407,359.0,164,164.6,,,0,164.0,359.0,164,0.0,fantasypros_bestball_2026_final_closing,fantasypros_half_2026_final_closing
2026,Daniel Bellinger,TE,TEN,8225,408,359.5,72,72.17,,,,72.0,359.5,72,,fantasypros_bestball_2026_final_closing,fantasypros_half_2026_final_closing
2026,Tez Johnson,WR,TB,12485,409,359.5,165,164.33,,,0,165.0,359.5,165,0.0,fantasypros_bestball_2026_final_closing,fantasypros_half_2026_final_closing
2026,Anthony Richardson Sr.,QB,IND,9229,410,360.0,51,51.48,,,,51.0,360.0,51,,fantasypros_bestball_2026_final_closing,fantasypros_half_2026_final_closing
2026,Dean Connors,RB,LAR,13315,411,360.0,123,123.59,,,0,123.0,360.0,123,0.0,fantasypros_bestball_2026_final_closing,fantasypros_half_2026_final_closing
2026,Jameis Winston,QB,NYG,2306,412,360.7,52,52.08,,,,52.0,360.7,52,,fantasypros_bestball_2026_final_closing,fantasypros_half_2026_final_closing
2026,Ollie Gordon II,RB,MIA,12495,413,352.3,119,119.78,87,91,4,123.78,361.0,124,8.7,fantasypros_bestball_2026_final_closing,fantasypros_half_2026_final_closing
2026,Brashard Smith,RB,KC,12455,414,361.3,124,124.3,,77,0,124.0,361.3,125,0.0,fantasypros_bestball_2026_final_closing,fantasypros_half_2026_final_closing
2026,Joe Flacco,QB,CIN,19,415,361.3,53,52.52,,,,53.0,361.3,53,,fantasypros_bestball_2026_final_closing,fantasypros_half_2026_final_closing
2026,J. Michael Sturdivant,WR,GB,13770,416,362.0,166,167.0,,,0,166.0,362.0,166,0.0,fantasypros_bestball_2026_final_closing,fantasypros_half_2026_final_closing
2026,John Metchie III,WR,CAR,8147,417,362.0,167,166.0,,,0,167.0,362.0,167,0.0,fantasypros_bestball_2026_final_closing,fantasypros_half_2026_final_closing
2026,Oscar Delp,TE,NO,13319,418,362.0,73,73.43,,,,73.0,362.0,73,,fantasypros_bestball_2026_final_closing,fantasypros_half_2026_final_closing
2026,Rasheen Ali,RB,BAL,11570,419,362.0,125,125.17,,,0,125.0,362.0,126,0.0,fantasypros_bestball_2026_final_closing,fantasypros_half_2026_final_closing
2026,Phil Mafah,RB,,12738,420,362.5,126,125.12,,,0,126.0,362.5,127,0.0,fantasypros_bestball_2026_final_closing,fantasypros_half_2026_final_closing
2026,Jalen Milroe,QB,SEA,12510,421,363.0,54,54.13,,,,54.0,363.0,54,,fantasypros_bestball_2026_final_closing,fantasypros_half_2026_final_closing
2026,Justin Joly,TE,MIA,13400,422,363.0,74,73.67,,,,74.0,363.0,74,,fantasypros_bestball_2026_final_closing,fantasypros_half_2026_final_closing
2026,Josh Cameron,WR,JAC,13394,423,363.5,168,169.0,,,0,168.0,363.5,168,0.0,fantasypros_bestball_2026_final_closing,fantasypros_half_2026_final_closing
2026,Luke McCaffrey,WR,WAS,11650,424,363.5,169,168.0,,,0,169.0,363.5,169,0.0,fantasypros_bestball_2026_final_closing,fantasypros_half_2026_final_closing
2026,Mac Jones,QB,SF,7527,425,364.3,55,54.74,,,,55.0,364.3,55,,fantasypros_bestball_2026_final_closing,fantasypros_half_2026_final_closing
2026,Zach Ertz,TE,,1339,426,365.0,75,74.57,,,,75.0,365.0,75,,fantasypros_bestball_2026_final_closing,fantasypros_half_2026_final_closing
2026,Will Howard,QB,PIT,12511,427,366.5,56,55.88,,,,56.0,366.5,56,,fantasypros_bestball_2026_final_closing,fantasypros_half_2026_final_closing
2026,Deion Burks,WR,IND,13333,428,367.0,170,170.4,,,0,170.0,367.0,170,0.0,fantasypros_bestball_2026_final_closing,fantasypros_half_2026_final_closing
2026,Isaiah Bond,WR,CLE,12503,429,368.5,171,170.6,,,0,171.0,368.5,171,0.0,fantasypros_bestball_2026_final_closing,fantasypros_half_2026_final_closing
2026,Ty Simpson,QB,LAR,13275,430,369.3,57,57.12,,,,57.0,369.3,57,,fantasypros_bestball_2026_final_closing,fantasypros_half_2026_final_closing
2026,Khalil Herbert,RB,,7608,431,370.0,127,127.43,,,0,127.0,370.0,128,0.0,fantasypros_bestball_2026_final_closing,fantasypros_half_2026_final_closing
2026,Nate Boerkircher,TE,JAC,13299,432,370.0,76,76.67,,,,76.0,370.0,76,,fantasypros_bestball_2026_final_closing,fantasypros_half_2026_final_closing
2026,Ben Sinnott,TE,WAS,11596,433,371.0,77,76.5,,,,77.0,371.0,77,,fantasypros_bestball_2026_final_closing,fantasypros_half_2026_final_closing
2026,Tyson Bagent,QB,CHI,11256,434,371.5,58,57.77,,,,58.0,371.5,58,,fantasypros_bestball_2026_final_closing,fantasypros_half_2026_final_closing
2026,Konata Mumpfield,WR,LAR,12718,435,372.0,172,172.56,,,0,172.0,372.0,172,0.0,fantasypros_bestball_2026_final_closing,fantasypros_half_2026_final_closing
2026,Bam Knight,RB,ARI,8122,436,373.0,128,128.5,,,0,128.0,373.0,129,0.0,fantasypros_bestball_2026_final_closing,fantasypros_half_2026_final_closing
2026,Nick Westbrook-Ikhine,WR,IND,7496,437,373.0,173,172.2,,,0,173.0,373.0,173,0.0,fantasypros_bestball_2026_final_closing,fantasypros_half_2026_final_closing
2026,AJ Dillon,RB,CAR,6828,438,374.0,129,128.57,,,0,129.0,374.0,130,0.0,fantasypros_bestball_2026_final_closing,fantasypros_half_2026_final_closing
2026,Brevyn Spann-Ford,TE,DAL,11593,439,374.0,78,77.86,,,,78.0,374.0,78,,fantasypros_bestball_2026_final_closing,fantasypros_half_2026_final_closing
2026,Drew Allar,QB,PIT,13289,440,375.0,59,59.0,,,,59.0,375.0,59,,fantasypros_bestball_2026_final_closing,fantasypros_half_2026_final_closing
2026,Salvon Ahmed,RB,CHI,6918,441,376.5,130,130.67,,,0,130.0,376.5,131,0.0,fantasypros_bestball_2026_final_closing,fantasypros_half_2026_final_closing
2026,Cameron Latu,TE,NE,10210,442,378.0,79,78.89,,,,79.0,378.0,79,,fantasypros_bestball_2026_final_closing,fantasypros_half_2026_final_closing
2026,Tyler Huntley,QB,BAL,7083,443,378.5,60,60.75,,,,60.0,378.5,60,,fantasypros_bestball_2026_final_closing,fantasypros_half_2026_final_closing
2026,Nick Mullens,QB,JAC,4464,444,379.0,61,60.67,,,,61.0,379.0,61,,fantasypros_bestball_2026_final_closing,fantasypros_half_2026_final_closing
2026,DJ Giddens,RB,IND,12471,445,379.3,132,132.53,,,0,132.0,379.3,132,0.0,fantasypros_bestball_2026_final_closing,fantasypros_half_2026_final_closing
2026,Andy Dalton,QB,PHI,829,446,380.0,62,61.8,,,,62.0,380.0,62,,fantasypros_bestball_2026_final_closing,fantasypros_half_2026_final_closing
2026,Trevor Etienne,RB,CAR,12531,447,380.0,133,132.18,,,0,133.0,380.0,133,0.0,fantasypros_bestball_2026_final_closing,fantasypros_half_2026_final_closing
2026,Tyrod Taylor,QB,GB,827,448,381.5,63,62.75,,,,63.0,381.5,63,,fantasypros_bestball_2026_final_closing,fantasypros_half_2026_final_closing
2026,Montorie Foster Jr.,WR,SEA,13199,449,382.0,174,174.5,,,0,174.0,382.0,174,0.0,fantasypros_bestball_2026_final_closing,fantasypros_half_2026_final_closing
2026,Tyler Higbee,TE,LAR,3271,450,383.0,80,80.82,,,,80.0,383.0,80,,fantasypros_bestball_2026_final_closing,fantasypros_half_2026_final_closing
2026,Noah Gray,TE,KC,7828,451,383.5,81,80.2,,,,81.0,383.5,81,,fantasypros_bestball_2026_final_closing,fantasypros_half_2026_final_closing
2026,Carson Wentz,QB,MIN,3161,452,384.0,64,64.11,,,,64.0,384.0,64,,fantasypros_bestball_2026_final_closing,fantasypros_half_2026_final_closing
2026,Dontay Demus Jr.,WR,,11382,453,385.0,175,175.5,,,0,175.0,385.0,175,0.0,fantasypros_bestball_2026_final_closing,fantasypros_half_2026_final_closing
2026,Chris Brazzell II,WR,CAR,13353,454,386.0,177,176.0,,,0,177.0,386.0,176,0.0,fantasypros_bestball_2026_final_closing,fantasypros_half_2026_final_closing
2026,Emory Jones,QB,,11961,455,386.0,65,65.0,,,,65.0,386.0,65,,fantasypros_bestball_2026_final_closing,fantasypros_half_2026_final_closing
2026,Olamide Zaccheaus,WR,ATL,6271,456,386.0,176,177.0,,,0,176.0,386.0,177,0.0,fantasypros_bestball_2026_final_closing,fantasypros_half_2026_final_closing
2026,Ahmani Marshall,RB,CAR,12797,457,387.0,134,134.56,,,0,134.0,387.0,134,0.0,fantasypros_bestball_2026_final_closing,fantasypros_half_2026_final_closing
2026,Jordan Whittington,WR,LAR,11623,458,387.5,178,178.5,,,0,178.0,387.5,178,0.0,fantasypros_bestball_2026_final_closing,fantasypros_half_2026_final_closing
2026,Austin Ekeler,RB,,4663,459,377.0,131,130.36,65,69,4,134.36,387.7,135,10.7,fantasypros_bestball_2026_final_closing,fantasypros_half_2026_final_closing
2026,Brycen Hopkins,TE,,6926,460,388.0,82,81.55,,,,82.0,388.0,82,,fantasypros_bestball_2026_final_closing,fantasypros_half_2026_final_closing
2026,Joshua Dobbs,QB,DET,4179,461,388.0,66,65.89,,,,66.0,388.0,66,,fantasypros_bestball_2026_final_closing,fantasypros_half_2026_final_closing
2026,Kaden Wetjen,WR,PIT,13491,462,388.0,179,178.67,,,0,179.0,388.0,179,0.0,fantasypros_bestball_2026_final_closing,fantasypros_half_2026_final_closing
2026,Hal Presley III,WR,,12757,463,389.0,180,179.4,,,0,180.0,389.0,180,0.0,fantasypros_bestball_2026_final_closing,fantasypros_half_2026_final_closing
2026,Tahj Brooks,RB,CIN,12543,464,389.0,135,135.33,,,0,135.0,389.0,136,0.0,fantasypros_bestball_2026_final_closing,fantasypros_half_2026_final_closing
2026,Jalen White,RB,,12953,465,390.0,136,135.22,,,0,136.0,390.0,137,0.0,fantasypros_bestball_2026_final_closing,fantasypros_half_2026_final_closing
2026,Gardner Minshew II,QB,ARI,6011,466,390.5,68,67.0,,,,68.0,390.5,67,,fantasypros_bestball_2026_final_closing,fantasypros_half_2026_final_closing
2026,Jack Strand,QB,ATL,13602,467,390.5,67,68.0,,,,67.0,390.5,68,,fantasypros_bestball_2026_final_closing,fantasypros_half_2026_final_closing
2026,Diontae Johnson,WR,,5937,468,393.0,181,180.27,,,0,181.0,393.0,181,0.0,fantasypros_bestball_2026_final_closing,fantasypros_half_2026_final_closing
2026,Jarrett Stidham,QB,DEN,6136,469,395.0,69,69.8,,,,69.0,395.0,69,,fantasypros_bestball_2026_final_closing,fantasypros_half_2026_final_closing
2026,Spencer Rattler,QB,NO,11562,470,395.5,70,69.2,,,,70.0,395.5,70,,fantasypros_bestball_2026_final_closing,fantasypros_half_2026_final_closing
2026,Isaac Guerendo,RB,SF,11651,471,398.0,137,137.68,,,0,137.0,398.0,138,0.0,fantasypros_bestball_2026_final_closing,fantasypros_half_2026_final_closing
2026,Will Shipley,RB,PHI,11577,472,399.5,138,137.67,,,0,138.0,399.5,139,0.0,fantasypros_bestball_2026_final_closing,fantasypros_half_2026_final_closing
2026,Luke Schoonmaker,TE,DAL,10871,473,400.0,83,83.85,,,,83.0,400.0,83,,fantasypros_bestball_2026_final_closing,fantasypros_half_2026_final_closing
2026,Tommy DeVito,QB,NE,11292,474,400.0,71,70.9,,,,71.0,400.0,71,,fantasypros_bestball_2026_final_closing,fantasypros_half_2026_final_closing
2026,Adam Trautman,TE,DEN,6869,475,401.0,84,83.4,,,,84.0,401.0,84,,fantasypros_bestball_2026_final_closing,fantasypros_half_2026_final_closing
2026,Ja'Tavion Sanders,TE,CAR,11600,476,405.0,85,85.6,,,,85.0,405.0,85,,fantasypros_bestball_2026_final_closing,fantasypros_half_2026_final_closing
2026,Kyle Allen,QB,BUF,5127,477,405.5,72,72.47,,,,72.0,405.5,72,,fantasypros_bestball_2026_final_closing,fantasypros_half_2026_final_closing
2026,Tanner Koziol,TE,JAC,13408,478,406.0,86,85.2,,,,86.0,406.0,86,,fantasypros_bestball_2026_final_closing,fantasypros_half_2026_final_closing
2026,Davis Mills,QB,HOU,7585,479,407.5,74,73.0,,,,74.0,407.5,73,,fantasypros_bestball_2026_final_closing,fantasypros_half_2026_final_closing
2026,Sam Howell,QB,DAL,8162,480,407.5,73,74.0,,,,73.0,407.5,74,,fantasypros_bestball_2026_final_closing,fantasypros_half_2026_final_closing
2026,Trey Lance,QB,LAC,7610,481,409.5,75,74.89,,,,75.0,409.5,75,,fantasypros_bestball_2026_final_closing,fantasypros_half_2026_final_closing
2026,Stetson Bennett IV,QB,LAR,10857,482,412.0,76,75.91,,,,76.0,412.0,76,,fantasypros_bestball_2026_final_closing,fantasypros_half_2026_final_closing
2026,Joe Milton III,QB,DAL,11557,483,415.0,77,76.67,,,,77.0,415.0,77,,fantasypros_bestball_2026_final_closing,fantasypros_half_2026_final_closing
2026,Mo Alie-Cox,TE,IND,4054,484,415.0,87,87.5,,,,87.0,415.0,87,,fantasypros_bestball_2026_final_closing,fantasypros_half_2026_final_closing
2026,Jack Endries,TE,CIN,13282,485,418.0,88,88.2,,,,88.0,418.0,88,,fantasypros_bestball_2026_final_closing,fantasypros_half_2026_final_closing
2026,Tim Patrick,WR,NYJ,4351,486,419.0,182,182.68,,,0,182.0,419.0,182,0.0,fantasypros_bestball_2026_final_closing,fantasypros_half_2026_final_closing
2026,Seydou Traore,TE,MIA,13429,487,420.0,89,88.36,,,,89.0,420.0,89,,fantasypros_bestball_2026_final_closing,fantasypros_half_2026_final_closing
2026,Jalon Daniels,QB,TB,13425,488,421.0,78,78.5,,,,78.0,421.0,78,,fantasypros_bestball_2026_final_closing,fantasypros_half_2026_final_closing
2026,Marcus Mariota,QB,WAS,2307,489,423.0,79,78.8,,,,79.0,423.0,79,,fantasypros_bestball_2026_final_closing,fantasypros_half_2026_final_closing
2026,Jalen Brooks,WR,ARI,11034,490,424.0,183,182.91,,,0,183.0,424.0,183,0.0,fantasypros_bestball_2026_final_closing,fantasypros_half_2026_final_closing
2026,Jarquez Hunter,RB,,11569,491,425.0,141,141.9,,82,0,141.0,425.0,140,0.0,fantasypros_bestball_2026_final_closing,fantasypros_half_2026_final_closing
2026,Devin Neal,RB,,12476,492,425.5,142,142.0,,71,0,142.0,425.5,141,0.0,fantasypros_bestball_2026_final_closing,fantasypros_half_2026_final_closing
2026,Devin Singletary,RB,NYG,6130,493,402.5,139,138.38,86,90,4,142.38,425.7,142,23.2,fantasypros_bestball_2026_final_closing,fantasypros_half_2026_final_closing
2026,Garrett Nussmeier,QB,KC,13404,494,426.0,80,80.5,,,,80.0,426.0,80,,fantasypros_bestball_2026_final_closing,fantasypros_half_2026_final_closing
2026,J.J. McCarthy,QB,MIN,11565,495,427.0,81,81.0,,,,81.0,427.0,81,,fantasypros_bestball_2026_final_closing,fantasypros_half_2026_final_closing
2026,Jelani Woods,TE,NYJ,8219,496,429.0,90,90.5,,,,90.0,429.0,90,,fantasypros_bestball_2026_final_closing,fantasypros_half_2026_final_closing
2026,Brycen Tremayne,WR,CAR,11157,497,430.0,184,184.33,,,0,184.0,430.0,184,0.0,fantasypros_bestball_2026_final_closing,fantasypros_half_2026_final_closing
2026,Bauer Sharp,TE,TB,13308,498,432.0,91,90.5,,,,91.0,432.0,91,,fantasypros_bestball_2026_final_closing,fantasypros_half_2026_final_closing
2026,Sage Surratt,WR,,7576,499,433.0,185,185.5,,,0,185.0,433.0,185,0.0,fantasypros_bestball_2026_final_closing,fantasypros_half_2026_final_closing
2026,Dee Eskridge,WR,,7612,500,434.0,186,185.5,,,0,186.0,434.0,186,0.0,fantasypros_bestball_2026_final_closing,fantasypros_half_2026_final_closing
2026,Tay Martin,WR,DET,8250,501,437.0,187,186.6,,,0,187.0,437.0,187,0.0,fantasypros_bestball_2026_final_closing,fantasypros_half_2026_final_closing
2026,Jake Briningstool,TE,KC,12817,502,441.0,92,92.2,,,,92.0,441.0,92,,fantasypros_bestball_2026_final_closing,fantasypros_half_2026_final_closing
2026,Hunter Renfrow,WR,,5955,503,444.0,188,188.0,,,0,188.0,444.0,188,0.0,fantasypros_bestball_2026_final_closing,fantasypros_half_2026_final_closing
2026,Dallen Bentley,TE,DEN,13577,504,447.0,93,93.0,,,,93.0,447.0,93,,fantasypros_bestball_2026_final_closing,fantasypros_half_2026_final_closing
