season,season_name,game_id,date,home,away,home_score,away_score,commentary_n,corners_commentary,corners_boxscore,goals_commentary,ok,note
2025,"2025 MLS, Regular Season",726800,2025-02-22,LAFC,Minnesota United FC,1,0,105,8,8,1,1,
2025,"2025 MLS, Regular Season",726799,2025-02-23,Inter Miami CF,New York City FC,2,2,104,9,9,4,1,
2025,"2025 MLS, Regular Season",726801,2025-02-23,FC Cincinnati,Red Bull New York,1,0,87,6,6,1,1,
2025,"2025 MLS, Regular Season",726802,2025-02-23,D.C. United,Toronto FC,2,2,110,9,9,4,1,
2025,"2025 MLS, Regular Season",726803,2025-02-23,Columbus Crew,Chicago Fire FC,4,2,105,7,7,6,1,
2025,"2025 MLS, Regular Season",726804,2025-02-23,Atlanta United FC,CF Montréal,3,2,125,12,12,5,1,
2025,"2025 MLS, Regular Season",726805,2025-02-23,Orlando City SC,Philadelphia Union,2,4,120,15,15,6,1,
2025,"2025 MLS, Regular Season",726806,2025-02-23,Nashville SC,New England Revolution,0,0,102,12,12,0,1,
2025,"2025 MLS, Regular Season",726807,2025-02-23,Austin FC,Sporting Kansas City,1,0,106,5,5,1,1,
2025,"2025 MLS, Regular Season",726808,2025-02-23,St. Louis CITY SC,Colorado Rapids,0,0,92,7,7,0,1,
2025,"2025 MLS, Regular Season",726809,2025-02-23,Houston Dynamo FC,FC Dallas,1,2,102,8,8,3,1,
2025,"2025 MLS, Regular Season",726810,2025-02-23,Seattle Sounders FC,Charlotte FC,2,2,113,11,11,4,1,
2025,"2025 MLS, Regular Season",726811,2025-02-23,San Jose Earthquakes,Real Salt Lake,4,0,132,11,11,4,1,
2025,"2025 MLS, Regular Season",726812,2025-02-23,Portland Timbers,Vancouver Whitecaps,1,4,118,13,13,5,1,
2025,"2025 MLS, Regular Season",726813,2025-02-24,LA Galaxy,San Diego FC,0,2,94,4,4,2,1,
2025,"2025 MLS, Regular Season",726814,2025-03-01,Charlotte FC,Atlanta United FC,2,0,99,6,6,2,1,
2025,"2025 MLS, Regular Season",726815,2025-03-01,Real Salt Lake,Seattle Sounders FC,2,0,110,7,7,2,1,
2025,"2025 MLS, Regular Season",726816,2025-03-02,Orlando City SC,Toronto FC,4,2,93,4,4,6,1,
2025,"2025 MLS, Regular Season",726817,2025-03-02,Red Bull New York,Nashville SC,2,0,116,6,6,2,1,
2025,"2025 MLS, Regular Season",726818,2025-03-02,New England Revolution,Columbus Crew,0,1,107,5,5,1,1,
2025,"2025 MLS, Regular Season",726819,2025-03-02,Philadelphia Union,FC Cincinnati,4,1,90,9,9,5,1,
2025,"2025 MLS, Regular Season",726820,2025-03-02,Sporting Kansas City,San Jose Earthquakes,1,2,116,8,8,3,1,
2025,"2025 MLS, Regular Season",726821,2025-03-02,Chicago Fire FC,D.C. United,2,2,128,15,15,4,1,
2025,"2025 MLS, Regular Season",726822,2025-03-02,Minnesota United FC,CF Montréal,1,0,88,7,7,1,1,
2025,"2025 MLS, Regular Season",726823,2025-03-02,Colorado Rapids,FC Dallas,3,3,113,7,7,6,1,
2025,"2025 MLS, Regular Season",726824,2025-03-02,San Diego FC,St. Louis CITY SC,0,0,108,9,9,0,1,
2025,"2025 MLS, Regular Season",726825,2025-03-02,LAFC,New York City FC,1,0,100,10,10,1,1,
2025,"2025 MLS, Regular Season",726826,2025-03-02,Portland Timbers,Austin FC,1,0,113,11,11,1,1,
2025,"2025 MLS, Regular Season",726827,2025-03-02,Vancouver Whitecaps,LA Galaxy,2,1,95,7,7,3,1,
2025,"2025 MLS, Regular Season",726828,2025-03-03,Houston Dynamo FC,Inter Miami CF,1,4,132,4,4,5,1,
2025,"2025 MLS, Regular Season",726829,2025-03-08,Columbus Crew,Houston Dynamo FC,0,0,107,9,9,0,1,
2025,"2025 MLS, Regular Season",726830,2025-03-08,Seattle Sounders FC,LAFC,5,2,104,13,13,7,1,
2025,"2025 MLS, Regular Season",726831,2025-03-09,Atlanta United FC,Red Bull New York,0,0,90,7,7,0,1,
2025,"2025 MLS, Regular Season",726832,2025-03-09,FC Cincinnati,Toronto FC,2,0,92,9,9,2,1,
2025,"2025 MLS, Regular Season",726833,2025-03-09,New York City FC,Orlando City SC,2,1,114,11,11,3,1,
2025,"2025 MLS, Regular Season",726834,2025-03-09,D.C. United,Sporting Kansas City,2,1,127,7,7,3,1,
2025,"2025 MLS, Regular Season",726835,2025-03-09,New England Revolution,Philadelphia Union,0,2,137,9,9,2,1,
2025,"2025 MLS, Regular Season",726836,2025-03-09,FC Dallas,Chicago Fire FC,1,3,120,8,8,4,1,
2025,"2025 MLS, Regular Season",726837,2025-03-09,Nashville SC,Portland Timbers,2,0,104,7,7,2,1,
2025,"2025 MLS, Regular Season",726838,2025-03-09,Austin FC,Colorado Rapids,0,1,110,10,10,1,1,
2025,"2025 MLS, Regular Season",726839,2025-03-09,Real Salt Lake,San Diego FC,1,3,111,10,10,4,1,
2025,"2025 MLS, Regular Season",726840,2025-03-09,Vancouver Whitecaps,CF Montréal,2,0,115,15,15,2,1,
2025,"2025 MLS, Regular Season",726841,2025-03-09,San Jose Earthquakes,Minnesota United FC,0,1,113,13,14,1,0,boxscore corners 14 != commentary 13
2025,"2025 MLS, Regular Season",726842,2025-03-09,Inter Miami CF,Charlotte FC,1,0,101,15,15,1,1,
2025,"2025 MLS, Regular Season",726843,2025-03-09,LA Galaxy,St. Louis CITY SC,0,3,107,17,17,3,1,
2025,"2025 MLS, Regular Season",726844,2025-03-15,Red Bull New York,Orlando City SC,2,2,114,8,8,4,1,
2025,"2025 MLS, Regular Season",726845,2025-03-15,Toronto FC,Chicago Fire FC,1,2,91,9,9,3,1,
2025,"2025 MLS, Regular Season",726846,2025-03-15,LAFC,Austin FC,0,1,119,11,11,1,1,
2025,"2025 MLS, Regular Season",726847,2025-03-15,Charlotte FC,FC Cincinnati,2,0,104,11,11,2,1,
2025,"2025 MLS, Regular Season",726848,2025-03-15,D.C. United,CF Montréal,0,0,134,8,8,0,1,
2025,"2025 MLS, Regular Season",726849,2025-03-15,New York City FC,New England Revolution,2,1,106,16,16,3,1,
2025,"2025 MLS, Regular Season",726850,2025-03-16,Sporting Kansas City,Minnesota United FC,3,3,114,8,8,6,1,
2025,"2025 MLS, Regular Season",726851,2025-03-16,St. Louis CITY SC,Seattle Sounders FC,1,0,113,11,11,1,1,
2025,"2025 MLS, Regular Season",726852,2025-03-16,Houston Dynamo FC,Real Salt Lake,1,2,112,15,15,3,1,
2025,"2025 MLS, Regular Season",726853,2025-03-16,FC Dallas,Vancouver Whitecaps,0,1,107,9,10,1,0,boxscore corners 10 != commentary 9
2025,"2025 MLS, Regular Season",726854,2025-03-16,San Diego FC,Columbus Crew,1,1,109,11,11,2,1,
2025,"2025 MLS, Regular Season",726855,2025-03-16,San Jose Earthquakes,Colorado Rapids,1,2,114,14,14,3,1,
2025,"2025 MLS, Regular Season",726856,2025-03-16,Philadelphia Union,Nashville SC,1,3,124,9,9,4,1,
2025,"2025 MLS, Regular Season",726857,2025-03-16,Portland Timbers,LA Galaxy,1,1,103,12,13,2,0,boxscore corners 13 != commentary 12
2025,"2025 MLS, Regular Season",726858,2025-03-16,Atlanta United FC,Inter Miami CF,1,2,106,10,10,3,1,
2025,"2025 MLS, Regular Season",726859,2025-03-22,FC Cincinnati,Atlanta United FC,2,2,121,4,4,4,1,
2025,"2025 MLS, Regular Season",726860,2025-03-22,Minnesota United FC,LA Galaxy,2,2,117,8,8,4,1,
2025,"2025 MLS, Regular Season",726861,2025-03-22,Charlotte FC,San Jose Earthquakes,4,1,105,5,5,5,1,
2025,"2025 MLS, Regular Season",726862,2025-03-22,Philadelphia Union,St. Louis CITY SC,1,0,140,12,12,1,1,
2025,"2025 MLS, Regular Season",726863,2025-03-22,Columbus Crew,New York City FC,0,0,103,10,10,0,1,
2025,"2025 MLS, Regular Season",726864,2025-03-22,Orlando City SC,D.C. United,4,1,110,11,11,5,1,
2025,"2025 MLS, Regular Season",726865,2025-03-22,Red Bull New York,Toronto FC,2,1,99,6,6,3,1,
2025,"2025 MLS, Regular Season",726866,2025-03-23,Sporting Kansas City,LAFC,0,2,110,12,12,2,1,
2025,"2025 MLS, Regular Season",726867,2025-03-23,Nashville SC,CF Montréal,3,0,103,8,8,3,1,
2025,"2025 MLS, Regular Season",726868,2025-03-23,Colorado Rapids,Portland Timbers,0,3,89,9,9,3,1,
2025,"2025 MLS, Regular Season",726869,2025-03-23,Real Salt Lake,FC Dallas,0,1,134,10,10,1,1,
2025,"2025 MLS, Regular Season",726870,2025-03-23,Seattle Sounders FC,Houston Dynamo FC,0,0,116,7,7,0,1,
2025,"2025 MLS, Regular Season",726871,2025-03-23,Vancouver Whitecaps,Chicago Fire FC,1,3,101,9,10,4,0,boxscore corners 10 != commentary 9
2025,"2025 MLS, Regular Season",726872,2025-03-23,Austin FC,San Diego FC,2,1,129,14,14,3,1,
2025,"2025 MLS, Regular Season",726873,2025-03-29,Toronto FC,Vancouver Whitecaps,0,0,125,15,15,0,1,
2025,"2025 MLS, Regular Season",726874,2025-03-29,New England Revolution,Red Bull New York,2,1,127,7,7,3,1,
2025,"2025 MLS, Regular Season",726875,2025-03-29,Colorado Rapids,Charlotte FC,2,0,96,9,9,2,1,
2025,"2025 MLS, Regular Season",726876,2025-03-29,Inter Miami CF,Philadelphia Union,2,1,138,8,8,3,1,
2025,"2025 MLS, Regular Season",726877,2025-03-29,D.C. United,Columbus Crew,1,2,101,7,7,3,1,
2025,"2025 MLS, Regular Season",726878,2025-03-29,Atlanta United FC,New York City FC,4,3,109,8,8,7,1,
2025,"2025 MLS, Regular Season",726879,2025-03-30,Minnesota United FC,Real Salt Lake,2,0,114,7,7,2,1,
2025,"2025 MLS, Regular Season",726880,2025-03-30,Chicago Fire FC,CF Montréal,1,1,126,10,10,2,1,
2025,"2025 MLS, Regular Season",726881,2025-03-30,Nashville SC,FC Cincinnati,1,2,112,9,9,3,1,
2025,"2025 MLS, Regular Season",726882,2025-03-30,FC Dallas,Sporting Kansas City,2,1,102,9,9,3,1,
2025,"2025 MLS, Regular Season",726883,2025-03-30,San Jose Earthquakes,Seattle Sounders FC,1,1,144,16,16,2,1,
2025,"2025 MLS, Regular Season",726884,2025-03-30,San Diego FC,LAFC,3,2,100,6,6,5,1,
2025,"2025 MLS, Regular Season",726885,2025-03-30,LA Galaxy,Orlando City SC,1,2,108,8,8,3,1,
2025,"2025 MLS, Regular Season",726886,2025-03-30,St. Louis CITY SC,Austin FC,0,1,117,11,11,1,1,
2025,"2025 MLS, Regular Season",726887,2025-03-30,Portland Timbers,Houston Dynamo FC,3,1,110,15,15,4,1,
2025,"2025 MLS, Regular Season",726888,2025-04-05,Charlotte FC,Nashville SC,2,1,130,11,11,3,1,
2025,"2025 MLS, Regular Season",726889,2025-04-05,Real Salt Lake,LA Galaxy,2,0,104,5,5,2,1,
2025,"2025 MLS, Regular Season",726890,2025-04-05,Red Bull New York,Chicago Fire FC,2,1,96,6,6,3,1,
2025,"2025 MLS, Regular Season",726891,2025-04-05,Philadelphia Union,Orlando City SC,0,0,118,9,10,0,0,boxscore corners 10 != commentary 9
2025,"2025 MLS, Regular Season",726892,2025-04-05,FC Cincinnati,New England Revolution,1,0,110,17,17,1,1,
2025,"2025 MLS, Regular Season",726893,2025-04-05,Columbus Crew,CF Montréal,2,1,112,8,8,3,1,
2025,"2025 MLS, Regular Season",726894,2025-04-05,Atlanta United FC,FC Dallas,1,1,113,13,13,2,1,
2025,"2025 MLS, Regular Season",726895,2025-04-05,Austin FC,Portland Timbers,0,0,103,10,10,0,1,
2025,"2025 MLS, Regular Season",726896,2025-04-06,Sporting Kansas City,St. Louis CITY SC,2,0,100,7,7,2,1,
2025,"2025 MLS, Regular Season",726897,2025-04-06,Houston Dynamo FC,LAFC,1,0,127,13,13,1,1,
2025,"2025 MLS, Regular Season",726898,2025-04-06,Vancouver Whitecaps,Colorado Rapids,2,0,112,15,15,2,1,
2025,"2025 MLS, Regular Season",726899,2025-04-06,San Diego FC,Seattle Sounders FC,3,0,125,8,8,3,1,
2025,"2025 MLS, Regular Season",726900,2025-04-06,New York City FC,Minnesota United FC,1,2,115,17,17,3,1,
2025,"2025 MLS, Regular Season",726901,2025-04-06,Inter Miami CF,Toronto FC,1,1,118,11,13,2,0,boxscore corners 13 != commentary 11
2025,"2025 MLS, Regular Season",726902,2025-04-06,San Jose Earthquakes,D.C. United,6,1,124,7,7,7,1,
2025,"2025 MLS, Regular Season",726903,2025-04-12,Toronto FC,Minnesota United FC,0,0,99,8,8,0,1,
2025,"2025 MLS, Regular Season",726904,2025-04-12,Atlanta United FC,New England Revolution,0,1,142,16,16,1,1,
2025,"2025 MLS, Regular Season",726905,2025-04-12,Orlando City SC,Red Bull New York,0,0,115,9,9,0,1,
2025,"2025 MLS, Regular Season",726906,2025-04-12,Vancouver Whitecaps,Austin FC,5,1,119,9,9,6,1,
2025,"2025 MLS, Regular Season",726907,2025-04-12,New York City FC,Philadelphia Union,1,0,99,12,12,1,1,
2025,"2025 MLS, Regular Season",726908,2025-04-12,D.C. United,FC Cincinnati,0,1,113,14,14,1,1,
2025,"2025 MLS, Regular Season",726912,2025-04-12,CF Montréal,Charlotte FC,0,1,108,12,12,1,1,
2025,"2025 MLS, Regular Season",726909,2025-04-13,Nashville SC,Real Salt Lake,2,1,121,6,6,3,1,
2025,"2025 MLS, Regular Season",726910,2025-04-13,FC Dallas,Seattle Sounders FC,0,1,142,9,9,1,1,
2025,"2025 MLS, Regular Season",726911,2025-04-13,Colorado Rapids,San Diego FC,3,2,101,8,8,5,1,
2025,"2025 MLS, Regular Season",726913,2025-04-13,LAFC,San Jose Earthquakes,2,1,121,10,10,3,1,
2025,"2025 MLS, Regular Season",726914,2025-04-13,LA Galaxy,Houston Dynamo FC,1,1,111,12,12,2,1,
2025,"2025 MLS, Regular Season",726915,2025-04-13,Sporting Kansas City,Portland Timbers,2,4,117,13,13,6,1,
2025,"2025 MLS, Regular Season",726916,2025-04-13,Chicago Fire FC,Inter Miami CF,0,0,112,9,9,0,1,
2025,"2025 MLS, Regular Season",726917,2025-04-13,St. Louis CITY SC,Columbus Crew,1,2,119,6,6,3,1,
2025,"2025 MLS, Regular Season",726918,2025-04-19,Austin FC,LA Galaxy,1,0,108,15,15,1,1,
2025,"2025 MLS, Regular Season",726919,2025-04-19,Columbus Crew,Inter Miami CF,0,1,111,9,9,1,1,
2025,"2025 MLS, Regular Season",726920,2025-04-19,Charlotte FC,San Diego FC,3,0,120,5,5,3,1,
2025,"2025 MLS, Regular Season",726921,2025-04-19,CF Montréal,Orlando City SC,0,0,108,10,10,0,1,
2025,"2025 MLS, Regular Season",726922,2025-04-19,Seattle Sounders FC,Nashville SC,3,0,124,10,10,3,1,
2025,"2025 MLS, Regular Season",726923,2025-04-19,Philadelphia Union,Atlanta United FC,3,0,99,7,7,3,1,
2025,"2025 MLS, Regular Season",726924,2025-04-19,Red Bull New York,D.C. United,1,2,102,10,10,3,1,
2025,"2025 MLS, Regular Season",726925,2025-04-19,New England Revolution,New York City FC,2,0,98,11,11,2,1,
2025,"2025 MLS, Regular Season",726926,2025-04-20,St. Louis CITY SC,Vancouver Whitecaps,0,0,117,11,11,0,1,
2025,"2025 MLS, Regular Season",726927,2025-04-20,Chicago Fire FC,FC Cincinnati,2,3,114,7,7,5,1,
2025,"2025 MLS, Regular Season",726928,2025-04-20,Minnesota United FC,FC Dallas,0,0,110,12,12,0,1,
2025,"2025 MLS, Regular Season",726929,2025-04-20,Houston Dynamo FC,Colorado Rapids,2,2,113,10,10,4,1,
2025,"2025 MLS, Regular Season",726930,2025-04-20,Real Salt Lake,Toronto FC,0,1,128,8,9,1,0,boxscore corners 9 != commentary 8
2025,"2025 MLS, Regular Season",726931,2025-04-20,Portland Timbers,LAFC,3,3,117,9,9,6,1,
2025,"2025 MLS, Regular Season",726932,2025-04-20,San Jose Earthquakes,Sporting Kansas City,3,5,123,6,6,8,1,
2025,"2025 MLS, Regular Season",726933,2025-04-26,FC Cincinnati,Sporting Kansas City,2,1,93,9,9,3,1,
2025,"2025 MLS, Regular Season",726934,2025-04-26,Toronto FC,New York City FC,0,1,107,13,13,1,1,
2025,"2025 MLS, Regular Season",726935,2025-04-26,Red Bull New York,CF Montréal,1,0,97,10,10,1,1,
2025,"2025 MLS, Regular Season",726936,2025-04-26,Philadelphia Union,D.C. United,3,0,108,9,9,3,1,
2025,"2025 MLS, Regular Season",726937,2025-04-26,Orlando City SC,Atlanta United FC,3,0,109,8,8,3,1,
2025,"2025 MLS, Regular Season",726938,2025-04-26,San Diego FC,Real Salt Lake,1,3,134,6,6,4,1,
2025,"2025 MLS, Regular Season",726940,2025-04-26,Charlotte FC,New England Revolution,0,1,111,1,1,1,1,
2025,"2025 MLS, Regular Season",726941,2025-04-26,Columbus Crew,San Jose Earthquakes,2,1,101,9,9,3,1,
2025,"2025 MLS, Regular Season",726939,2025-04-27,Inter Miami CF,FC Dallas,3,4,104,11,11,7,1,
2025,"2025 MLS, Regular Season",726942,2025-04-27,Houston Dynamo FC,Austin FC,2,0,121,6,6,2,1,
2025,"2025 MLS, Regular Season",726943,2025-04-27,Nashville SC,Chicago Fire FC,7,2,107,5,5,9,1,
2025,"2025 MLS, Regular Season",726944,2025-04-27,Minnesota United FC,Vancouver Whitecaps,1,3,107,7,7,4,1,
2025,"2025 MLS, Regular Season",726945,2025-04-27,Colorado Rapids,Seattle Sounders FC,1,1,101,10,10,2,1,
2025,"2025 MLS, Regular Season",726947,2025-04-27,LAFC,St. Louis CITY SC,2,2,102,8,8,4,1,
2025,"2025 MLS, Regular Season",726946,2025-04-28,LA Galaxy,Portland Timbers,2,4,104,7,7,6,1,
2025,"2025 MLS, Regular Season",726948,2025-05-03,Atlanta United FC,Nashville SC,1,1,72,10,10,2,1,
2025,"2025 MLS, Regular Season",726949,2025-05-03,Toronto FC,New England Revolution,0,2,97,8,8,2,1,
2025,"2025 MLS, Regular Season",726950,2025-05-03,CF Montréal,Philadelphia Union,1,2,127,8,8,3,1,
2025,"2025 MLS, Regular Season",726951,2025-05-03,Inter Miami CF,Red Bull New York,4,1,104,9,9,5,1,
2025,"2025 MLS, Regular Season",726952,2025-05-03,Columbus Crew,Charlotte FC,4,2,96,12,12,6,1,
2025,"2025 MLS, Regular Season",726953,2025-05-03,D.C. United,Colorado Rapids,2,1,123,6,6,3,1,
2025,"2025 MLS, Regular Season",726954,2025-05-04,Austin FC,Minnesota United FC,0,3,105,7,7,3,1,
2025,"2025 MLS, Regular Season",726955,2025-05-04,Chicago Fire FC,Orlando City SC,0,0,122,13,13,0,1,
2025,"2025 MLS, Regular Season",726956,2025-05-04,San Diego FC,FC Dallas,5,0,123,9,9,5,1,
2025,"2025 MLS, Regular Season",726957,2025-05-04,Vancouver Whitecaps,Real Salt Lake,2,1,125,14,14,3,1,
2025,"2025 MLS, Regular Season",726958,2025-05-04,San Jose Earthquakes,Portland Timbers,4,1,117,8,8,5,1,
2025,"2025 MLS, Regular Season",726959,2025-05-04,Seattle Sounders FC,St. Louis CITY SC,4,1,116,8,8,5,1,
2025,"2025 MLS, Regular Season",726960,2025-05-04,LAFC,Houston Dynamo FC,2,0,117,8,8,2,1,
2025,"2025 MLS, Regular Season",726961,2025-05-04,New York City FC,FC Cincinnati,1,0,127,13,13,1,1,
2025,"2025 MLS, Regular Season",726962,2025-05-04,Sporting Kansas City,LA Galaxy,1,0,85,13,13,1,1,
2025,"2025 MLS, Regular Season",726963,2025-05-10,Chicago Fire FC,Atlanta United FC,2,1,110,10,10,3,1,
2025,"2025 MLS, Regular Season",726964,2025-05-10,Toronto FC,D.C. United,2,0,122,9,9,2,1,
2025,"2025 MLS, Regular Season",726965,2025-05-10,Minnesota United FC,Inter Miami CF,4,1,97,13,13,5,1,
2025,"2025 MLS, Regular Season",726966,2025-05-10,Philadelphia Union,Columbus Crew,2,2,105,8,8,4,1,
2025,"2025 MLS, Regular Season",726967,2025-05-10,FC Cincinnati,Austin FC,2,1,116,12,12,3,1,
2025,"2025 MLS, Regular Season",726968,2025-05-10,Orlando City SC,New England Revolution,3,3,126,9,9,6,1,
2025,"2025 MLS, Regular Season",726969,2025-05-10,New York City FC,CF Montréal,0,1,119,14,14,1,1,
2025,"2025 MLS, Regular Season",726970,2025-05-10,Red Bull New York,LA Galaxy,7,0,118,8,8,7,1,
2025,"2025 MLS, Regular Season",726971,2025-05-11,St. Louis CITY SC,San Diego FC,1,2,96,7,7,3,1,
2025,"2025 MLS, Regular Season",726972,2025-05-11,Houston Dynamo FC,Seattle Sounders FC,1,3,124,13,13,4,1,
2025,"2025 MLS, Regular Season",726973,2025-05-11,FC Dallas,Real Salt Lake,1,1,119,5,5,2,1,
2025,"2025 MLS, Regular Season",726974,2025-05-11,Nashville SC,Charlotte FC,2,1,112,15,17,3,0,boxscore corners 17 != commentary 15
2025,"2025 MLS, Regular Season",726975,2025-05-11,Colorado Rapids,San Jose Earthquakes,0,2,114,6,6,2,1,
2025,"2025 MLS, Regular Season",726976,2025-05-11,Portland Timbers,Sporting Kansas City,1,0,107,8,8,1,1,
2025,"2025 MLS, Regular Season",726977,2025-05-11,Vancouver Whitecaps,LAFC,2,2,119,12,13,4,0,boxscore corners 13 != commentary 12
2025,"2025 MLS, Regular Season",726978,2025-05-14,Orlando City SC,Charlotte FC,3,1,76,3,3,4,1,
2025,"2025 MLS, Regular Season",726979,2025-05-14,CF Montréal,Columbus Crew,1,1,79,5,5,2,1,
2025,"2025 MLS, Regular Season",726980,2025-05-14,D.C. United,New York City FC,0,0,109,13,13,0,1,
2025,"2025 MLS, Regular Season",726981,2025-05-14,Philadelphia Union,LA Galaxy,3,2,106,14,14,5,1,
2025,"2025 MLS, Regular Season",726982,2025-05-14,Toronto FC,FC Cincinnati,0,1,98,5,5,1,1,
2025,"2025 MLS, Regular Season",726983,2025-05-15,Nashville SC,Red Bull New York,2,1,111,11,11,3,1,
2025,"2025 MLS, Regular Season",726984,2025-05-15,Houston Dynamo FC,Minnesota United FC,2,0,110,12,12,2,1,
2025,"2025 MLS, Regular Season",726985,2025-05-15,Austin FC,Atlanta United FC,1,1,105,14,14,2,1,
2025,"2025 MLS, Regular Season",726986,2025-05-15,St. Louis CITY SC,Sporting Kansas City,2,2,131,10,10,4,1,
2025,"2025 MLS, Regular Season",726987,2025-05-15,Real Salt Lake,Portland Timbers,0,0,99,4,4,0,1,
2025,"2025 MLS, Regular Season",726988,2025-05-15,San Diego FC,Colorado Rapids,2,0,128,12,13,2,0,boxscore corners 13 != commentary 12
2025,"2025 MLS, Regular Season",726989,2025-05-15,San Jose Earthquakes,Inter Miami CF,3,3,115,9,9,6,1,
2025,"2025 MLS, Regular Season",726990,2025-05-15,LAFC,Seattle Sounders FC,4,0,116,8,8,4,1,
2025,"2025 MLS, Regular Season",726991,2025-05-17,CF Montréal,Toronto FC,1,6,117,8,8,7,1,
2025,"2025 MLS, Regular Season",726992,2025-05-17,New York City FC,Red Bull New York,2,0,112,10,10,2,1,
2025,"2025 MLS, Regular Season",726993,2025-05-17,Columbus Crew,FC Cincinnati,1,1,106,16,16,2,1,
2025,"2025 MLS, Regular Season",726994,2025-05-17,Atlanta United FC,Philadelphia Union,0,1,103,10,10,1,1,
2025,"2025 MLS, Regular Season",726995,2025-05-17,Charlotte FC,Chicago Fire FC,1,4,122,14,14,5,1,
2025,"2025 MLS, Regular Season",726996,2025-05-17,New England Revolution,San Jose Earthquakes,0,0,120,8,8,0,1,
2025,"2025 MLS, Regular Season",726997,2025-05-18,FC Dallas,Houston Dynamo FC,0,2,119,13,13,2,1,
2025,"2025 MLS, Regular Season",726998,2025-05-18,Austin FC,Vancouver Whitecaps,0,0,112,12,12,0,1,
2025,"2025 MLS, Regular Season",726999,2025-05-18,Nashville SC,D.C. United,0,0,106,6,6,0,1,
2025,"2025 MLS, Regular Season",727000,2025-05-18,Minnesota United FC,St. Louis CITY SC,3,0,103,11,11,3,1,
2025,"2025 MLS, Regular Season",727001,2025-05-18,Colorado Rapids,Real Salt Lake,1,0,94,6,6,1,1,
2025,"2025 MLS, Regular Season",727002,2025-05-18,Portland Timbers,Seattle Sounders FC,1,1,111,11,11,2,1,
2025,"2025 MLS, Regular Season",727003,2025-05-18,San Diego FC,Sporting Kansas City,0,0,125,10,10,0,1,
2025,"2025 MLS, Regular Season",727004,2025-05-18,Inter Miami CF,Orlando City SC,0,3,123,12,12,3,1,
2025,"2025 MLS, Regular Season",727005,2025-05-19,LA Galaxy,LAFC,2,2,115,2,2,4,1,
2025,"2025 MLS, Regular Season",727006,2025-05-24,Seattle Sounders FC,FC Dallas,1,0,110,9,9,1,1,
2025,"2025 MLS, Regular Season",727007,2025-05-24,San Diego FC,LA Galaxy,2,1,105,11,11,3,1,
2025,"2025 MLS, Regular Season",727008,2025-05-24,CF Montréal,LAFC,2,2,119,8,8,4,1,
2025,"2025 MLS, Regular Season",727009,2025-05-24,Charlotte FC,Columbus Crew,3,2,80,10,10,5,1,
2025,"2025 MLS, Regular Season",727010,2025-05-24,D.C. United,Red Bull New York,0,2,95,5,5,2,1,
2025,"2025 MLS, Regular Season",727011,2025-05-24,Orlando City SC,Portland Timbers,1,0,98,5,5,1,1,
2025,"2025 MLS, Regular Season",727012,2025-05-24,Philadelphia Union,Inter Miami CF,3,3,114,15,15,6,1,
2025,"2025 MLS, Regular Season",727013,2025-05-24,Toronto FC,Nashville SC,1,2,91,9,9,3,1,
2025,"2025 MLS, Regular Season",727014,2025-05-25,Sporting Kansas City,New England Revolution,3,3,108,6,6,6,1,
2025,"2025 MLS, Regular Season",727015,2025-05-25,Minnesota United FC,Austin FC,1,1,105,4,4,2,1,
2025,"2025 MLS, Regular Season",727016,2025-05-25,Colorado Rapids,St. Louis CITY SC,1,0,96,7,8,1,0,boxscore corners 8 != commentary 7
2025,"2025 MLS, Regular Season",727017,2025-05-25,Real Salt Lake,Vancouver Whitecaps,2,3,134,14,14,5,1,
2025,"2025 MLS, Regular Season",727018,2025-05-25,San Jose Earthquakes,Houston Dynamo FC,3,3,141,18,18,6,1,
2025,"2025 MLS, Regular Season",727019,2025-05-25,New York City FC,Chicago Fire FC,3,1,142,13,13,4,1,
2025,"2025 MLS, Regular Season",727020,2025-05-25,Atlanta United FC,FC Cincinnati,4,2,118,13,0,6,1,
2025,"2025 MLS, Regular Season",727021,2025-05-28,Atlanta United FC,Orlando City SC,3,2,98,11,11,5,1,
2025,"2025 MLS, Regular Season",727022,2025-05-28,Inter Miami CF,CF Montréal,4,2,122,2,2,6,1,
2025,"2025 MLS, Regular Season",727023,2025-05-28,D.C. United,New England Revolution,1,1,128,7,7,2,1,
2025,"2025 MLS, Regular Season",727024,2025-05-28,FC Cincinnati,FC Dallas,3,3,115,10,10,6,1,
2025,"2025 MLS, Regular Season",727025,2025-05-28,New York City FC,Houston Dynamo FC,0,3,106,11,11,3,1,
2025,"2025 MLS, Regular Season",727026,2025-05-28,Toronto FC,Philadelphia Union,1,2,126,12,12,3,1,
2025,"2025 MLS, Regular Season",727027,2025-05-28,Red Bull New York,Charlotte FC,4,2,103,7,7,6,1,
2025,"2025 MLS, Regular Season",727028,2025-05-29,Columbus Crew,Nashville SC,2,2,100,10,10,4,1,
2025,"2025 MLS, Regular Season",727029,2025-05-29,Austin FC,Real Salt Lake,1,1,118,13,13,2,1,
2025,"2025 MLS, Regular Season",727030,2025-05-29,Seattle Sounders FC,San Diego FC,1,0,109,10,10,1,1,
2025,"2025 MLS, Regular Season",727031,2025-05-29,LA Galaxy,San Jose Earthquakes,0,1,108,14,14,1,1,
2025,"2025 MLS, Regular Season",727032,2025-05-29,Portland Timbers,Colorado Rapids,2,1,137,9,9,3,1,
2025,"2025 MLS, Regular Season",727033,2025-05-29,Vancouver Whitecaps,Minnesota United FC,0,0,95,8,8,0,1,
2025,"2025 MLS, Regular Season",727035,2025-05-31,St. Louis CITY SC,San Jose Earthquakes,2,1,136,15,15,3,1,
2025,"2025 MLS, Regular Season",727036,2025-05-31,Nashville SC,New York City FC,2,2,98,7,7,4,1,
2025,"2025 MLS, Regular Season",727037,2025-05-31,Red Bull New York,Atlanta United FC,2,0,106,9,9,2,1,
2025,"2025 MLS, Regular Season",727038,2025-05-31,Orlando City SC,Chicago Fire FC,1,3,131,14,14,4,1,
2025,"2025 MLS, Regular Season",727039,2025-05-31,CF Montréal,New England Revolution,0,3,114,4,4,3,1,
2025,"2025 MLS, Regular Season",727040,2025-05-31,Inter Miami CF,Columbus Crew,5,1,104,10,10,6,1,
2025,"2025 MLS, Regular Season",727041,2025-05-31,FC Cincinnati,D.C. United,1,2,135,10,10,3,1,
2025,"2025 MLS, Regular Season",727042,2025-05-31,Toronto FC,Charlotte FC,0,2,106,10,10,2,1,
2025,"2025 MLS, Regular Season",727043,2025-06-01,FC Dallas,Philadelphia Union,0,0,122,13,13,0,1,
2025,"2025 MLS, Regular Season",727044,2025-06-01,Houston Dynamo FC,Sporting Kansas City,1,3,121,13,13,4,1,
2025,"2025 MLS, Regular Season",727047,2025-06-01,LA Galaxy,Real Salt Lake,2,0,101,12,12,2,1,
2025,"2025 MLS, Regular Season",727048,2025-06-01,San Diego FC,Austin FC,2,0,103,8,8,2,1,
2025,"2025 MLS, Regular Season",727049,2025-06-01,Seattle Sounders FC,Minnesota United FC,2,3,114,9,9,5,1,
2025,"2025 MLS, Regular Season",727050,2025-06-07,D.C. United,Chicago Fire FC,1,7,97,16,16,8,1,
2025,"2025 MLS, Regular Season",727051,2025-06-08,Colorado Rapids,Austin FC,0,2,99,14,14,2,1,
2025,"2025 MLS, Regular Season",727052,2025-06-08,Portland Timbers,St. Louis CITY SC,2,1,123,12,12,3,1,
2025,"2025 MLS, Regular Season",727034,2025-06-09,LAFC,Sporting Kansas City,3,1,130,10,10,4,1,
2025,"2025 MLS, Regular Season",727053,2025-06-09,Vancouver Whitecaps,Seattle Sounders FC,3,0,90,6,6,3,1,
2025,"2025 MLS, Regular Season",727054,2025-06-12,New York City FC,Atlanta United FC,4,0,86,10,10,4,1,
2025,"2025 MLS, Regular Season",727056,2025-06-14,Portland Timbers,San Jose Earthquakes,1,1,111,15,15,2,1,
2025,"2025 MLS, Regular Season",727057,2025-06-14,St. Louis CITY SC,LA Galaxy,3,3,100,9,9,6,1,
2025,"2025 MLS, Regular Season",727058,2025-06-14,Philadelphia Union,Charlotte FC,2,1,127,12,12,3,1,
2025,"2025 MLS, Regular Season",727059,2025-06-14,New England Revolution,FC Cincinnati,0,1,99,11,11,1,1,
2025,"2025 MLS, Regular Season",727060,2025-06-14,Columbus Crew,Vancouver Whitecaps,2,1,103,5,5,3,1,
2025,"2025 MLS, Regular Season",727061,2025-06-15,Minnesota United FC,San Diego FC,2,4,104,7,7,6,1,
2025,"2025 MLS, Regular Season",727062,2025-06-15,Austin FC,Red Bull New York,2,1,125,9,9,3,1,
2025,"2025 MLS, Regular Season",727063,2025-06-15,Chicago Fire FC,Nashville SC,0,2,114,13,13,2,1,
2025,"2025 MLS, Regular Season",727064,2025-06-15,Houston Dynamo FC,CF Montréal,1,3,118,14,14,4,1,
2025,"2025 MLS, Regular Season",727065,2025-06-15,Sporting Kansas City,FC Dallas,2,4,135,9,9,6,1,
2025,"2025 MLS, Regular Season",727066,2025-06-15,Colorado Rapids,Orlando City SC,0,1,109,11,11,1,1,
2025,"2025 MLS, Regular Season",727067,2025-06-15,Real Salt Lake,D.C. United,2,0,130,12,12,2,1,
2025,"2025 MLS, Regular Season",727068,2025-06-25,Toronto FC,Red Bull New York,1,1,106,10,10,2,1,
2025,"2025 MLS, Regular Season",727069,2025-06-25,Columbus Crew,Atlanta United FC,3,1,100,10,10,4,1,
2025,"2025 MLS, Regular Season",727070,2025-06-25,CF Montréal,FC Cincinnati,1,3,100,3,3,4,1,
2025,"2025 MLS, Regular Season",727071,2025-06-25,New England Revolution,Nashville SC,2,3,123,11,11,5,1,
2025,"2025 MLS, Regular Season",727072,2025-06-26,St. Louis CITY SC,Orlando City SC,2,4,99,11,11,6,1,
2025,"2025 MLS, Regular Season",727073,2025-06-26,Sporting Kansas City,Charlotte FC,2,1,131,9,9,3,1,
2025,"2025 MLS, Regular Season",727074,2025-06-26,Minnesota United FC,Houston Dynamo FC,3,1,130,10,10,4,1,
2025,"2025 MLS, Regular Season",727075,2025-06-26,Chicago Fire FC,Philadelphia Union,0,1,134,5,5,1,1,
2025,"2025 MLS, Regular Season",727076,2025-06-26,FC Dallas,San Jose Earthquakes,2,4,122,8,8,6,1,
2025,"2025 MLS, Regular Season",727078,2025-06-26,Colorado Rapids,LA Galaxy,2,0,100,5,5,2,1,
2025,"2025 MLS, Regular Season",727079,2025-06-26,Vancouver Whitecaps,San Diego FC,3,5,121,10,10,8,1,
2025,"2025 MLS, Regular Season",727080,2025-06-28,CF Montréal,New York City FC,1,0,107,13,13,1,1,
2025,"2025 MLS, Regular Season",727081,2025-06-28,D.C. United,Nashville SC,0,1,108,6,7,1,0,boxscore corners 7 != commentary 6
2025,"2025 MLS, Regular Season",727083,2025-06-28,New England Revolution,Colorado Rapids,3,3,116,13,13,6,1,
2025,"2025 MLS, Regular Season",727084,2025-06-28,Red Bull New York,Minnesota United FC,2,2,112,12,12,4,1,
2025,"2025 MLS, Regular Season",727085,2025-06-28,Orlando City SC,FC Cincinnati,1,2,122,6,6,3,1,
2025,"2025 MLS, Regular Season",727086,2025-06-28,Toronto FC,Portland Timbers,3,0,122,12,0,3,1,
2025,"2025 MLS, Regular Season",727087,2025-06-29,Sporting Kansas City,Real Salt Lake,1,1,124,9,9,2,1,
2025,"2025 MLS, Regular Season",727088,2025-06-29,Chicago Fire FC,Charlotte FC,3,2,97,4,4,5,1,
2025,"2025 MLS, Regular Season",727089,2025-06-29,Houston Dynamo FC,St. Louis CITY SC,1,0,134,7,7,1,1,
2025,"2025 MLS, Regular Season",727090,2025-06-29,FC Dallas,San Diego FC,2,3,122,9,9,5,1,
2025,"2025 MLS, Regular Season",727091,2025-06-29,Seattle Sounders FC,Austin FC,2,0,115,8,8,2,1,
2025,"2025 MLS, Regular Season",727092,2025-06-29,San Jose Earthquakes,LA Galaxy,1,1,116,10,10,2,1,
2025,"2025 MLS, Regular Season",727094,2025-06-29,Columbus Crew,Philadelphia Union,1,0,119,5,5,1,1,
2025,"2025 MLS, Regular Season",727093,2025-06-30,LAFC,Vancouver Whitecaps,0,1,97,11,11,1,1,
2025,"2025 MLS, Regular Season",727095,2025-07-03,New York City FC,Toronto FC,3,1,97,11,11,4,1,
2025,"2025 MLS, Regular Season",727096,2025-07-05,FC Dallas,Minnesota United FC,1,2,106,12,12,3,1,
2025,"2025 MLS, Regular Season",727097,2025-07-05,Colorado Rapids,Sporting Kansas City,1,2,108,12,12,3,1,
2025,"2025 MLS, Regular Season",727098,2025-07-05,LA Galaxy,Vancouver Whitecaps,3,0,111,13,13,3,1,
2025,"2025 MLS, Regular Season",727099,2025-07-05,Charlotte FC,Orlando City SC,2,2,121,8,8,4,1,
2025,"2025 MLS, Regular Season",727100,2025-07-05,FC Cincinnati,Chicago Fire FC,2,1,113,11,11,3,1,
2025,"2025 MLS, Regular Season",727101,2025-07-05,D.C. United,Atlanta United FC,0,0,87,3,3,0,1,
2025,"2025 MLS, Regular Season",727102,2025-07-05,CF Montréal,Inter Miami CF,1,4,110,7,7,5,1,
2025,"2025 MLS, Regular Season",727104,2025-07-06,Nashville SC,Philadelphia Union,1,0,119,7,7,1,1,
2025,"2025 MLS, Regular Season",727105,2025-07-06,Real Salt Lake,St. Louis CITY SC,3,2,112,15,15,5,1,
2025,"2025 MLS, Regular Season",727106,2025-07-06,San Diego FC,Houston Dynamo FC,3,4,104,7,7,7,1,
2025,"2025 MLS, Regular Season",727107,2025-07-06,San Jose Earthquakes,Red Bull New York,1,1,119,16,16,2,1,
2025,"2025 MLS, Regular Season",727108,2025-07-06,Portland Timbers,New England Revolution,2,1,89,13,13,3,1,
2025,"2025 MLS, Regular Season",727109,2025-07-06,Seattle Sounders FC,Columbus Crew,1,1,98,4,4,2,1,
2025,"2025 MLS, Regular Season",727110,2025-07-09,New England Revolution,Inter Miami CF,1,2,107,8,8,3,1,
2025,"2025 MLS, Regular Season",727046,2025-07-10,LAFC,Colorado Rapids,3,0,109,2,2,3,1,
2025,"2025 MLS, Regular Season",727111,2025-07-12,Inter Miami CF,Nashville SC,2,1,98,4,4,3,1,
2025,"2025 MLS, Regular Season",727112,2025-07-12,Toronto FC,Atlanta United FC,1,1,115,6,6,2,1,
2025,"2025 MLS, Regular Season",727113,2025-07-12,Philadelphia Union,Red Bull New York,2,0,114,13,13,2,1,
2025,"2025 MLS, Regular Season",727114,2025-07-12,Orlando City SC,CF Montréal,1,1,129,5,5,2,1,
2025,"2025 MLS, Regular Season",727116,2025-07-12,FC Cincinnati,Columbus Crew,2,4,111,9,9,6,1,
2025,"2025 MLS, Regular Season",727115,2025-07-13,Charlotte FC,New York City FC,2,0,90,5,5,2,1,
2025,"2025 MLS, Regular Season",727117,2025-07-13,Sporting Kansas City,Seattle Sounders FC,2,3,145,11,11,5,1,
2025,"2025 MLS, Regular Season",727118,2025-07-13,Chicago Fire FC,San Diego FC,1,2,115,7,7,3,1,
2025,"2025 MLS, Regular Season",727119,2025-07-13,Austin FC,New England Revolution,0,0,109,14,14,0,1,
2025,"2025 MLS, Regular Season",727120,2025-07-13,Minnesota United FC,San Jose Earthquakes,4,1,124,12,13,5,0,boxscore corners 13 != commentary 12
2025,"2025 MLS, Regular Season",727121,2025-07-13,Real Salt Lake,Houston Dynamo FC,1,0,118,9,9,1,1,
2025,"2025 MLS, Regular Season",727122,2025-07-13,Colorado Rapids,Vancouver Whitecaps,3,0,122,17,17,3,1,
2025,"2025 MLS, Regular Season",727123,2025-07-13,LA Galaxy,D.C. United,2,1,106,7,7,3,1,
2025,"2025 MLS, Regular Season",727124,2025-07-13,LAFC,FC Dallas,2,0,105,11,11,2,1,
2025,"2025 MLS, Regular Season",727125,2025-07-13,St. Louis CITY SC,Portland Timbers,2,1,101,7,7,3,1,
2025,"2025 MLS, Regular Season",727126,2025-07-16,Atlanta United FC,Chicago Fire FC,2,2,92,7,7,4,1,
2025,"2025 MLS, Regular Season",727127,2025-07-16,Red Bull New York,New England Revolution,5,3,124,7,7,8,1,
2025,"2025 MLS, Regular Season",727129,2025-07-16,Philadelphia Union,CF Montréal,2,1,121,13,13,3,1,
2025,"2025 MLS, Regular Season",727130,2025-07-16,FC Cincinnati,Inter Miami CF,3,0,87,5,5,3,1,
2025,"2025 MLS, Regular Season",727131,2025-07-16,Charlotte FC,D.C. United,2,1,96,13,13,3,1,
2025,"2025 MLS, Regular Season",727128,2025-07-17,Orlando City SC,New York City FC,1,2,117,13,13,3,1,
2025,"2025 MLS, Regular Season",727132,2025-07-17,Houston Dynamo FC,Vancouver Whitecaps,0,3,126,7,7,3,1,
2025,"2025 MLS, Regular Season",727133,2025-07-17,Nashville SC,Columbus Crew,3,0,96,6,6,3,1,
2025,"2025 MLS, Regular Season",727134,2025-07-17,Minnesota United FC,LAFC,0,1,106,13,13,1,1,
2025,"2025 MLS, Regular Season",727135,2025-07-17,Seattle Sounders FC,Colorado Rapids,3,3,105,10,10,6,1,
2025,"2025 MLS, Regular Season",727136,2025-07-17,San Jose Earthquakes,FC Dallas,2,2,138,8,8,4,1,
2025,"2025 MLS, Regular Season",727137,2025-07-17,San Diego FC,Toronto FC,0,1,106,5,5,1,1,
2025,"2025 MLS, Regular Season",727138,2025-07-17,Portland Timbers,Real Salt Lake,0,1,104,11,11,1,1,
2025,"2025 MLS, Regular Season",727139,2025-07-17,LA Galaxy,Austin FC,1,2,124,9,10,3,0,boxscore corners 10 != commentary 9
2025,"2025 MLS, Regular Season",727140,2025-07-19,New England Revolution,Orlando City SC,1,2,131,15,15,3,1,
2025,"2025 MLS, Regular Season",727141,2025-07-19,CF Montréal,Chicago Fire FC,0,2,130,8,8,2,1,
2025,"2025 MLS, Regular Season",727142,2025-07-19,Atlanta United FC,Charlotte FC,2,3,105,9,9,5,1,
2025,"2025 MLS, Regular Season",727143,2025-07-19,Red Bull New York,Inter Miami CF,1,5,107,6,6,6,1,
2025,"2025 MLS, Regular Season",727144,2025-07-19,Columbus Crew,D.C. United,2,1,93,7,7,3,1,
2025,"2025 MLS, Regular Season",727145,2025-07-20,Sporting Kansas City,New York City FC,1,1,106,10,11,2,0,boxscore corners 11 != commentary 10
2025,"2025 MLS, Regular Season",727146,2025-07-20,Seattle Sounders FC,San Jose Earthquakes,3,2,108,7,7,5,1,
2025,"2025 MLS, Regular Season",727147,2025-07-20,FC Dallas,St. Louis CITY SC,3,0,108,7,7,3,1,
2025,"2025 MLS, Regular Season",727148,2025-07-20,Nashville SC,Toronto FC,1,0,94,8,8,1,1,
2025,"2025 MLS, Regular Season",727149,2025-07-20,Houston Dynamo FC,Philadelphia Union,1,1,157,6,6,2,1,
2025,"2025 MLS, Regular Season",727150,2025-07-20,Real Salt Lake,FC Cincinnati,0,1,111,8,8,1,1,
2025,"2025 MLS, Regular Season",727151,2025-07-20,LAFC,LA Galaxy,3,3,92,6,7,6,0,boxscore corners 7 != commentary 6
2025,"2025 MLS, Regular Season",727152,2025-07-20,Portland Timbers,Minnesota United FC,1,1,120,9,9,2,1,
2025,"2025 MLS, Regular Season",727153,2025-07-20,San Diego FC,Vancouver Whitecaps,1,1,114,13,0,2,1,
2025,"2025 MLS, Regular Season",727154,2025-07-25,New England Revolution,CF Montréal,1,3,105,6,6,4,1,
2025,"2025 MLS, Regular Season",727155,2025-07-26,Columbus Crew,Orlando City SC,1,3,103,10,10,4,1,
2025,"2025 MLS, Regular Season",727156,2025-07-26,FC Dallas,New York City FC,3,4,109,4,4,7,1,
2025,"2025 MLS, Regular Season",727158,2025-07-26,San Diego FC,Nashville SC,1,0,108,4,4,1,1,
2025,"2025 MLS, Regular Season",727159,2025-07-26,LAFC,Portland Timbers,0,1,84,8,8,1,1,
2025,"2025 MLS, Regular Season",727160,2025-07-26,Inter Miami CF,FC Cincinnati,0,0,92,7,7,0,1,
2025,"2025 MLS, Regular Season",727161,2025-07-26,Atlanta United FC,Seattle Sounders FC,2,2,103,7,7,4,1,
2025,"2025 MLS, Regular Season",727162,2025-07-26,Charlotte FC,Toronto FC,2,0,102,6,6,2,1,
2025,"2025 MLS, Regular Season",727163,2025-07-26,D.C. United,Austin FC,2,4,118,9,9,6,1,
2025,"2025 MLS, Regular Season",727164,2025-07-26,Philadelphia Union,Colorado Rapids,3,1,115,11,12,4,0,boxscore corners 12 != commentary 11
2025,"2025 MLS, Regular Season",727165,2025-07-27,St. Louis CITY SC,Minnesota United FC,1,2,114,10,10,3,1,
2025,"2025 MLS, Regular Season",727166,2025-07-27,Chicago Fire FC,Red Bull New York,1,0,92,4,4,1,1,
2025,"2025 MLS, Regular Season",727167,2025-07-27,Real Salt Lake,San Jose Earthquakes,2,1,115,7,7,3,1,
2025,"2025 MLS, Regular Season",727168,2025-07-27,Vancouver Whitecaps,Sporting Kansas City,3,0,133,13,13,3,1,
2025,"2025 MLS, Regular Season",727170,2025-08-09,Philadelphia Union,Toronto FC,1,1,112,13,13,2,1,
2025,"2025 MLS, Regular Season",727171,2025-08-09,New England Revolution,D.C. United,2,0,117,11,11,2,1,
2025,"2025 MLS, Regular Season",727172,2025-08-09,CF Montréal,Atlanta United FC,1,1,118,15,15,2,1,
2025,"2025 MLS, Regular Season",727173,2025-08-10,Sporting Kansas City,San Diego FC,0,2,115,10,10,2,1,
2025,"2025 MLS, Regular Season",727174,2025-08-10,Chicago Fire FC,LAFC,2,2,89,7,7,4,1,
2025,"2025 MLS, Regular Season",727175,2025-08-10,Austin FC,Houston Dynamo FC,2,2,113,9,9,4,1,
2025,"2025 MLS, Regular Season",727176,2025-08-10,St. Louis CITY SC,Nashville SC,3,1,109,11,11,4,1,
2025,"2025 MLS, Regular Season",727177,2025-08-10,FC Dallas,Portland Timbers,2,0,102,11,12,2,0,boxscore corners 12 != commentary 11
2025,"2025 MLS, Regular Season",727178,2025-08-10,San Jose Earthquakes,Vancouver Whitecaps,2,1,110,8,8,3,1,
2025,"2025 MLS, Regular Season",727179,2025-08-10,Red Bull New York,Real Salt Lake,2,1,120,5,5,3,1,
2025,"2025 MLS, Regular Season",727180,2025-08-10,Minnesota United FC,Colorado Rapids,1,2,107,17,17,3,1,
2025,"2025 MLS, Regular Season",727181,2025-08-10,FC Cincinnati,Charlotte FC,0,1,119,7,7,1,1,
2025,"2025 MLS, Regular Season",727182,2025-08-11,Orlando City SC,Inter Miami CF,4,1,106,8,8,5,1,
2025,"2025 MLS, Regular Season",727183,2025-08-11,LA Galaxy,Seattle Sounders FC,0,4,95,8,8,4,1,
2025,"2025 MLS, Regular Season",727185,2025-08-16,Toronto FC,Columbus Crew,1,1,114,9,9,2,1,
2025,"2025 MLS, Regular Season",727186,2025-08-16,CF Montréal,D.C. United,1,1,115,6,6,2,1,
2025,"2025 MLS, Regular Season",727187,2025-08-16,Charlotte FC,Real Salt Lake,1,0,109,8,8,1,1,
2025,"2025 MLS, Regular Season",727188,2025-08-16,New England Revolution,LAFC,0,2,91,6,7,2,0,boxscore corners 7 != commentary 6
2025,"2025 MLS, Regular Season",727189,2025-08-16,Red Bull New York,Philadelphia Union,1,0,89,3,3,1,1,
2025,"2025 MLS, Regular Season",727190,2025-08-16,Inter Miami CF,LA Galaxy,3,1,96,15,15,4,1,
2025,"2025 MLS, Regular Season",727184,2025-08-17,Orlando City SC,Sporting Kansas City,3,1,103,10,10,4,1,
2025,"2025 MLS, Regular Season",727191,2025-08-17,Minnesota United FC,Seattle Sounders FC,1,0,87,11,11,1,1,
2025,"2025 MLS, Regular Season",727192,2025-08-17,Austin FC,FC Dallas,1,1,95,9,9,2,1,
2025,"2025 MLS, Regular Season",727193,2025-08-17,Chicago Fire FC,St. Louis CITY SC,3,2,106,8,8,5,1,
2025,"2025 MLS, Regular Season",727194,2025-08-17,Colorado Rapids,Atlanta United FC,3,1,88,7,7,4,1,
2025,"2025 MLS, Regular Season",727195,2025-08-17,Portland Timbers,FC Cincinnati,2,3,114,9,9,5,1,
2025,"2025 MLS, Regular Season",727196,2025-08-17,New York City FC,Nashville SC,2,1,98,6,6,3,1,
2025,"2025 MLS, Regular Season",727197,2025-08-17,San Jose Earthquakes,San Diego FC,1,2,117,9,9,3,1,
2025,"2025 MLS, Regular Season",727198,2025-08-18,Vancouver Whitecaps,Houston Dynamo FC,1,1,120,8,8,2,1,
2025,"2025 MLS, Regular Season",727199,2025-08-23,CF Montréal,Austin FC,3,2,110,4,4,5,1,
2025,"2025 MLS, Regular Season",727200,2025-08-23,Philadelphia Union,Chicago Fire FC,4,0,127,10,10,4,1,
2025,"2025 MLS, Regular Season",727201,2025-08-23,Columbus Crew,New England Revolution,1,2,97,5,5,3,1,
2025,"2025 MLS, Regular Season",727202,2025-08-23,D.C. United,Inter Miami CF,1,1,121,13,13,2,1,
2025,"2025 MLS, Regular Season",727203,2025-08-23,FC Cincinnati,New York City FC,0,1,95,7,8,1,0,boxscore corners 8 != commentary 7
2025,"2025 MLS, Regular Season",727204,2025-08-24,FC Dallas,LAFC,1,1,128,12,12,2,1,
2025,"2025 MLS, Regular Season",727205,2025-08-24,Nashville SC,Orlando City SC,5,1,116,9,9,6,1,
2025,"2025 MLS, Regular Season",727206,2025-08-24,Houston Dynamo FC,San Jose Earthquakes,1,2,108,14,14,3,1,
2025,"2025 MLS, Regular Season",727207,2025-08-24,Vancouver Whitecaps,St. Louis CITY SC,3,2,124,12,12,5,1,
2025,"2025 MLS, Regular Season",727208,2025-08-24,Real Salt Lake,Minnesota United FC,1,3,134,11,11,4,1,
2025,"2025 MLS, Regular Season",727209,2025-08-24,LA Galaxy,Colorado Rapids,3,0,114,12,12,3,1,
2025,"2025 MLS, Regular Season",727210,2025-08-24,San Diego FC,Portland Timbers,0,0,100,10,10,0,1,
2025,"2025 MLS, Regular Season",727211,2025-08-24,Atlanta United FC,Toronto FC,0,0,109,11,11,0,1,
2025,"2025 MLS, Regular Season",727212,2025-08-24,Charlotte FC,Red Bull New York,1,0,99,10,10,1,1,
2025,"2025 MLS, Regular Season",727213,2025-08-25,Seattle Sounders FC,Sporting Kansas City,5,2,97,7,7,7,1,
2025,"2025 MLS, Regular Season",727215,2025-08-30,New York City FC,D.C. United,1,2,98,11,11,3,1,
2025,"2025 MLS, Regular Season",727216,2025-08-30,Red Bull New York,Columbus Crew,0,0,92,10,10,0,1,
2025,"2025 MLS, Regular Season",727218,2025-08-30,Toronto FC,CF Montréal,1,1,128,14,14,2,1,
2025,"2025 MLS, Regular Season",727219,2025-08-30,New England Revolution,Charlotte FC,1,2,134,7,7,3,1,
2025,"2025 MLS, Regular Season",727220,2025-08-30,FC Cincinnati,Philadelphia Union,0,1,125,11,11,1,1,
2025,"2025 MLS, Regular Season",727221,2025-08-31,Minnesota United FC,Portland Timbers,1,1,103,10,10,2,1,
2025,"2025 MLS, Regular Season",727222,2025-08-31,Nashville SC,Atlanta United FC,0,1,125,13,13,1,1,
2025,"2025 MLS, Regular Season",727223,2025-08-31,Sporting Kansas City,Colorado Rapids,4,2,117,11,12,6,0,boxscore corners 12 != commentary 11
2025,"2025 MLS, Regular Season",727224,2025-08-31,St. Louis CITY SC,Houston Dynamo FC,2,3,127,14,14,5,1,
2025,"2025 MLS, Regular Season",727225,2025-08-31,Austin FC,San Jose Earthquakes,3,1,130,9,9,4,1,
2025,"2025 MLS, Regular Season",727228,2025-09-01,LAFC,San Diego FC,1,2,106,10,10,3,1,
2025,"2025 MLS, Regular Season",727157,2025-09-07,Houston Dynamo FC,LA Galaxy,1,1,121,9,9,2,1,
2025,"2025 MLS, Regular Season",727229,2025-09-07,Sporting Kansas City,Austin FC,1,2,107,7,7,3,1,
2025,"2025 MLS, Regular Season",727230,2025-09-07,Chicago Fire FC,New England Revolution,3,2,108,14,14,5,1,
2025,"2025 MLS, Regular Season",727231,2025-09-07,St. Louis CITY SC,FC Dallas,1,1,137,23,23,2,1,
2025,"2025 MLS, Regular Season",727232,2025-09-13,CF Montréal,St. Louis CITY SC,0,2,107,8,8,2,1,
2025,"2025 MLS, Regular Season",727233,2025-09-13,FC Cincinnati,Nashville SC,2,1,119,7,7,3,1,
2025,"2025 MLS, Regular Season",727234,2025-09-13,Charlotte FC,Inter Miami CF,3,0,107,9,9,3,1,
2025,"2025 MLS, Regular Season",727236,2025-09-13,D.C. United,Orlando City SC,1,1,107,6,6,2,1,
2025,"2025 MLS, Regular Season",727237,2025-09-13,Atlanta United FC,Columbus Crew,4,5,100,8,0,9,1,
2025,"2025 MLS, Regular Season",727238,2025-09-13,New England Revolution,Toronto FC,1,1,129,7,7,2,1,
2025,"2025 MLS, Regular Season",727235,2025-09-14,San Jose Earthquakes,LAFC,2,4,117,13,13,6,1,
2025,"2025 MLS, Regular Season",727239,2025-09-14,FC Dallas,Austin FC,2,0,122,6,6,2,1,
2025,"2025 MLS, Regular Season",727240,2025-09-14,Seattle Sounders FC,LA Galaxy,2,2,110,18,18,4,1,
2025,"2025 MLS, Regular Season",727241,2025-09-14,Chicago Fire FC,New York City FC,1,3,99,6,6,4,1,
2025,"2025 MLS, Regular Season",727242,2025-09-14,Colorado Rapids,Houston Dynamo FC,2,1,122,14,14,3,1,
2025,"2025 MLS, Regular Season",727243,2025-09-14,Vancouver Whitecaps,Philadelphia Union,7,0,140,10,10,7,1,
2025,"2025 MLS, Regular Season",727244,2025-09-14,Real Salt Lake,Sporting Kansas City,2,1,108,7,7,3,1,
2025,"2025 MLS, Regular Season",727245,2025-09-14,San Diego FC,Minnesota United FC,1,3,126,10,10,4,1,
2025,"2025 MLS, Regular Season",727246,2025-09-14,Portland Timbers,Red Bull New York,2,1,112,8,8,3,1,
2025,"2025 MLS, Regular Season",727247,2025-09-16,Inter Miami CF,Seattle Sounders FC,3,1,103,7,7,4,1,
2025,"2025 MLS, Regular Season",727169,2025-09-17,New York City FC,Columbus Crew,3,2,100,10,10,5,1,
2025,"2025 MLS, Regular Season",727077,2025-09-18,Real Salt Lake,LAFC,1,4,126,14,14,5,1,
2025,"2025 MLS, Regular Season",727248,2025-09-20,New York City FC,Charlotte FC,2,0,107,7,7,2,1,
2025,"2025 MLS, Regular Season",727249,2025-09-20,Philadelphia Union,New England Revolution,1,0,113,7,7,1,1,
2025,"2025 MLS, Regular Season",727250,2025-09-20,Atlanta United FC,San Diego FC,1,1,113,8,8,2,1,
2025,"2025 MLS, Regular Season",727251,2025-09-20,Orlando City SC,Nashville SC,3,2,98,7,7,5,1,
2025,"2025 MLS, Regular Season",727252,2025-09-20,CF Montréal,Red Bull New York,0,2,126,10,10,2,1,
2025,"2025 MLS, Regular Season",727253,2025-09-20,Inter Miami CF,D.C. United,3,2,117,11,11,5,1,
2025,"2025 MLS, Regular Season",727254,2025-09-20,Columbus Crew,Toronto FC,1,1,136,8,8,2,1,
2025,"2025 MLS, Regular Season",727255,2025-09-21,Houston Dynamo FC,Portland Timbers,1,0,113,15,15,1,1,
2025,"2025 MLS, Regular Season",727256,2025-09-21,Sporting Kansas City,Vancouver Whitecaps,0,2,107,9,9,2,1,
2025,"2025 MLS, Regular Season",727257,2025-09-21,Minnesota United FC,Chicago Fire FC,0,3,116,11,11,3,1,
2025,"2025 MLS, Regular Season",727258,2025-09-21,Austin FC,Seattle Sounders FC,2,1,94,16,16,3,1,
2025,"2025 MLS, Regular Season",727259,2025-09-21,FC Dallas,Colorado Rapids,3,1,122,19,19,4,1,
2025,"2025 MLS, Regular Season",727260,2025-09-21,San Jose Earthquakes,St. Louis CITY SC,1,3,137,14,14,4,1,
2025,"2025 MLS, Regular Season",727261,2025-09-21,LA Galaxy,FC Cincinnati,2,3,112,13,13,5,1,
2025,"2025 MLS, Regular Season",727262,2025-09-22,LAFC,Real Salt Lake,4,1,123,11,11,5,1,
2025,"2025 MLS, Regular Season",727263,2025-09-24,New York City FC,Inter Miami CF,0,4,110,9,9,4,1,
2025,"2025 MLS, Regular Season",727045,2025-09-25,Vancouver Whitecaps,Portland Timbers,1,1,129,14,15,2,0,boxscore corners 15 != commentary 14
2025,"2025 MLS, Regular Season",727265,2025-09-27,Toronto FC,Inter Miami CF,1,1,96,12,12,2,1,
2025,"2025 MLS, Regular Season",727266,2025-09-27,D.C. United,Philadelphia Union,0,6,118,7,0,6,1,
2025,"2025 MLS, Regular Season",727267,2025-09-27,Red Bull New York,New York City FC,2,3,122,10,10,5,1,
2025,"2025 MLS, Regular Season",727268,2025-09-27,Charlotte FC,CF Montréal,1,4,121,8,8,5,1,
2025,"2025 MLS, Regular Season",727269,2025-09-27,New England Revolution,Atlanta United FC,2,0,130,10,10,2,1,
2025,"2025 MLS, Regular Season",727264,2025-09-28,FC Cincinnati,Orlando City SC,1,1,129,8,8,2,1,
2025,"2025 MLS, Regular Season",727270,2025-09-28,Chicago Fire FC,Columbus Crew,2,0,107,11,11,2,1,
2025,"2025 MLS, Regular Season",727271,2025-09-28,St. Louis CITY SC,LAFC,0,3,118,6,6,3,1,
2025,"2025 MLS, Regular Season",727272,2025-09-28,Nashville SC,Houston Dynamo FC,3,1,108,8,8,4,1,
2025,"2025 MLS, Regular Season",727273,2025-09-28,Real Salt Lake,Austin FC,3,1,116,15,15,4,1,
2025,"2025 MLS, Regular Season",727274,2025-09-28,Colorado Rapids,Minnesota United FC,1,1,86,9,9,2,1,
2025,"2025 MLS, Regular Season",727275,2025-09-28,LA Galaxy,Sporting Kansas City,4,1,114,16,16,5,1,
2025,"2025 MLS, Regular Season",727276,2025-09-28,Seattle Sounders FC,Vancouver Whitecaps,2,2,110,6,6,4,1,
2025,"2025 MLS, Regular Season",727277,2025-09-28,Portland Timbers,FC Dallas,2,2,132,11,11,4,1,
2025,"2025 MLS, Regular Season",727278,2025-09-28,San Diego FC,San Jose Earthquakes,0,1,108,12,12,1,1,
2025,"2025 MLS, Regular Season",727214,2025-09-30,Inter Miami CF,Chicago Fire FC,3,5,111,5,5,8,1,
2025,"2025 MLS, Regular Season",727279,2025-10-04,D.C. United,Charlotte FC,0,1,126,17,17,1,1,
2025,"2025 MLS, Regular Season",727280,2025-10-04,FC Dallas,LA Galaxy,2,1,104,12,12,3,1,
2025,"2025 MLS, Regular Season",727281,2025-10-04,Red Bull New York,FC Cincinnati,0,1,97,13,13,1,1,
2025,"2025 MLS, Regular Season",727282,2025-10-04,Inter Miami CF,New England Revolution,4,1,91,9,9,5,1,
2025,"2025 MLS, Regular Season",727283,2025-10-04,Philadelphia Union,New York City FC,1,0,110,14,15,1,0,boxscore corners 15 != commentary 14
2025,"2025 MLS, Regular Season",727284,2025-10-04,CF Montréal,Nashville SC,1,1,95,14,14,2,1,
2025,"2025 MLS, Regular Season",727285,2025-10-04,Orlando City SC,Columbus Crew,1,1,108,14,14,2,1,
2025,"2025 MLS, Regular Season",727286,2025-10-05,Houston Dynamo FC,San Diego FC,2,4,150,8,8,6,1,
2025,"2025 MLS, Regular Season",727287,2025-10-05,Austin FC,St. Louis CITY SC,1,3,118,9,10,4,0,boxscore corners 10 != commentary 9
2025,"2025 MLS, Regular Season",727288,2025-10-05,Chicago Fire FC,Toronto FC,2,2,111,17,17,4,1,
2025,"2025 MLS, Regular Season",727289,2025-10-05,Minnesota United FC,Sporting Kansas City,3,0,107,6,6,3,1,
2025,"2025 MLS, Regular Season",727290,2025-10-05,Real Salt Lake,Colorado Rapids,1,0,103,15,15,1,1,
2025,"2025 MLS, Regular Season",727291,2025-10-05,Seattle Sounders FC,Portland Timbers,1,0,99,10,10,1,1,
2025,"2025 MLS, Regular Season",727292,2025-10-05,Vancouver Whitecaps,San Jose Earthquakes,4,1,138,13,13,5,1,
2025,"2025 MLS, Regular Season",727293,2025-10-06,LAFC,Atlanta United FC,1,0,87,10,10,1,1,
2025,"2025 MLS, Regular Season",727055,2025-10-09,LAFC,Toronto FC,2,0,112,9,9,2,1,
2025,"2025 MLS, Regular Season",727082,2025-10-11,Inter Miami CF,Atlanta United FC,4,0,85,8,8,4,1,
2025,"2025 MLS, Regular Season",727217,2025-10-11,Orlando City SC,Vancouver Whitecaps,1,2,104,7,7,3,1,
2025,"2025 MLS, Regular Season",727103,2025-10-12,Austin FC,LAFC,1,0,83,4,4,1,1,
2025,"2025 MLS, Regular Season",727226,2025-10-12,Seattle Sounders FC,Real Salt Lake,1,0,125,8,8,1,1,
2025,"2025 MLS, Regular Season",727227,2025-10-12,LA Galaxy,FC Dallas,2,1,104,11,12,3,0,boxscore corners 12 != commentary 11
2025,"2025 MLS, Regular Season",727294,2025-10-18,New England Revolution,Chicago Fire FC,2,2,108,7,0,4,1,
2025,"2025 MLS, Regular Season",727295,2025-10-18,FC Cincinnati,CF Montréal,3,0,113,17,17,3,1,
2025,"2025 MLS, Regular Season",727296,2025-10-18,Nashville SC,Inter Miami CF,2,5,109,9,9,7,1,
2025,"2025 MLS, Regular Season",727297,2025-10-18,New York City FC,Seattle Sounders FC,1,2,118,15,15,3,1,
2025,"2025 MLS, Regular Season",727298,2025-10-18,Toronto FC,Orlando City SC,4,2,147,10,10,6,1,
2025,"2025 MLS, Regular Season",727299,2025-10-18,Charlotte FC,Philadelphia Union,2,0,108,16,16,2,1,
2025,"2025 MLS, Regular Season",727300,2025-10-18,Columbus Crew,Red Bull New York,3,1,92,5,5,4,1,
2025,"2025 MLS, Regular Season",727301,2025-10-18,Atlanta United FC,D.C. United,1,1,123,13,13,2,1,
2025,"2025 MLS, Regular Season",727302,2025-10-19,St. Louis CITY SC,Real Salt Lake,2,2,131,10,10,4,1,
2025,"2025 MLS, Regular Season",727303,2025-10-19,Colorado Rapids,LAFC,2,2,103,11,11,4,1,
2025,"2025 MLS, Regular Season",727304,2025-10-19,LA Galaxy,Minnesota United FC,2,1,115,13,13,3,1,
2025,"2025 MLS, Regular Season",727305,2025-10-19,San Jose Earthquakes,Austin FC,2,1,114,15,16,3,0,boxscore corners 16 != commentary 15
2025,"2025 MLS, Regular Season",727306,2025-10-19,Sporting Kansas City,Houston Dynamo FC,0,0,128,12,12,0,1,
2025,"2025 MLS, Regular Season",727307,2025-10-19,Vancouver Whitecaps,FC Dallas,1,2,124,14,14,3,1,
2025,"2025 MLS, Regular Season",727308,2025-10-19,Portland Timbers,San Diego FC,0,4,123,8,8,4,1,
2025,"2025 MLS, Eastern Conference Playoffs - Wild Card",760057,2025-10-23,Chicago Fire FC,Orlando City SC,3,1,110,6,6,4,1,
2025,"2025 MLS, Western Conference Playoffs - Wild Card",760058,2025-10-23,Portland Timbers,Real Salt Lake,3,1,138,13,13,4,1,
2025,"2025 MLS, Eastern Conference Playoffs - Round One",760079,2025-10-25,Inter Miami CF,Nashville SC,3,1,117,7,7,4,1,
2025,"2025 MLS, Eastern Conference Playoffs - Round One",760067,2025-10-26,Philadelphia Union,Chicago Fire FC,2,2,119,13,13,10,1,
2025,"2025 MLS, Western Conference Playoffs - Round One",760076,2025-10-26,Vancouver Whitecaps,FC Dallas,3,0,113,11,11,3,1,
2025,"2025 MLS, Western Conference Playoffs - Round One",760070,2025-10-27,San Diego FC,Portland Timbers,2,1,103,7,7,3,1,
2025,"2025 MLS, Eastern Conference Playoffs - Round One",760073,2025-10-27,FC Cincinnati,Columbus Crew,1,0,101,6,6,1,1,
2025,"2025 MLS, Eastern Conference Playoffs - Round One",760085,2025-10-28,Charlotte FC,New York City FC,0,1,90,15,15,1,1,
2025,"2025 MLS, Western Conference Playoffs - Round One",760088,2025-10-28,Minnesota United FC,Seattle Sounders FC,0,0,122,11,11,5,1,
2025,"2025 MLS, Western Conference Playoffs - Round One",760082,2025-10-30,LAFC,Austin FC,2,1,115,9,9,3,1,
2025,"2025 MLS, Eastern Conference Playoffs - Round One",760068,2025-11-01,Chicago Fire FC,Philadelphia Union,0,3,120,10,11,3,0,boxscore corners 11 != commentary 10
2025,"2025 MLS, Eastern Conference Playoffs - Round One",760080,2025-11-01,Nashville SC,Inter Miami CF,2,1,100,8,8,3,1,
2025,"2025 MLS, Eastern Conference Playoffs - Round One",760086,2025-11-01,New York City FC,Charlotte FC,0,0,128,8,8,13,1,
2025,"2025 MLS, Western Conference Playoffs - Round One",760071,2025-11-02,Portland Timbers,San Diego FC,2,2,176,10,10,9,1,
2025,"2025 MLS, Eastern Conference Playoffs - Round One",760074,2025-11-02,Columbus Crew,FC Cincinnati,4,0,114,11,11,4,1,
2025,"2025 MLS, Western Conference Playoffs - Round One",760077,2025-11-02,FC Dallas,Vancouver Whitecaps,1,1,127,10,10,8,1,
2025,"2025 MLS, Western Conference Playoffs - Round One",760083,2025-11-03,Austin FC,LAFC,1,4,116,4,4,5,1,
2025,"2025 MLS, Western Conference Playoffs - Round One",760089,2025-11-04,Seattle Sounders FC,Minnesota United FC,4,2,98,5,5,6,1,
2025,"2025 MLS, Eastern Conference Playoffs - Round One",760075,2025-11-08,FC Cincinnati,Columbus Crew,2,1,106,13,13,3,1,
2025,"2025 MLS, Eastern Conference Playoffs - Round One",760087,2025-11-08,Charlotte FC,New York City FC,1,3,115,5,5,4,1,
2025,"2025 MLS, Western Conference Playoffs - Round One",760090,2025-11-08,Minnesota United FC,Seattle Sounders FC,3,3,141,9,9,19,1,
2025,"2025 MLS, Eastern Conference Playoffs - Round One",760081,2025-11-09,Inter Miami CF,Nashville SC,4,0,135,6,6,4,1,
2025,"2025 MLS, Western Conference Playoffs - Round One",760072,2025-11-10,San Diego FC,Portland Timbers,4,0,145,11,12,4,0,boxscore corners 12 != commentary 11
2025,"2025 MLS, Western Conference Playoffs - Semifinals",760833,2025-11-23,Vancouver Whitecaps,LAFC,2,2,185,20,20,11,1,
2025,"2025 MLS, Eastern Conference Playoffs - Semifinals",760862,2025-11-23,FC Cincinnati,Inter Miami CF,0,4,97,6,6,4,1,
2025,"2025 MLS, Eastern Conference Playoffs - Semifinals",760834,2025-11-24,Philadelphia Union,New York City FC,0,1,115,11,11,1,1,
2025,"2025 MLS, Western Conference Playoffs - Semifinals",760863,2025-11-25,San Diego FC,Minnesota United FC,1,0,108,6,6,1,1,
2025,"2025 MLS, Eastern Conference Playoffs - Final",761971,2025-11-29,Inter Miami CF,New York City FC,5,1,134,7,7,6,1,
2025,"2025 MLS, Western Conference Playoffs - Final",762050,2025-11-30,San Diego FC,Vancouver Whitecaps,1,3,139,6,6,4,1,
2025,"2025 MLS, MLS Cup",762182,2025-12-06,Inter Miami CF,Vancouver Whitecaps,3,1,143,2,2,4,1,
2026,"2026 MLS, Regular Season",761439,2026-02-21,St. Louis CITY SC,Charlotte FC,1,1,110,7,7,2,1,
2026,"2026 MLS, Regular Season",761440,2026-02-21,FC Cincinnati,Atlanta United FC,2,0,119,7,7,2,1,
2026,"2026 MLS, Regular Season",761441,2026-02-22,D.C. United,Philadelphia Union,1,0,124,6,6,1,1,
2026,"2026 MLS, Regular Season",761442,2026-02-22,Orlando City SC,Red Bull New York,1,2,128,14,14,3,1,
2026,"2026 MLS, Regular Season",761443,2026-02-22,Vancouver Whitecaps,Real Salt Lake,1,0,132,12,12,1,1,
2026,"2026 MLS, Regular Season",761444,2026-02-22,Nashville SC,New England Revolution,4,1,100,5,5,5,1,
2026,"2026 MLS, Regular Season",761445,2026-02-22,Houston Dynamo FC,Chicago Fire FC,2,1,115,8,8,3,1,
2026,"2026 MLS, Regular Season",761446,2026-02-22,Austin FC,Minnesota United FC,2,2,105,15,15,4,1,
2026,"2026 MLS, Regular Season",761447,2026-02-22,FC Dallas,Toronto FC,3,2,116,10,10,5,1,
2026,"2026 MLS, Regular Season",761448,2026-02-22,LAFC,Inter Miami CF,3,0,114,7,7,3,1,
2026,"2026 MLS, Regular Season",761449,2026-02-22,San Diego FC,CF Montréal,5,0,101,7,7,5,1,
2026,"2026 MLS, Regular Season",761450,2026-02-22,San Jose Earthquakes,Sporting Kansas City,3,0,119,18,18,3,1,
2026,"2026 MLS, Regular Season",761451,2026-02-22,Portland Timbers,Columbus Crew,3,2,88,14,14,5,1,
2026,"2026 MLS, Regular Season",761452,2026-02-23,LA Galaxy,New York City FC,1,1,118,3,3,2,1,
2026,"2026 MLS, Regular Season",761453,2026-02-23,Seattle Sounders FC,Colorado Rapids,2,0,133,11,12,2,0,boxscore corners 12 != commentary 11
2026,"2026 MLS, Regular Season",761454,2026-02-28,Chicago Fire FC,CF Montréal,3,0,117,12,12,3,1,
2026,"2026 MLS, Regular Season",761455,2026-02-28,Red Bull New York,New England Revolution,1,0,125,13,13,1,1,
2026,"2026 MLS, Regular Season",761456,2026-02-28,Colorado Rapids,Portland Timbers,2,0,133,18,18,2,1,
2026,"2026 MLS, Regular Season",761457,2026-02-28,Minnesota United FC,FC Cincinnati,1,0,106,17,17,1,1,
2026,"2026 MLS, Regular Season",761458,2026-03-01,San Jose Earthquakes,Atlanta United FC,2,0,110,11,11,2,1,
2026,"2026 MLS, Regular Season",761459,2026-03-01,Real Salt Lake,Seattle Sounders FC,2,1,109,15,15,3,1,
2026,"2026 MLS, Regular Season",761460,2026-03-01,Houston Dynamo FC,LAFC,0,2,120,12,12,2,1,
2026,"2026 MLS, Regular Season",761461,2026-03-01,Sporting Kansas City,Columbus Crew,2,2,92,8,8,4,1,
2026,"2026 MLS, Regular Season",761462,2026-03-01,FC Dallas,Nashville SC,0,0,101,7,7,0,1,
2026,"2026 MLS, Regular Season",761463,2026-03-01,Vancouver Whitecaps,Toronto FC,3,0,113,6,6,3,1,
2026,"2026 MLS, Regular Season",761464,2026-03-01,LA Galaxy,Charlotte FC,3,0,103,9,9,3,1,
2026,"2026 MLS, Regular Season",761465,2026-03-01,Austin FC,D.C. United,1,0,126,14,14,1,1,
2026,"2026 MLS, Regular Season",761466,2026-03-01,Philadelphia Union,New York City FC,1,2,122,9,9,3,1,
2026,"2026 MLS, Regular Season",761467,2026-03-02,Orlando City SC,Inter Miami CF,2,4,121,10,10,6,1,
2026,"2026 MLS, Regular Season",761468,2026-03-02,San Diego FC,St. Louis CITY SC,2,0,96,9,9,2,1,
2026,"2026 MLS, Regular Season",761470,2026-03-07,New York City FC,Orlando City SC,5,0,102,7,7,5,1,
2026,"2026 MLS, Regular Season",761471,2026-03-07,D.C. United,Inter Miami CF,1,2,97,9,9,3,1,
2026,"2026 MLS, Regular Season",761472,2026-03-08,Columbus Crew,Chicago Fire FC,0,0,100,10,10,0,1,
2026,"2026 MLS, Regular Season",761473,2026-03-08,Philadelphia Union,San Jose Earthquakes,0,1,130,12,12,1,1,
2026,"2026 MLS, Regular Season",761474,2026-03-08,Atlanta United FC,Real Salt Lake,2,3,103,6,6,5,1,
2026,"2026 MLS, Regular Season",761475,2026-03-08,Charlotte FC,Austin FC,3,1,120,15,15,4,1,
2026,"2026 MLS, Regular Season",761476,2026-03-08,Sporting Kansas City,San Diego FC,0,1,103,8,8,1,1,
2026,"2026 MLS, Regular Season",761477,2026-03-08,St. Louis CITY SC,Seattle Sounders FC,0,1,91,9,9,1,1,
2026,"2026 MLS, Regular Season",761478,2026-03-08,Nashville SC,Minnesota United FC,3,1,104,7,7,4,1,
2026,"2026 MLS, Regular Season",761479,2026-03-08,Colorado Rapids,LA Galaxy,4,1,99,7,7,5,1,
2026,"2026 MLS, Regular Season",761480,2026-03-08,LAFC,FC Dallas,1,0,119,11,11,1,1,
2026,"2026 MLS, Regular Season",761481,2026-03-08,Portland Timbers,Vancouver Whitecaps,1,4,116,10,10,5,1,
2026,"2026 MLS, Regular Season",761482,2026-03-08,Red Bull New York,CF Montréal,0,3,103,15,15,3,1,
2026,"2026 MLS, Regular Season",761483,2026-03-08,FC Cincinnati,Toronto FC,0,1,126,16,16,1,1,
2026,"2026 MLS, Regular Season",761484,2026-03-14,Toronto FC,Red Bull New York,1,1,117,16,16,2,1,
2026,"2026 MLS, Regular Season",761485,2026-03-14,Atlanta United FC,Philadelphia Union,3,1,115,10,10,4,1,
2026,"2026 MLS, Regular Season",761486,2026-03-14,Columbus Crew,Nashville SC,0,1,89,10,10,1,1,
2026,"2026 MLS, Regular Season",761487,2026-03-14,New York City FC,Colorado Rapids,3,1,132,8,8,4,1,
2026,"2026 MLS, Regular Season",761488,2026-03-14,Orlando City SC,CF Montréal,2,1,128,14,14,3,1,
2026,"2026 MLS, Regular Season",761489,2026-03-14,Charlotte FC,Inter Miami CF,0,0,115,8,8,0,1,
2026,"2026 MLS, Regular Season",761490,2026-03-15,FC Dallas,San Diego FC,3,3,113,3,3,6,1,
2026,"2026 MLS, Regular Season",761491,2026-03-15,Chicago Fire FC,D.C. United,1,2,114,9,9,3,1,
2026,"2026 MLS, Regular Season",761492,2026-03-15,Houston Dynamo FC,Portland Timbers,3,2,128,16,16,5,1,
2026,"2026 MLS, Regular Season",761493,2026-03-15,LA Galaxy,Sporting Kansas City,1,2,100,13,13,3,1,
2026,"2026 MLS, Regular Season",761494,2026-03-15,Real Salt Lake,Austin FC,2,1,119,11,11,3,1,
2026,"2026 MLS, Regular Season",761495,2026-03-15,LAFC,St. Louis CITY SC,2,0,118,14,14,2,1,
2026,"2026 MLS, Regular Season",761496,2026-03-15,Vancouver Whitecaps,Minnesota United FC,6,0,151,10,11,6,0,boxscore corners 11 != commentary 10
2026,"2026 MLS, Regular Season",761497,2026-03-15,New England Revolution,FC Cincinnati,6,1,130,4,4,7,1,
2026,"2026 MLS, Regular Season",761498,2026-03-15,San Jose Earthquakes,Seattle Sounders FC,0,1,113,17,18,1,0,boxscore corners 18 != commentary 17
2026,"2026 MLS, Regular Season",761499,2026-03-21,Toronto FC,Columbus Crew,2,1,123,17,17,3,1,
2026,"2026 MLS, Regular Season",761500,2026-03-21,Philadelphia Union,Chicago Fire FC,1,2,111,8,8,3,1,
2026,"2026 MLS, Regular Season",761501,2026-03-21,Nashville SC,Orlando City SC,5,0,107,10,10,5,1,
2026,"2026 MLS, Regular Season",761502,2026-03-21,Atlanta United FC,D.C. United,0,0,71,7,7,0,1,
2026,"2026 MLS, Regular Season",761503,2026-03-21,Charlotte FC,Red Bull New York,6,1,102,10,10,7,1,
2026,"2026 MLS, Regular Season",761504,2026-03-22,FC Cincinnati,CF Montréal,4,3,135,4,4,7,1,
2026,"2026 MLS, Regular Season",761505,2026-03-22,FC Dallas,Houston Dynamo FC,4,3,127,14,14,7,1,
2026,"2026 MLS, Regular Season",761506,2026-03-22,Austin FC,LAFC,0,0,94,9,9,0,1,
2026,"2026 MLS, Regular Season",761507,2026-03-22,St. Louis CITY SC,New England Revolution,3,1,108,9,9,4,1,
2026,"2026 MLS, Regular Season",761508,2026-03-22,Sporting Kansas City,Colorado Rapids,1,4,137,10,10,5,1,
2026,"2026 MLS, Regular Season",761509,2026-03-22,Vancouver Whitecaps,San Jose Earthquakes,0,1,105,8,8,1,1,
2026,"2026 MLS, Regular Season",761510,2026-03-22,New York City FC,Inter Miami CF,2,3,122,14,14,5,1,
2026,"2026 MLS, Regular Season",761511,2026-03-22,Minnesota United FC,Seattle Sounders FC,0,0,102,11,11,0,1,
2026,"2026 MLS, Regular Season",761512,2026-03-22,Portland Timbers,LA Galaxy,1,1,125,11,11,2,1,
2026,"2026 MLS, Regular Season",761513,2026-03-22,San Diego FC,Real Salt Lake,2,2,133,15,15,4,1,
2026,"2026 MLS, Regular Season",761514,2026-04-04,Toronto FC,Colorado Rapids,3,2,125,10,11,5,0,boxscore corners 11 != commentary 10
2026,"2026 MLS, Regular Season",761515,2026-04-04,Real Salt Lake,Sporting Kansas City,3,1,113,8,8,4,1,
2026,"2026 MLS, Regular Season",761516,2026-04-04,New England Revolution,CF Montréal,3,0,132,6,6,3,1,
2026,"2026 MLS, Regular Season",761517,2026-04-04,Red Bull New York,FC Cincinnati,4,2,124,8,8,6,1,
2026,"2026 MLS, Regular Season",761518,2026-04-04,D.C. United,FC Dallas,0,4,117,9,9,4,1,
2026,"2026 MLS, Regular Season",761519,2026-04-04,New York City FC,St. Louis CITY SC,1,1,108,6,6,2,1,
2026,"2026 MLS, Regular Season",761520,2026-04-04,Charlotte FC,Philadelphia Union,2,1,140,13,13,3,1,
2026,"2026 MLS, Regular Season",761521,2026-04-04,Atlanta United FC,Columbus Crew,1,3,105,12,12,4,1,
2026,"2026 MLS, Regular Season",761522,2026-04-04,Inter Miami CF,Austin FC,2,2,100,10,10,4,1,
2026,"2026 MLS, Regular Season",761523,2026-04-05,Houston Dynamo FC,Seattle Sounders FC,0,1,97,12,12,1,1,
2026,"2026 MLS, Regular Season",761524,2026-04-05,Chicago Fire FC,Nashville SC,1,0,114,4,4,1,1,
2026,"2026 MLS, Regular Season",761525,2026-04-05,LAFC,Orlando City SC,6,0,128,15,15,6,1,
2026,"2026 MLS, Regular Season",761526,2026-04-05,San Jose Earthquakes,San Diego FC,3,0,131,12,12,3,1,
2026,"2026 MLS, Regular Season",761527,2026-04-05,LA Galaxy,Minnesota United FC,1,2,122,9,9,3,1,
2026,"2026 MLS, Regular Season",761528,2026-04-05,Vancouver Whitecaps,Portland Timbers,3,2,109,9,9,5,1,
2026,"2026 MLS, Regular Season",761529,2026-04-11,Toronto FC,FC Cincinnati,1,1,131,11,11,2,1,
2026,"2026 MLS, Regular Season",761530,2026-04-11,Austin FC,LA Galaxy,1,2,103,11,11,3,1,
2026,"2026 MLS, Regular Season",761531,2026-04-11,Portland Timbers,LAFC,2,1,104,8,8,3,1,
2026,"2026 MLS, Regular Season",761532,2026-04-11,Charlotte FC,Nashville SC,1,2,97,6,6,3,1,
2026,"2026 MLS, Regular Season",761533,2026-04-11,Inter Miami CF,Red Bull New York,2,2,111,14,15,4,0,boxscore corners 15 != commentary 14
2026,"2026 MLS, Regular Season",761534,2026-04-11,Vancouver Whitecaps,New York City FC,2,0,120,17,17,2,1,
2026,"2026 MLS, Regular Season",761535,2026-04-11,New England Revolution,D.C. United,1,0,97,5,5,1,1,
2026,"2026 MLS, Regular Season",761541,2026-04-11,CF Montréal,Philadelphia Union,1,2,131,6,6,3,1,
2026,"2026 MLS, Regular Season",761536,2026-04-12,Chicago Fire FC,Atlanta United FC,1,0,117,17,17,1,1,
2026,"2026 MLS, Regular Season",761537,2026-04-12,Sporting Kansas City,San Jose Earthquakes,1,3,84,6,6,4,1,
2026,"2026 MLS, Regular Season",761538,2026-04-12,FC Dallas,St. Louis CITY SC,1,1,113,15,15,2,1,
2026,"2026 MLS, Regular Season",761539,2026-04-12,Colorado Rapids,Houston Dynamo FC,6,2,114,6,6,8,1,
2026,"2026 MLS, Regular Season",761540,2026-04-12,San Diego FC,Minnesota United FC,1,2,128,9,9,3,1,
2026,"2026 MLS, Regular Season",761542,2026-04-12,Columbus Crew,Orlando City SC,1,1,112,9,9,2,1,
2026,"2026 MLS, Regular Season",761544,2026-04-18,Vancouver Whitecaps,Sporting Kansas City,3,0,129,9,9,3,1,
2026,"2026 MLS, Regular Season",761545,2026-04-18,Toronto FC,Austin FC,3,3,136,11,11,6,1,
2026,"2026 MLS, Regular Season",761546,2026-04-18,Colorado Rapids,Inter Miami CF,2,3,117,5,5,5,1,
2026,"2026 MLS, Regular Season",761547,2026-04-18,Atlanta United FC,Nashville SC,0,2,105,12,12,2,1,
2026,"2026 MLS, Regular Season",761548,2026-04-18,Philadelphia Union,D.C. United,0,0,97,14,14,0,1,
2026,"2026 MLS, Regular Season",761549,2026-04-18,Orlando City SC,Houston Dynamo FC,0,1,120,8,8,1,1,
2026,"2026 MLS, Regular Season",761550,2026-04-18,FC Cincinnati,Chicago Fire FC,3,3,119,10,10,6,1,
2026,"2026 MLS, Regular Season",761551,2026-04-18,New York City FC,Charlotte FC,1,2,94,7,7,3,1,
2026,"2026 MLS, Regular Season",761552,2026-04-18,New England Revolution,Columbus Crew,2,1,96,10,10,3,1,
2026,"2026 MLS, Regular Season",761557,2026-04-18,CF Montréal,Red Bull New York,4,1,117,9,9,5,1,
2026,"2026 MLS, Regular Season",761553,2026-04-19,Minnesota United FC,Portland Timbers,2,0,108,7,7,2,1,
2026,"2026 MLS, Regular Season",761554,2026-04-19,FC Dallas,LA Galaxy,2,2,127,7,7,4,1,
2026,"2026 MLS, Regular Season",761555,2026-04-19,Seattle Sounders FC,St. Louis CITY SC,4,1,101,13,13,5,1,
2026,"2026 MLS, Regular Season",761556,2026-04-19,Real Salt Lake,San Diego FC,4,2,112,9,9,6,1,
2026,"2026 MLS, Regular Season",761558,2026-04-19,LAFC,San Jose Earthquakes,1,4,110,8,8,5,1,
2026,"2026 MLS, Regular Season",761560,2026-04-22,Atlanta United FC,New England Revolution,1,2,114,11,11,3,1,
2026,"2026 MLS, Regular Season",761561,2026-04-22,Red Bull New York,D.C. United,4,4,108,6,6,8,1,
2026,"2026 MLS, Regular Season",761562,2026-04-22,Orlando City SC,Charlotte FC,4,1,109,6,6,5,1,
2026,"2026 MLS, Regular Season",761563,2026-04-22,Toronto FC,Philadelphia Union,3,3,118,4,4,6,1,
2026,"2026 MLS, Regular Season",761564,2026-04-22,New York City FC,FC Cincinnati,4,4,103,6,6,8,1,
2026,"2026 MLS, Regular Season",761559,2026-04-23,Columbus Crew,LA Galaxy,2,1,88,5,5,3,1,
2026,"2026 MLS, Regular Season",761565,2026-04-23,Houston Dynamo FC,San Diego FC,1,0,98,4,4,1,1,
2026,"2026 MLS, Regular Season",761566,2026-04-23,FC Dallas,Minnesota United FC,0,1,89,7,7,1,1,
2026,"2026 MLS, Regular Season",761567,2026-04-23,Real Salt Lake,Inter Miami CF,0,2,111,6,6,2,1,
2026,"2026 MLS, Regular Season",761568,2026-04-23,San Jose Earthquakes,Austin FC,5,1,156,15,15,6,1,
2026,"2026 MLS, Regular Season",761569,2026-04-23,LAFC,Colorado Rapids,0,0,96,7,7,0,1,
2026,"2026 MLS, Regular Season",761570,2026-04-25,Toronto FC,Atlanta United FC,1,2,113,15,15,3,1,
2026,"2026 MLS, Regular Season",761571,2026-04-25,Minnesota United FC,LAFC,0,1,107,13,13,1,1,
2026,"2026 MLS, Regular Season",761572,2026-04-25,D.C. United,Orlando City SC,3,2,119,15,15,5,1,
2026,"2026 MLS, Regular Season",761573,2026-04-25,Columbus Crew,Philadelphia Union,2,0,113,6,6,2,1,
2026,"2026 MLS, Regular Season",761574,2026-04-25,Inter Miami CF,New England Revolution,1,1,111,8,8,2,1,
2026,"2026 MLS, Regular Season",761575,2026-04-25,FC Cincinnati,Red Bull New York,2,0,118,11,11,2,1,
2026,"2026 MLS, Regular Season",761583,2026-04-25,CF Montréal,New York City FC,1,0,116,4,4,1,1,
2026,"2026 MLS, Regular Season",761576,2026-04-26,St. Louis CITY SC,San Jose Earthquakes,2,3,118,13,13,5,1,
2026,"2026 MLS, Regular Season",761577,2026-04-26,Chicago Fire FC,Sporting Kansas City,5,0,109,6,6,5,1,
2026,"2026 MLS, Regular Season",761578,2026-04-26,Austin FC,Houston Dynamo FC,2,0,113,8,8,2,1,
2026,"2026 MLS, Regular Season",761579,2026-04-26,Nashville SC,Charlotte FC,4,2,94,10,10,6,1,
2026,"2026 MLS, Regular Season",761580,2026-04-26,San Diego FC,Portland Timbers,1,2,108,12,12,3,1,
2026,"2026 MLS, Regular Season",761581,2026-04-26,Seattle Sounders FC,FC Dallas,2,1,94,11,11,3,1,
2026,"2026 MLS, Regular Season",761582,2026-04-26,Vancouver Whitecaps,Colorado Rapids,3,1,145,12,12,4,1,
2026,"2026 MLS, Regular Season",761584,2026-04-26,LA Galaxy,Real Salt Lake,2,1,130,7,7,3,1,
2026,"2026 MLS, Regular Season",761585,2026-05-02,Sporting Kansas City,Seattle Sounders FC,1,1,104,13,13,2,1,
2026,"2026 MLS, Regular Season",761586,2026-05-02,Real Salt Lake,Portland Timbers,2,0,128,8,8,2,1,
2026,"2026 MLS, Regular Season",761587,2026-05-02,Inter Miami CF,Orlando City SC,3,4,131,12,12,7,1,
2026,"2026 MLS, Regular Season",761588,2026-05-02,Philadelphia Union,Nashville SC,0,0,108,7,7,0,1,
2026,"2026 MLS, Regular Season",761589,2026-05-02,Columbus Crew,Minnesota United FC,2,3,105,11,11,5,1,
2026,"2026 MLS, Regular Season",761590,2026-05-02,Atlanta United FC,CF Montréal,3,1,118,5,5,4,1,
2026,"2026 MLS, Regular Season",761591,2026-05-02,New England Revolution,Charlotte FC,1,0,106,8,8,1,1,
2026,"2026 MLS, Regular Season",761592,2026-05-02,Red Bull New York,FC Dallas,0,2,85,12,12,2,1,
2026,"2026 MLS, Regular Season",761597,2026-05-02,Toronto FC,San Jose Earthquakes,1,1,121,17,17,2,1,
2026,"2026 MLS, Regular Season",761593,2026-05-03,Chicago Fire FC,FC Cincinnati,2,3,115,11,11,5,1,
2026,"2026 MLS, Regular Season",761594,2026-05-03,Houston Dynamo FC,Colorado Rapids,1,0,96,11,11,1,1,
2026,"2026 MLS, Regular Season",761595,2026-05-03,San Diego FC,LAFC,2,2,111,5,5,4,1,
2026,"2026 MLS, Regular Season",761596,2026-05-03,LA Galaxy,Vancouver Whitecaps,1,1,119,3,3,2,1,
2026,"2026 MLS, Regular Season",761598,2026-05-03,New York City FC,D.C. United,0,2,121,10,10,2,1,
2026,"2026 MLS, Regular Season",761599,2026-05-03,Austin FC,St. Louis CITY SC,2,0,132,10,10,2,1,
2026,"2026 MLS, Regular Season",761600,2026-05-09,Chicago Fire FC,Red Bull New York,1,3,95,9,9,4,1,
2026,"2026 MLS, Regular Season",761601,2026-05-09,New England Revolution,Philadelphia Union,2,1,107,12,12,3,1,
2026,"2026 MLS, Regular Season",761602,2026-05-09,Atlanta United FC,LA Galaxy,1,2,89,11,11,3,1,
2026,"2026 MLS, Regular Season",761603,2026-05-09,Charlotte FC,FC Cincinnati,2,2,111,11,11,4,1,
2026,"2026 MLS, Regular Season",761610,2026-05-09,CF Montréal,Orlando City SC,2,0,120,14,14,2,1,
2026,"2026 MLS, Regular Season",761611,2026-05-09,Toronto FC,Inter Miami CF,2,4,103,8,8,6,1,
2026,"2026 MLS, Regular Season",761604,2026-05-10,FC Dallas,Real Salt Lake,3,1,113,11,11,4,1,
2026,"2026 MLS, Regular Season",761605,2026-05-10,Nashville SC,D.C. United,2,2,121,15,15,4,1,
2026,"2026 MLS, Regular Season",761606,2026-05-10,Colorado Rapids,St. Louis CITY SC,0,1,139,12,12,1,1,
2026,"2026 MLS, Regular Season",761607,2026-05-10,Portland Timbers,Sporting Kansas City,6,0,131,8,8,6,1,
2026,"2026 MLS, Regular Season",761608,2026-05-10,San Jose Earthquakes,Vancouver Whitecaps,1,1,108,6,6,2,1,
2026,"2026 MLS, Regular Season",761609,2026-05-10,Seattle Sounders FC,San Diego FC,1,1,110,10,10,2,1,
2026,"2026 MLS, Regular Season",761612,2026-05-10,New York City FC,Columbus Crew,3,0,91,11,11,3,1,
2026,"2026 MLS, Regular Season",761613,2026-05-10,Minnesota United FC,Austin FC,2,2,120,7,7,4,1,
2026,"2026 MLS, Regular Season",761614,2026-05-11,LAFC,Houston Dynamo FC,1,4,122,13,13,5,1,
2026,"2026 MLS, Regular Season",761615,2026-05-13,Charlotte FC,New York City FC,0,1,126,10,10,1,1,
2026,"2026 MLS, Regular Season",761616,2026-05-13,Orlando City SC,Philadelphia Union,4,3,116,13,13,7,1,
2026,"2026 MLS, Regular Season",761617,2026-05-13,New England Revolution,Nashville SC,0,3,94,13,13,3,1,
2026,"2026 MLS, Regular Season",761618,2026-05-13,CF Montréal,Portland Timbers,2,2,131,16,16,4,1,
2026,"2026 MLS, Regular Season",761619,2026-05-13,FC Cincinnati,Inter Miami CF,3,5,126,9,9,8,1,
2026,"2026 MLS, Regular Season",761620,2026-05-13,D.C. United,Chicago Fire FC,1,3,120,15,15,4,1,
2026,"2026 MLS, Regular Season",761621,2026-05-13,Red Bull New York,Columbus Crew,3,2,111,5,5,5,1,
2026,"2026 MLS, Regular Season",761622,2026-05-14,FC Dallas,Vancouver Whitecaps,2,3,128,11,12,5,0,boxscore corners 12 != commentary 11
2026,"2026 MLS, Regular Season",761623,2026-05-14,Sporting Kansas City,LA Galaxy,3,1,124,12,12,4,1,
2026,"2026 MLS, Regular Season",761624,2026-05-14,Minnesota United FC,Colorado Rapids,0,1,144,10,10,1,1,
2026,"2026 MLS, Regular Season",761625,2026-05-14,St. Louis CITY SC,LAFC,2,1,110,10,10,3,1,
2026,"2026 MLS, Regular Season",761626,2026-05-14,Seattle Sounders FC,San Jose Earthquakes,3,2,117,15,15,5,1,
2026,"2026 MLS, Regular Season",761627,2026-05-14,San Diego FC,Austin FC,5,0,100,10,10,5,1,
2026,"2026 MLS, Regular Season",761628,2026-05-14,Real Salt Lake,Houston Dynamo FC,3,0,100,5,5,3,1,
2026,"2026 MLS, Regular Season",761629,2026-05-16,Philadelphia Union,Columbus Crew,1,1,99,8,8,2,1,
2026,"2026 MLS, Regular Season",761630,2026-05-16,D.C. United,St. Louis CITY SC,1,1,136,13,13,2,1,
2026,"2026 MLS, Regular Season",761631,2026-05-16,Charlotte FC,Toronto FC,3,1,107,10,10,4,1,
2026,"2026 MLS, Regular Season",761632,2026-05-16,CF Montréal,Chicago Fire FC,0,2,129,19,19,2,1,
2026,"2026 MLS, Regular Season",761633,2026-05-16,Red Bull New York,New York City FC,1,1,118,12,12,2,1,
2026,"2026 MLS, Regular Season",761634,2026-05-16,Orlando City SC,Atlanta United FC,1,1,111,14,14,2,1,
2026,"2026 MLS, Regular Season",761635,2026-05-16,New England Revolution,Minnesota United FC,2,1,115,19,19,3,1,
2026,"2026 MLS, Regular Season",761636,2026-05-17,Houston Dynamo FC,Vancouver Whitecaps,1,0,124,7,7,1,1,
2026,"2026 MLS, Regular Season",761637,2026-05-17,Austin FC,Sporting Kansas City,1,2,132,10,10,3,1,
2026,"2026 MLS, Regular Season",761638,2026-05-17,Seattle Sounders FC,LA Galaxy,0,2,92,6,6,2,1,
2026,"2026 MLS, Regular Season",761639,2026-05-17,Real Salt Lake,Colorado Rapids,2,1,118,8,8,3,1,
2026,"2026 MLS, Regular Season",761640,2026-05-17,San Diego FC,FC Cincinnati,3,3,91,9,9,6,1,
2026,"2026 MLS, Regular Season",761641,2026-05-17,San Jose Earthquakes,FC Dallas,2,3,129,16,16,5,1,
2026,"2026 MLS, Regular Season",761642,2026-05-17,Inter Miami CF,Portland Timbers,2,0,131,13,13,2,1,
2026,"2026 MLS, Regular Season",761643,2026-05-18,Nashville SC,LAFC,3,2,112,14,14,5,1,
2026,"2026 MLS, Regular Season",761644,2026-05-23,St. Louis CITY SC,Austin FC,3,0,109,4,4,3,1,
2026,"2026 MLS, Regular Season",761645,2026-05-23,FC Cincinnati,Orlando City SC,6,2,143,16,16,8,1,
2026,"2026 MLS, Regular Season",761646,2026-05-23,D.C. United,CF Montréal,4,4,145,10,10,8,1,
2026,"2026 MLS, Regular Season",761647,2026-05-23,Charlotte FC,New England Revolution,1,0,108,8,8,1,1,
2026,"2026 MLS, Regular Season",761650,2026-05-23,Minnesota United FC,Real Salt Lake,1,1,100,9,9,2,1,
2026,"2026 MLS, Regular Season",761648,2026-05-24,Chicago Fire FC,Toronto FC,2,1,110,7,7,3,1,
2026,"2026 MLS, Regular Season",761649,2026-05-24,Nashville SC,New York City FC,2,1,100,9,9,3,1,
2026,"2026 MLS, Regular Season",761651,2026-05-24,Sporting Kansas City,Red Bull New York,1,2,102,7,7,3,1,
2026,"2026 MLS, Regular Season",761652,2026-05-24,San Diego FC,Vancouver Whitecaps,2,4,126,6,6,6,1,
2026,"2026 MLS, Regular Season",761653,2026-05-24,Portland Timbers,San Jose Earthquakes,1,3,115,10,10,4,1,
2026,"2026 MLS, Regular Season",761654,2026-05-24,Colorado Rapids,FC Dallas,1,2,108,8,8,3,1,
2026,"2026 MLS, Regular Season",761655,2026-05-24,LA Galaxy,Houston Dynamo FC,1,1,91,11,11,2,1,
2026,"2026 MLS, Regular Season",761656,2026-05-24,Columbus Crew,Atlanta United FC,2,0,105,5,5,2,1,
2026,"2026 MLS, Regular Season",761657,2026-05-24,Inter Miami CF,Philadelphia Union,6,4,148,6,6,10,1,
2026,"2026 MLS, Regular Season",761658,2026-05-25,LAFC,Seattle Sounders FC,1,0,103,12,12,1,1,
2026,"2026 MLS, Regular Season",761659,2026-07-16,CF Montréal,Toronto FC,0,0,101,12,12,0,1,
2026,"2026 MLS, Regular Season",761661,2026-07-17,St. Louis CITY SC,Sporting Kansas City,3,2,125,11,11,5,1,
2026,"2026 MLS, Regular Season",761662,2026-07-17,Seattle Sounders FC,Portland Timbers,1,5,92,10,10,6,1,
2026,"2026 MLS, Regular Season",761663,2026-07-18,Nashville SC,Atlanta United FC,1,0,107,6,6,1,1,
2026,"2026 MLS, Regular Season",761664,2026-07-18,LA Galaxy,LAFC,0,3,105,12,12,3,1,
2026,"2026 MLS, Regular Season",761665,2026-07-22,Philadelphia Union,Red Bull New York,3,1,119,14,14,4,1,
2026,"2026 MLS, Regular Season",761666,2026-07-22,New England Revolution,Toronto FC,0,0,112,16,16,0,1,
2026,"2026 MLS, Regular Season",761667,2026-07-22,Inter Miami CF,Chicago Fire FC,3,2,114,12,12,5,1,
2026,"2026 MLS, Regular Season",761668,2026-07-22,Columbus Crew,New York City FC,1,2,81,3,3,3,1,
2026,"2026 MLS, Regular Season",761669,2026-07-22,FC Cincinnati,Vancouver Whitecaps,4,3,114,4,4,7,1,
2026,"2026 MLS, Regular Season",761670,2026-07-23,Charlotte FC,Atlanta United FC,2,2,105,9,9,4,1,
2026,"2026 MLS, Regular Season",761671,2026-07-23,Houston Dynamo FC,D.C. United,1,1,114,6,6,2,1,
2026,"2026 MLS, Regular Season",761672,2026-07-23,Sporting Kansas City,Minnesota United FC,2,1,107,9,9,3,1,
2026,"2026 MLS, Regular Season",761673,2026-07-23,Nashville SC,CF Montréal,1,0,88,5,5,1,1,
2026,"2026 MLS, Regular Season",761674,2026-07-23,Austin FC,Seattle Sounders FC,3,1,96,8,8,4,1,
2026,"2026 MLS, Regular Season",761675,2026-07-23,Colorado Rapids,San Diego FC,1,0,99,8,8,1,1,
2026,"2026 MLS, Regular Season",761676,2026-07-23,San Jose Earthquakes,Orlando City SC,0,4,131,5,5,4,1,
2026,"2026 MLS, Regular Season",761677,2026-07-23,Portland Timbers,FC Dallas,2,2,112,8,8,4,1,
2026,"2026 MLS, Regular Season",761678,2026-07-23,LA Galaxy,St. Louis CITY SC,1,3,123,11,11,4,1,
2026,"2026 MLS, Regular Season",761679,2026-07-23,LAFC,Real Salt Lake,3,1,104,19,19,4,1,
2026,"2026 MLS, Regular Season",761680,2026-07-25,Columbus Crew,FC Cincinnati,2,1,100,9,9,3,1,
2026,"2026 MLS, Regular Season",761681,2026-07-25,D.C. United,Toronto FC,2,1,113,13,13,3,1,
2026,"2026 MLS, Regular Season",761682,2026-07-25,New England Revolution,Atlanta United FC,4,1,114,10,10,5,1,
2026,"2026 MLS, Regular Season",761683,2026-07-25,New York City FC,Chicago Fire FC,3,1,101,3,3,4,1,
2026,"2026 MLS, Regular Season",761685,2026-07-25,Red Bull New York,Charlotte FC,0,2,105,7,7,2,1,
2026,"2026 MLS, Regular Season",761686,2026-07-25,Philadelphia Union,Seattle Sounders FC,1,0,92,7,7,1,1,
2026,"2026 MLS, Regular Season",761687,2026-07-25,CF Montréal,Inter Miami CF,0,1,104,11,11,1,1,
2026,"2026 MLS, Regular Season",761684,2026-07-26,Orlando City SC,Nashville SC,1,0,93,9,9,1,1,
2026,"2026 MLS, Regular Season",761688,2026-07-26,St. Louis CITY SC,Colorado Rapids,1,0,124,11,11,1,1,
2026,"2026 MLS, Regular Season",761689,2026-07-26,Houston Dynamo FC,Austin FC,3,0,105,7,7,3,1,
2026,"2026 MLS, Regular Season",761690,2026-07-26,Minnesota United FC,Vancouver Whitecaps,0,0,96,7,7,0,1,
2026,"2026 MLS, Regular Season",761691,2026-07-26,San Diego FC,FC Dallas,1,0,104,13,13,1,1,
2026,"2026 MLS, Regular Season",761692,2026-07-26,Portland Timbers,Real Salt Lake,2,1,125,19,19,3,1,
2026,"2026 MLS, Regular Season",761693,2026-07-26,San Jose Earthquakes,LA Galaxy,1,1,123,12,12,2,1,
2026,"2026 MLS, Regular Season",761694,2026-07-26,LAFC,Sporting Kansas City,4,0,82,6,6,4,1,
2026,"2026 MLS, Regular Season",761695,2026-07-31,New York City FC,Toronto FC,1,1,116,5,5,2,1,
2026,"2026 MLS, Regular Season",761696,2026-08-01,Red Bull New York,Orlando City SC,3,2,118,9,9,5,1,
2026,"2026 MLS, Regular Season",761697,2026-08-01,CF Montréal,New England Revolution,2,2,96,9,9,4,1,
2026,"2026 MLS, Regular Season",761698,2026-08-01,Vancouver Whitecaps,LAFC,1,1,107,12,12,2,1,
2026,"2026 MLS, Regular Season",761699,2026-08-01,D.C. United,Nashville SC,2,2,112,11,11,4,1,
2026,"2026 MLS, Regular Season",761702,2026-08-01,Philadelphia Union,Atlanta United FC,3,2,122,14,14,5,1,
2026,"2026 MLS, Regular Season",761700,2026-08-02,FC Cincinnati,San Jose Earthquakes,4,2,110,15,15,6,1,
2026,"2026 MLS, Regular Season",761701,2026-08-02,Inter Miami CF,Columbus Crew,2,2,86,7,7,4,1,
2026,"2026 MLS, Regular Season",761703,2026-08-02,Minnesota United FC,San Diego FC,1,1,86,12,12,2,1,
2026,"2026 MLS, Regular Season",761704,2026-08-02,Chicago Fire FC,Charlotte FC,2,1,100,14,14,3,1,
2026,"2026 MLS, Regular Season",761705,2026-08-02,St. Louis CITY SC,Real Salt Lake,1,1,114,13,13,2,1,
2026,"2026 MLS, Regular Season",761706,2026-08-02,Sporting Kansas City,Houston Dynamo FC,0,2,93,8,8,2,1,
2026,"2026 MLS, Regular Season",761707,2026-08-02,Colorado Rapids,Austin FC,1,0,122,11,11,1,1,
2026,"2026 MLS, Regular Season",761708,2026-08-02,Portland Timbers,Seattle Sounders FC,2,1,106,8,9,3,0,boxscore corners 9 != commentary 8
2026,"2026 MLS, Regular Season",761709,2026-08-02,LA Galaxy,FC Dallas,0,0,122,12,12,0,1,
2026,"2026 MLS, Regular Season",761469,2026-08-08,New England Revolution,Houston Dynamo FC,0,2,105,13,13,2,1,
2026,"2026 MLS, Regular Season",761710,2026-08-15,Charlotte FC,Columbus Crew,3,1,112,14,14,4,1,
2026,"2026 MLS, Regular Season",761711,2026-08-15,CF Montréal,D.C. United,1,1,97,8,8,2,1,
2026,"2026 MLS, Regular Season",761712,2026-08-15,Atlanta United FC,Red Bull New York,2,1,112,10,10,3,1,
2026,"2026 MLS, Regular Season",761713,2026-08-15,Orlando City SC,FC Cincinnati,1,1,114,15,15,2,1,
2026,"2026 MLS, Regular Season",761714,2026-08-15,Toronto FC,New England Revolution,2,1,94,9,9,3,1,
2026,"2026 MLS, Regular Season",761715,2026-08-16,Houston Dynamo FC,LA Galaxy,1,0,118,7,7,1,1,
2026,"2026 MLS, Regular Season",761716,2026-08-16,Nashville SC,Inter Miami CF,4,1,130,14,14,5,1,
2026,"2026 MLS, Regular Season",761718,2026-08-16,Colorado Rapids,Sporting Kansas City,2,0,122,10,10,2,1,
2026,"2026 MLS, Regular Season",761719,2026-08-16,Real Salt Lake,Minnesota United FC,1,1,109,16,17,2,0,boxscore corners 17 != commentary 16
2026,"2026 MLS, Regular Season",761720,2026-08-16,LAFC,San Diego FC,0,1,143,16,16,1,1,
2026,"2026 MLS, Regular Season",761721,2026-08-16,San Jose Earthquakes,St. Louis CITY SC,1,3,117,9,9,4,1,
2026,"2026 MLS, Regular Season",761722,2026-08-16,New York City FC,Philadelphia Union,2,3,143,12,12,5,1,
2026,"2026 MLS, Regular Season",761723,2026-08-16,Chicago Fire FC,Portland Timbers,2,1,90,4,4,3,1,
2026,"2026 MLS, Regular Season",761717,2026-08-17,Austin FC,FC Dallas,1,2,128,11,11,3,1,
2026,"2026 MLS, Regular Season",761724,2026-08-17,Seattle Sounders FC,Vancouver Whitecaps,0,2,117,9,9,2,1,
2026,"2026 MLS, Regular Season",761725,2026-08-19,D.C. United,New England Revolution,0,3,122,9,9,3,1,
2026,"2026 MLS, Regular Season",761726,2026-08-19,Columbus Crew,CF Montréal,1,2,89,7,8,3,0,boxscore corners 8 != commentary 7
2026,"2026 MLS, Regular Season",761727,2026-08-19,Philadelphia Union,Inter Miami CF,2,2,123,5,5,4,1,
2026,"2026 MLS, Regular Season",761728,2026-08-19,Red Bull New York,Nashville SC,0,1,103,17,17,1,1,
2026,"2026 MLS, Regular Season",761729,2026-08-19,Orlando City SC,Chicago Fire FC,1,2,101,6,6,3,1,
2026,"2026 MLS, Regular Season",761730,2026-08-19,FC Cincinnati,New York City FC,2,1,100,7,7,3,1,
2026,"2026 MLS, Regular Season",761731,2026-08-19,Toronto FC,Charlotte FC,3,3,109,11,11,6,1,
2026,"2026 MLS, Regular Season",761732,2026-08-20,Sporting Kansas City,St. Louis CITY SC,1,1,109,11,11,2,1,
2026,"2026 MLS, Regular Season",761733,2026-08-20,Minnesota United FC,Atlanta United FC,1,2,113,10,10,3,1,
2026,"2026 MLS, Regular Season",761734,2026-08-20,Colorado Rapids,LAFC,1,0,115,8,8,1,1,
2026,"2026 MLS, Regular Season",761735,2026-08-20,Real Salt Lake,FC Dallas,3,4,111,9,9,7,1,
2026,"2026 MLS, Regular Season",761736,2026-08-20,Seattle Sounders FC,Austin FC,1,2,104,12,12,3,1,
2026,"2026 MLS, Regular Season",761737,2026-08-20,Portland Timbers,San Diego FC,3,1,116,6,7,4,0,boxscore corners 7 != commentary 6
2026,"2026 MLS, Regular Season",761738,2026-08-20,LA Galaxy,San Jose Earthquakes,1,0,124,7,7,1,1,
2026,"2026 MLS, Regular Season",761739,2026-08-20,Vancouver Whitecaps,Houston Dynamo FC,0,1,111,10,10,1,1,
2026,"2026 MLS, Regular Season",761740,2026-08-22,Orlando City SC,Real Salt Lake,2,1,117,9,9,3,1,
2026,"2026 MLS, Regular Season",761741,2026-08-22,Charlotte FC,D.C. United,3,1,121,13,13,4,1,
2026,"2026 MLS, Regular Season",761742,2026-08-22,Inter Miami CF,Toronto FC,1,2,98,5,5,3,1,
2026,"2026 MLS, Regular Season",761743,2026-08-22,FC Cincinnati,Seattle Sounders FC,1,1,103,13,13,2,1,
2026,"2026 MLS, Regular Season",761744,2026-08-22,Red Bull New York,Chicago Fire FC,1,1,102,5,5,2,1,
2026,"2026 MLS, Regular Season",761745,2026-08-22,CF Montréal,LA Galaxy,2,2,97,11,11,4,1,
2026,"2026 MLS, Regular Season",761746,2026-08-23,Nashville SC,Columbus Crew,3,2,85,9,9,5,1,
2026,"2026 MLS, Regular Season",761747,2026-08-23,St. Louis CITY SC,Houston Dynamo FC,2,1,126,7,7,3,1,
2026,"2026 MLS, Regular Season",761748,2026-08-23,Austin FC,Philadelphia Union,1,1,104,12,12,2,1,
2026,"2026 MLS, Regular Season",761749,2026-08-23,Vancouver Whitecaps,FC Dallas,5,0,111,12,12,5,1,
2026,"2026 MLS, Regular Season",761750,2026-08-23,San Diego FC,Colorado Rapids,3,0,123,5,5,3,1,
2026,"2026 MLS, Regular Season",761751,2026-08-23,LAFC,Portland Timbers,1,1,127,12,12,2,1,
2026,"2026 MLS, Regular Season",761752,2026-08-23,San Jose Earthquakes,Minnesota United FC,1,5,108,6,6,6,1,
2026,"2026 MLS, Regular Season",761753,2026-08-23,New England Revolution,New York City FC,1,1,91,10,10,2,1,
2026,"2026 MLS, Regular Season",761754,2026-08-23,Atlanta United FC,Sporting Kansas City,2,1,92,7,8,3,0,boxscore corners 8 != commentary 7
2026,"2026 MLS, Regular Season",761755,2026-08-29,Seattle Sounders FC,Chicago Fire FC,2,2,94,11,11,4,1,
2026,"2026 MLS, Regular Season",761756,2026-08-29,D.C. United,LAFC,0,0,99,13,13,0,1,
2026,"2026 MLS, Regular Season",761757,2026-08-29,Inter Miami CF,CF Montréal,7,1,108,12,12,8,1,
2026,"2026 MLS, Regular Season",761759,2026-08-29,Atlanta United FC,Charlotte FC,0,2,100,18,18,2,1,
2026,"2026 MLS, Regular Season",761760,2026-08-29,Toronto FC,New York City FC,1,1,103,9,9,2,1,
2026,"2026 MLS, Regular Season",761761,2026-08-29,Red Bull New York,Philadelphia Union,1,3,124,11,11,4,1,
2026,"2026 MLS, Regular Season",761758,2026-08-30,Columbus Crew,New England Revolution,1,3,98,10,10,4,1,
2026,"2026 MLS, Regular Season",761762,2026-08-30,Sporting Kansas City,Vancouver Whitecaps,0,3,127,5,5,3,1,
2026,"2026 MLS, Regular Season",761763,2026-08-30,Minnesota United FC,Orlando City SC,3,3,112,9,9,6,1,
2026,"2026 MLS, Regular Season",761764,2026-08-30,Nashville SC,FC Cincinnati,4,0,130,10,10,4,1,
2026,"2026 MLS, Regular Season",761765,2026-08-30,Houston Dynamo FC,San Jose Earthquakes,0,0,97,11,11,0,1,
2026,"2026 MLS, Regular Season",761766,2026-08-30,Colorado Rapids,Real Salt Lake,1,0,120,8,8,1,1,
2026,"2026 MLS, Regular Season",761767,2026-08-30,San Diego FC,LA Galaxy,3,1,130,14,14,4,1,
2026,"2026 MLS, Regular Season",761768,2026-08-30,Portland Timbers,Austin FC,1,2,104,9,9,3,1,
2026,"2026 MLS, Regular Season",761769,2026-08-30,St. Louis CITY SC,FC Dallas,3,3,104,9,9,6,1,
2026,"2026 MLS, Regular Season",761770,2026-09-04,New York City FC,Nashville SC,0,0,104,6,6,0,1,
2026,"2026 MLS, Regular Season",761771,2026-09-05,Orlando City SC,San Diego FC,1,0,107,10,10,1,1,
2026,"2026 MLS, Regular Season",761772,2026-09-05,Philadelphia Union,CF Montréal,2,0,110,7,7,2,1,
2026,"2026 MLS, Regular Season",761774,2026-09-05,Charlotte FC,Houston Dynamo FC,0,0,111,14,14,0,1,
2026,"2026 MLS, Regular Season",761775,2026-09-05,Columbus Crew,Colorado Rapids,3,0,121,4,4,3,1,
2026,"2026 MLS, Regular Season",761776,2026-09-05,Toronto FC,Chicago Fire FC,4,4,102,9,9,8,1,
2026,"2026 MLS, Regular Season",761777,2026-09-06,Inter Miami CF,Atlanta United FC,2,2,136,12,12,4,1,
2026,"2026 MLS, Regular Season",761778,2026-09-06,Austin FC,San Jose Earthquakes,1,1,111,14,14,2,1,
2026,"2026 MLS, Regular Season",761779,2026-09-06,FC Dallas,Sporting Kansas City,4,3,114,9,10,7,0,boxscore corners 10 != commentary 9
2026,"2026 MLS, Regular Season",761780,2026-09-06,Seattle Sounders FC,Red Bull New York,0,0,125,16,16,0,1,
2026,"2026 MLS, Regular Season",761781,2026-09-06,Real Salt Lake,LAFC,2,2,97,13,13,4,1,
2026,"2026 MLS, Regular Season",761782,2026-09-06,LA Galaxy,New England Revolution,2,1,109,8,8,3,1,
2026,"2026 MLS, Regular Season",761783,2026-09-06,Portland Timbers,Minnesota United FC,5,4,122,7,7,9,1,
2026,"2026 MLS, Regular Season",761784,2026-09-06,Vancouver Whitecaps,St. Louis CITY SC,1,3,137,8,8,4,1,
2026,"2026 MLS, Regular Season",761785,2026-09-09,CF Montréal,Charlotte FC,1,2,120,14,14,3,1,
2026,"2026 MLS, Regular Season",761786,2026-09-09,Philadelphia Union,FC Cincinnati,5,0,106,8,8,5,1,
2026,"2026 MLS, Regular Season",761787,2026-09-09,Atlanta United FC,Orlando City SC,2,3,109,12,12,5,1,
2026,"2026 MLS, Regular Season",761789,2026-09-09,D.C. United,Columbus Crew,2,1,102,8,8,3,1,
2026,"2026 MLS, Regular Season",761790,2026-09-09,Toronto FC,Nashville SC,2,1,103,11,11,3,1,
2026,"2026 MLS, Regular Season",761788,2026-09-10,New York City FC,New England Revolution,1,2,106,15,16,3,0,boxscore corners 16 != commentary 15
2026,"2026 MLS, Regular Season",761791,2026-09-10,Houston Dynamo FC,Real Salt Lake,2,1,105,5,5,3,1,
2026,"2026 MLS, Regular Season",761792,2026-09-10,Chicago Fire FC,Inter Miami CF,1,1,120,7,7,2,1,
2026,"2026 MLS, Regular Season",761793,2026-09-10,Minnesota United FC,FC Dallas,1,2,125,8,8,3,1,
2026,"2026 MLS, Regular Season",761794,2026-09-10,Austin FC,Colorado Rapids,1,1,115,12,12,2,1,
2026,"2026 MLS, Regular Season",761795,2026-09-10,LAFC,Red Bull New York,2,0,119,12,12,2,1,
2026,"2026 MLS, Regular Season",761796,2026-09-10,Portland Timbers,St. Louis CITY SC,2,2,132,11,11,4,1,
2026,"2026 MLS, Regular Season",761797,2026-09-10,San Diego FC,San Jose Earthquakes,2,3,123,4,4,5,1,
2026,"2026 MLS, Regular Season",761799,2026-09-10,Vancouver Whitecaps,LA Galaxy,3,0,113,12,12,3,1,
2026,"2026 MLS, Regular Season",761800,2026-09-12,Inter Miami CF,Nashville SC,2,2,125,7,7,4,1,
2026,"2026 MLS, Regular Season",761801,2026-09-12,Orlando City SC,Toronto FC,3,0,110,7,7,3,1,
2026,"2026 MLS, Regular Season",761802,2026-09-12,FC Cincinnati,Charlotte FC,3,3,112,15,15,6,1,
2026,"2026 MLS, Regular Season",761803,2026-09-12,D.C. United,Atlanta United FC,0,0,106,12,12,0,1,
2026,"2026 MLS, Regular Season",761804,2026-09-12,Columbus Crew,Red Bull New York,0,1,120,10,10,1,1,
2026,"2026 MLS, Regular Season",761805,2026-09-13,FC Dallas,Portland Timbers,2,1,102,12,12,3,1,
2026,"2026 MLS, Regular Season",761806,2026-09-13,Sporting Kansas City,LAFC,3,1,118,19,19,4,1,
2026,"2026 MLS, Regular Season",761807,2026-09-13,St. Louis CITY SC,Minnesota United FC,4,2,116,11,11,6,1,
2026,"2026 MLS, Regular Season",761808,2026-09-13,Colorado Rapids,CF Montréal,1,0,112,6,6,1,1,
2026,"2026 MLS, Regular Season",761809,2026-09-13,Real Salt Lake,New York City FC,0,2,123,11,11,2,1,
2026,"2026 MLS, Regular Season",761810,2026-09-13,San Jose Earthquakes,Houston Dynamo FC,1,0,112,4,4,1,1,
2026,"2026 MLS, Regular Season",761811,2026-09-13,LA Galaxy,Seattle Sounders FC,1,1,117,8,8,2,1,
2026,"2026 MLS, Regular Season",761812,2026-09-13,Chicago Fire FC,New England Revolution,1,2,115,13,13,3,1,
2026,"2026 MLS, Regular Season",761813,2026-09-13,Vancouver Whitecaps,Austin FC,1,2,120,6,6,3,1,
2026,"2026 MLS, Regular Season",761814,2026-09-14,San Diego FC,Philadelphia Union,0,5,127,15,15,5,1,
