season,sleeper_id,name,position,team,adp,overall_rank,pos_rank,window_start,window_end
2021,4046,Patrick Mahomes,QB,KC,1.79,1,1,2021-01-01,2021-08-31
2021,4984,Josh Allen,QB,BUF,3.85,2,2,2021-01-01,2021-08-31
2021,4034,Christian McCaffrey,RB,SF,4.39,3,1,2021-01-01,2021-08-31
2021,5849,Kyler Murray,QB,MIN,4.51,4,3,2021-01-01,2021-08-31
2021,6797,Justin Herbert,QB,LAC,7.85,5,4,2021-01-01,2021-08-31
2021,4881,Lamar Jackson,QB,BAL,8.08,6,5,2021-01-01,2021-08-31
2021,4029,Dalvin Cook,RB,,8.3,7,2,2021-01-01,2021-08-31
2021,6813,Jonathan Taylor,RB,IND,9.99,8,3,2021-01-01,2021-08-31
2021,4035,Alvin Kamara,RB,NO,11.25,9,4,2021-01-01,2021-08-31
2021,4866,Saquon Barkley,RB,PHI,13.47,10,5,2021-01-01,2021-08-31
2021,3294,Dak Prescott,QB,DAL,14.38,11,6,2021-01-01,2021-08-31
2021,3198,Derrick Henry,RB,BAL,16.18,12,6,2021-01-01,2021-08-31
2021,3321,Tyreek Hill,WR,MIA,17.89,13,1,2021-01-01,2021-08-31
2021,6794,Justin Jefferson,WR,MIN,18.3,14,2,2021-01-01,2021-08-31
2021,6770,Joe Burrow,QB,CIN,19,15,7,2021-01-01,2021-08-31
2021,1234,Russell Wilson,QB,NYG,19.16,16,8,2021-01-01,2021-08-31
2021,4988,Nick Chubb,RB,HOU,20.23,17,7,2021-01-01,2021-08-31
2021,5846,D.K. Metcalf,WR,PIT,21.19,18,3,2021-01-01,2021-08-31
2021,1466,Travis Kelce,TE,KC,22.11,19,1,2021-01-01,2021-08-31
2021,5859,A.J. Brown,WR,NE,23.08,20,4,2021-01-01,2021-08-31
2021,6790,D'Andre Swift,RB,CHI,23.9,21,8,2021-01-01,2021-08-31
2021,2133,Davante Adams,WR,LAR,25.21,22,5,2021-01-01,2021-08-31
2021,3164,Ezekiel Elliott,RB,,26.22,23,9,2021-01-01,2021-08-31
2021,2449,Stefon Diggs,WR,NE,27.47,24,6,2021-01-01,2021-08-31
2021,6806,J.K. Dobbins,RB,DEN,29.53,25,10,2021-01-01,2021-08-31
2021,4217,George Kittle,TE,SF,29.9,26,2,2021-01-01,2021-08-31
2021,6945,Antonio Gibson,RB,NE,30.77,27,11,2021-01-01,2021-08-31
2021,1426,DeAndre Hopkins,WR,BAL,31,28,7,2021-01-01,2021-08-31
2021,4199,Aaron Jones,RB,MIN,31.22,29,12,2021-01-01,2021-08-31
2021,2505,Darren Waller,TE,MIA,32.19,30,3,2021-01-01,2021-08-31
2021,6820,Clyde Edwards-Helaire,RB,KC,32.78,31,13,2021-01-01,2021-08-31
2021,6786,CeeDee Lamb,WR,DAL,33.05,32,8,2021-01-01,2021-08-31
2021,4981,Calvin Ridley,WR,TEN,34.19,33,9,2021-01-01,2021-08-31
2021,6938,Cam Akers,RB,SEA,36.22,34,14,2021-01-01,2021-08-31
2021,4663,Austin Ekeler,RB,WAS,37.45,35,15,2021-01-01,2021-08-31
2021,4018,Joe Mixon,RB,HOU,42.31,36,16,2021-01-01,2021-08-31
2021,5927,Terry McLaurin,WR,WAS,42.48,37,10,2021-01-01,2021-08-31
2021,96,Aaron Rodgers,QB,PIT,44.32,38,9,2021-01-01,2021-08-31
2021,6904,Jalen Hurts,QB,PHI,44.47,39,10,2021-01-01,2021-08-31
2021,5850,Josh Jacobs,RB,GB,45.07,40,17,2021-01-01,2021-08-31
2021,5892,David Montgomery,RB,HOU,45.88,41,18,2021-01-01,2021-08-31
2021,6151,Miles Sanders,RB,DAL,46.64,42,19,2021-01-01,2021-08-31
2021,1992,Allen Robinson II,WR,,49.18,43,11,2021-01-01,2021-08-31
2021,3199,Michael Thomas,WR,,49.53,44,12,2021-01-01,2021-08-31
2021,4037,Chris Godwin,WR,TB,50.19,45,13,2021-01-01,2021-08-31
2021,4983,D.J. Moore,WR,BUF,50.68,46,14,2021-01-01,2021-08-31
2021,4017,Deshaun Watson,QB,CLE,51.21,47,11,2021-01-01,2021-08-31
2021,1479,Keenan Allen,WR,LAC,54.26,48,15,2021-01-01,2021-08-31
2021,5844,T.J. Hockenson,TE,MIN,55.34,49,4,2021-01-01,2021-08-31
2021,5012,Mark Andrews,TE,BAL,55.8,50,5,2021-01-01,2021-08-31
2021,421,Matthew Stafford,QB,LAR,56,51,12,2021-01-01,2021-08-31
2021,6768,Tua Tagovailoa,QB,ATL,56.4,52,13,2021-01-01,2021-08-31
2021,6801,Tee Higgins,WR,CIN,58.64,53,16,2021-01-01,2021-08-31
2021,1049,Ryan Tannehill,QB,,58.66,54,14,2021-01-01,2021-08-31
2021,2216,Mike Evans,WR,SF,58.86,55,17,2021-01-01,2021-08-31
2021,2309,Amari Cooper,WR,,59.07,56,18,2021-01-01,2021-08-31
2021,4273,Chris Carson,RB,,59.12,57,20,2021-01-01,2021-08-31
2021,6803,Brandon Aiyuk,WR,SF,62.08,58,19,2021-01-01,2021-08-31
2021,4892,Baker Mayfield,QB,TB,62.34,59,15,2021-01-01,2021-08-31
2021,6783,Jerry Jeudy,WR,CLE,67.29,60,20,2021-01-01,2021-08-31
2021,4098,Kareem Hunt,RB,KC,67.92,61,21,2021-01-01,2021-08-31
2021,6886,Chase Claypool,WR,,68.66,62,21,2021-01-01,2021-08-31
2021,5937,Diontae Johnson,WR,,71.34,63,22,2021-01-01,2021-08-31
2021,5857,Noah Fant,TE,NO,72.04,64,6,2021-01-01,2021-08-31
2021,6955,James Robinson,RB,,73.18,65,22,2021-01-01,2021-08-31
2021,4039,Cooper Kupp,WR,SEA,73.59,66,23,2021-01-01,2021-08-31
2021,4131,Kenny Golladay,WR,,73.93,67,24,2021-01-01,2021-08-31
2021,167,Tom Brady,QB,,76.55,68,16,2021-01-01,2021-08-31
2021,5980,Myles Gaskin,RB,,77.32,69,23,2021-01-01,2021-08-31
2021,947,Julio Jones,WR,,79.05,70,25,2021-01-01,2021-08-31
2021,1352,Robert Woods,WR,,79.45,71,26,2021-01-01,2021-08-31
2021,3161,Carson Wentz,QB,MIN,80.01,72,17,2021-01-01,2021-08-31
2021,4951,D.J. Chark Jr.,WR,,80.2,73,27,2021-01-01,2021-08-31
2021,4040,JuJu Smith-Schuster,WR,NYG,81.48,74,28,2021-01-01,2021-08-31
2021,2374,Tyler Lockett,WR,LV,81.51,75,29,2021-01-01,2021-08-31
2021,24,Matt Ryan,QB,,81.61,76,18,2021-01-01,2021-08-31
2021,5045,Courtland Sutton,WR,DEN,82.11,77,30,2021-01-01,2021-08-31
2021,1166,Kirk Cousins,QB,LV,82.48,78,19,2021-01-01,2021-08-31
2021,6814,Laviska Shenault Jr.,WR,,86.18,79,31,2021-01-01,2021-08-31
2021,1689,Adam Thielen,WR,MIN,86.81,80,32,2021-01-01,2021-08-31
2021,5022,Dallas Goedert,TE,PHI,88.33,81,7,2021-01-01,2021-08-31
2021,5870,Daniel Jones,QB,IND,88.34,82,20,2021-01-01,2021-08-31
2021,5000,Chase Edmonds,RB,WAS,90.3,83,24,2021-01-01,2021-08-31
2021,4943,Sam Darnold,QB,SEA,91.62,84,21,2021-01-01,2021-08-31
2021,5052,Ronald Jones,RB,,94.15,85,25,2021-01-01,2021-08-31
2021,6819,Michael Pittman Jr.,WR,PIT,95.21,86,33,2021-01-01,2021-08-31
2021,2078,Odell Beckham Jr.,WR,NYG,95.92,87,34,2021-01-01,2021-08-31
2021,4993,Mike Gesicki,TE,CIN,98.24,88,8,2021-01-01,2021-08-31
2021,5872,Deebo Samuel,WR,WAS,98.59,89,35,2021-01-01,2021-08-31
2021,2028,Derek Carr,QB,,100.77,90,22,2021-01-01,2021-08-31
2021,2431,Mike Davis,RB,,101.25,91,26,2021-01-01,2021-08-31
2021,3225,Tyler Boyd,WR,,102.67,92,36,2021-01-01,2021-08-31
2021,2320,Melvin Gordon III,RB,,103.92,93,27,2021-01-01,2021-08-31
2021,6126,Irv Smith Jr.,TE,HOU,104.95,94,9,2021-01-01,2021-08-31
2021,6828,A.J. Dillon,RB,CAR,106.58,95,28,2021-01-01,2021-08-31
2021,3163,Jared Goff,QB,DET,107.63,96,23,2021-01-01,2021-08-31
2021,3423,Robbie Anderson,WR,,107.73,97,37,2021-01-01,2021-08-31
2021,4082,Curtis Samuel,WR,BUF,110.95,98,38,2021-01-01,2021-08-31
2021,5890,Damien Harris,RB,,111.39,99,29,2021-01-01,2021-08-31
2021,2306,Jameis Winston,QB,NYG,113.6,100,24,2021-01-01,2021-08-31
2021,3969,Leonard Fournette,RB,,113.74,101,30,2021-01-01,2021-08-31
2021,3214,Hunter Henry,TE,NE,114.23,102,10,2021-01-01,2021-08-31
2021,4602,Robert Tonyan,TE,PIT,116.75,103,11,2021-01-01,2021-08-31
2021,2197,Brandin Cooks,WR,NO,118.81,104,39,2021-01-01,2021-08-31
2021,1825,Jarvis Landry,WR,,119.12,105,40,2021-01-01,2021-08-31
2021,5848,Marquise Brown,WR,PHI,119.21,106,41,2021-01-01,2021-08-31
2021,2749,Raheem Mostert,RB,LV,119.68,107,31,2021-01-01,2021-08-31
2021,6845,Zack Moss,RB,,120.12,108,32,2021-01-01,2021-08-31
2021,5038,Michael Gallup,WR,,122.67,109,42,2021-01-01,2021-08-31
2021,3157,Will Fuller V,WR,,123.05,110,43,2021-01-01,2021-08-31
2021,4036,Corey Davis,WR,,123.18,111,44,2021-01-01,2021-08-31
2021,6798,Jalen Reagor,WR,MIA,123.68,112,45,2021-01-01,2021-08-31
2021,3242,Kenyan Drake,RB,,125.34,113,33,2021-01-01,2021-08-31
2021,2251,Logan Thomas,TE,,125.6,114,12,2021-01-01,2021-08-31
2021,6789,Henry Ruggs III,WR,,125.68,115,46,2021-01-01,2021-08-31
2021,4137,James Conner,RB,ARI,127.97,116,34,2021-01-01,2021-08-31
2021,138,Ben Roethlisberger,QB,PIT,128.29,117,25,2021-01-01,2021-08-31
2021,4066,Evan Engram,TE,DEN,129.07,118,13,2021-01-01,2021-08-31
2021,333,Ryan Fitzpatrick,QB,,134.15,119,26,2021-01-01,2021-08-31
2021,7090,Darnell Mooney,WR,NYG,135.51,120,47,2021-01-01,2021-08-31
2021,6130,Devin Singletary,RB,NYG,135.6,121,35,2021-01-01,2021-08-31
2021,4068,Mike Williams,WR,,136.78,122,48,2021-01-01,2021-08-31
2021,5967,Tony Pollard,RB,TEN,137.63,123,36,2021-01-01,2021-08-31
2021,4144,Jonnu Smith,TE,PIT,138.08,124,14,2021-01-01,2021-08-31
2021,6804,Jordan Love,QB,GB,138.59,125,27,2021-01-01,2021-08-31
2021,5347,Nyheim Hines,RB,,138.9,126,37,2021-01-01,2021-08-31
2021,954,Cam Newton,QB,,140.09,127,28,2021-01-01,2021-08-31
2021,2319,DeVante Parker,WR,,140.53,128,49,2021-01-01,2021-08-31
2021,6849,Denzel Mims,WR,DAL,140.96,129,50,2021-01-01,2021-08-31
2021,6826,Cole Kmet,TE,CHI,142.32,130,15,2021-01-01,2021-08-31
2021,2391,David Johnson,RB,,142.52,131,38,2021-01-01,2021-08-31
2021,5916,Darrell Henderson,RB,,143.44,132,39,2021-01-01,2021-08-31
2021,5917,Mecole Hardman,WR,BUF,145.1,133,51,2021-01-01,2021-08-31
2021,3271,Tyler Higbee,TE,LAR,145.25,134,16,2021-01-01,2021-08-31
2021,4381,Taysom Hill,TE,NO,148.64,135,17,2021-01-01,2021-08-31
2021,536,Antonio Brown,WR,,149.56,136,52,2021-01-01,2021-08-31
2021,5248,Gus Edwards,RB,,152.47,137,40,2021-01-01,2021-08-31
2021,515,Rob Gronkowski,TE,,152.89,138,18,2021-01-01,2021-08-31
2021,5987,Alexander Mattison,RB,MIA,153.38,139,41,2021-01-01,2021-08-31
2021,1837,Jimmy Garoppolo,QB,LAR,154.29,140,29,2021-01-01,2021-08-31
2021,2325,Nelson Agholor,WR,,157.7,141,53,2021-01-01,2021-08-31
2021,6869,Adam Trautman,TE,DEN,158.44,142,19,2021-01-01,2021-08-31
2021,5854,Drew Lock,QB,SEA,161.51,143,30,2021-01-01,2021-08-31
2021,4950,Christian Kirk,WR,SF,161.93,144,54,2021-01-01,2021-08-31
2021,3202,Austin Hooper,TE,ATL,163.28,145,20,2021-01-01,2021-08-31
2021,6943,Gabriel Davis,WR,BUF,163.51,146,55,2021-01-01,2021-08-31
2021,2152,Teddy Bridgewater,QB,DET,163.96,147,31,2021-01-01,2021-08-31
2021,1339,Zach Ertz,TE,WAS,164.21,148,21,2021-01-01,2021-08-31
2021,1067,Marvin Jones Jr.,WR,,164.3,149,56,2021-01-01,2021-08-31
2021,5880,Parris Campbell,WR,DAL,165.6,150,57,2021-01-01,2021-08-31
2021,3664,J.D. McKissic,RB,,166.27,151,42,2021-01-01,2021-08-31
2021,5170,Phillip Lindsay,RB,,166.58,152,43,2021-01-01,2021-08-31
2021,5110,Russell Gage,WR,SF,169.22,153,58,2021-01-01,2021-08-31
2021,4149,Jamaal Williams,RB,,169.99,154,44,2021-01-01,2021-08-31
2021,6870,Bryan Edwards,WR,,173.15,155,59,2021-01-01,2021-08-31
2021,1110,T.Y. Hilton,WR,,174.19,156,60,2021-01-01,2021-08-31
2021,1144,Cole Beasley,WR,,174.44,157,61,2021-01-01,2021-08-31
2021,4571,Blake Jarwin,TE,,177.82,158,22,2021-01-01,2021-08-31
2021,4157,Tarik Cohen,RB,,178.01,159,45,2021-01-01,2021-08-31
2021,2410,Jamison Crowder,WR,,181.27,160,62,2021-01-01,2021-08-31
2021,6149,Darius Slayton,WR,NYG,183.74,161,63,2021-01-01,2021-08-31
2021,4985,Rashaad Penny,RB,,184.83,162,46,2021-01-01,2021-08-31
2021,367,Jared Cook,TE,,187.42,163,23,2021-01-01,2021-08-31
2021,4089,Gerald Everett,TE,,191.06,164,24,2021-01-01,2021-08-31
2021,2315,Todd Gurley II,RB,,194.79,165,47,2021-01-01,2021-08-31
2021,1476,Latavius Murray,RB,,195.36,166,48,2021-01-01,2021-08-31
2021,4055,O.J. Howard,TE,,195.41,167,25,2021-01-01,2021-08-31
2021,2378,Tevin Coleman,RB,,195.95,168,49,2021-01-01,2021-08-31
2021,4152,Marlon Mack,RB,,196.21,169,50,2021-01-01,2021-08-31
2021,4973,Hayden Hurst,TE,,196.23,170,26,2021-01-01,2021-08-31
2021,3200,Sterling Shepard,WR,TB,196.51,171,64,2021-01-01,2021-08-31
2021,6805,K.J. Hamler,WR,,197.13,172,65,2021-01-01,2021-08-31
2021,6885,Ke'Shawn Vaughn,RB,,197.17,173,51,2021-01-01,2021-08-31
2021,4435,Anthony Firkser,TE,WAS,198.27,174,27,2021-01-01,2021-08-31
2021,2118,Eric Ebron,TE,PIT,200.26,175,28,2021-01-01,2021-08-31
2021,5185,Allen Lazard,WR,NYJ,203.93,176,66,2021-01-01,2021-08-31
2021,827,Tyrod Taylor,QB,GB,203.99,177,32,2021-01-01,2021-08-31
2021,1817,Sammy Watkins,WR,,204.44,178,67,2021-01-01,2021-08-31
2021,830,A.J. Green,WR,,204.61,179,68,2021-01-01,2021-08-31
2021,4962,Sony Michel,RB,,205.39,180,52,2021-01-01,2021-08-31
2021,5906,Dawson Knox,TE,BUF,207.24,181,29,2021-01-01,2021-08-31
2021,2238,John Brown,WR,,207.79,182,69,2021-01-01,2021-08-31
2021,6853,Van Jefferson,WR,WAS,208.68,183,70,2021-01-01,2021-08-31
2021,5026,Tre'Quan Smith,WR,,210.59,184,71,2021-01-01,2021-08-31
2021,4171,Josh Reynolds,WR,NYJ,211.96,185,72,2021-01-01,2021-08-31
2021,5878,N'Keal Harry,WR,,212.79,186,73,2021-01-01,2021-08-31
2021,6895,Quintez Cephus,WR,,213.1,187,74,2021-01-01,2021-08-31
2021,7064,Darrynton Evans,RB,,214.54,188,53,2021-01-01,2021-08-31
2021,2331,Breshad Perriman,WR,,215.2,189,75,2021-01-01,2021-08-31
2021,5947,Jakobi Meyers,WR,JAX,215.28,190,76,2021-01-01,2021-08-31
2021,829,Andy Dalton,QB,PHI,216.18,191,33,2021-01-01,2021-08-31
2021,6909,Lynn Bowden Jr.,WR,,221.28,192,77,2021-01-01,2021-08-31
2021,1848,James White,RB,,221.87,193,54,2021-01-01,2021-08-31
2021,4033,David Njoku,TE,LAC,223.3,194,30,2021-01-01,2021-08-31
2021,5009,Chris Herndon,TE,,223.36,195,31,2021-01-01,2021-08-31
2021,6039,Ty Johnson,RB,BUF,223.84,196,55,2021-01-01,2021-08-31
2021,5284,Jeff Wilson Jr.,RB,MIA,224.26,197,56,2021-01-01,2021-08-31
2021,538,Emmanuel Sanders,WR,,224.85,198,78,2021-01-01,2021-08-31
2021,6918,Salvon Ahmed,RB,CHI,225.41,199,57,2021-01-01,2021-08-31
2021,6011,Gardner Minshew,QB,ARI,226.46,200,34,2021-01-01,2021-08-31
2021,5549,Darrel Williams,RB,,226.83,201,58,2021-01-01,2021-08-31
2021,7045,Joshua Kelley,RB,,227.24,202,59,2021-01-01,2021-08-31
2021,6824,Donovan Peoples-Jones,WR,,228.09,203,79,2021-01-01,2021-08-31
2021,5086,Marquez Valdes-Scantling,WR,DAL,229.35,204,80,2021-01-01,2021-08-31
2021,5955,Hunter Renfrow,WR,CAR,229.78,205,81,2021-01-01,2021-08-31
2021,6850,Harrison Bryant,TE,SEA,232.75,206,32,2021-01-01,2021-08-31
2021,1386,Giovani Bernard,RB,,233.19,207,60,2021-01-01,2021-08-31
2021,6878,Anthony McFarland Jr.,RB,,233.79,208,61,2021-01-01,2021-08-31
2021,6960,Tyler Johnson,WR,DAL,234.39,209,82,2021-01-01,2021-08-31
2021,5068,Kerryon Johnson,RB,,237.04,210,62,2021-01-01,2021-08-31
2021,6908,La'Mical Perine,RB,,237.34,211,63,2021-01-01,2021-08-31
2021,5013,Anthony Miller,WR,BAL,239.38,212,83,2021-01-01,2021-08-31
2021,2588,Malcolm Brown,RB,,239.66,213,64,2021-01-01,2021-08-31
2021,2307,Marcus Mariota,QB,WAS,241.64,214,35,2021-01-01,2021-08-31
2021,2583,Tyrell Williams,WR,,242.26,215,84,2021-01-01,2021-08-31
2021,5122,Boston Scott,RB,,242.45,216,65,2021-01-01,2021-08-31
2021,2711,Taylor Heinicke,QB,,246.02,217,36,2021-01-01,2021-08-31
2021,4454,Kendrick Bourne,WR,ARI,247.64,218,85,2021-01-01,2021-08-31
2021,2161,Jerick McKinnon,RB,,247.79,219,66,2021-01-01,2021-08-31
2021,5001,Dalton Schultz,TE,HOU,247.79,220,33,2021-01-01,2021-08-31
2021,1408,Le'Veon Bell,RB,TB,247.81,221,67,2021-01-01,2021-08-31
2021,6148,Preston Williams,WR,,248.42,222,86,2021-01-01,2021-08-31
2021,5845,Dwayne Haskins,QB,PIT,248.46,223,37,2021-01-01,2021-08-31
2021,6989,Marquez Callaway,WR,,249.43,224,87,2021-01-01,2021-08-31
2021,6931,DeeJay Dallas,RB,JAX,250.33,225,68,2021-01-01,2021-08-31
2021,4150,Wayne Gallman,RB,,250.47,226,69,2021-01-01,2021-08-31
2021,3209,Devontae Booker,RB,,251.85,227,70,2021-01-01,2021-08-31
2021,3976,Mitchell Trubisky,QB,TEN,252.89,228,38,2021-01-01,2021-08-31
2021,6271,Olamide Zaccheaus,WR,ATL,254.15,229,88,2021-01-01,2021-08-31
2021,4351,Tim Patrick,WR,NYJ,258.59,230,89,2021-01-01,2021-08-31
2021,4054,Mo Alie-Cox,TE,IND,258.69,231,34,2021-01-01,2021-08-31
2021,5131,Justin Jackson,RB,,260.8,232,71,2021-01-01,2021-08-31
2022,4984,Josh Allen,QB,BUF,1.5,1,1,2022-01-01,2022-08-31
2022,4046,Patrick Mahomes,QB,KC,2.63,2,2,2022-01-01,2022-08-31
2022,6797,Justin Herbert,QB,LAC,3.25,3,3,2022-01-01,2022-08-31
2022,6813,Jonathan Taylor,RB,IND,5.27,4,1,2022-01-01,2022-08-31
2022,6770,Joe Burrow,QB,CIN,5.66,5,4,2022-01-01,2022-08-31
2022,5849,Kyler Murray,QB,MIN,7.76,6,5,2022-01-01,2022-08-31
2022,7564,Ja'Marr Chase,WR,CIN,7.98,7,1,2022-01-01,2022-08-31
2022,4881,Lamar Jackson,QB,BAL,8.42,8,6,2022-01-01,2022-08-31
2022,6794,Justin Jefferson,WR,MIN,9.5,9,2,2022-01-01,2022-08-31
2022,7528,Najee Harris,RB,LAC,11.91,10,2,2022-01-01,2022-08-31
2022,3294,Dak Prescott,QB,DAL,12.82,11,7,2022-01-01,2022-08-31
2022,7553,Kyle Pitts,TE,ATL,14.76,12,1,2022-01-01,2022-08-31
2022,7588,Javonte Williams,RB,DAL,16.56,13,3,2022-01-01,2022-08-31
2022,6790,D'Andre Swift,RB,CHI,18.29,14,4,2022-01-01,2022-08-31
2022,6786,CeeDee Lamb,WR,DAL,18.9,15,3,2022-01-01,2022-08-31
2022,4039,Cooper Kupp,WR,SEA,19.67,16,4,2022-01-01,2022-08-31
2022,7610,Trey Lance,QB,LAC,19.73,17,8,2022-01-01,2022-08-31
2022,4034,Christian McCaffrey,RB,SF,19.91,18,5,2022-01-01,2022-08-31
2022,5012,Mark Andrews,TE,BAL,23.6,19,2,2022-01-01,2022-08-31
2022,4017,Deshaun Watson,QB,CLE,24.4,20,9,2022-01-01,2022-08-31
2022,1234,Russell Wilson,QB,NYG,24.89,21,10,2022-01-01,2022-08-31
2022,4663,Austin Ekeler,RB,WAS,25.18,22,6,2022-01-01,2022-08-31
2022,5859,A.J. Brown,WR,NE,25.38,23,5,2022-01-01,2022-08-31
2022,5872,Deebo Samuel,WR,WAS,26.05,24,6,2022-01-01,2022-08-31
2022,6904,Jalen Hurts,QB,PHI,26.92,25,11,2022-01-01,2022-08-31
2022,7526,Jaylen Waddle,WR,DEN,30.11,26,7,2022-01-01,2022-08-31
2022,421,Matthew Stafford,QB,LAR,30.2,27,12,2022-01-01,2022-08-31
2022,7523,Trevor Lawrence,QB,JAX,30.25,28,13,2022-01-01,2022-08-31
2022,4018,Joe Mixon,RB,HOU,31.63,29,7,2022-01-01,2022-08-31
2022,3321,Tyreek Hill,WR,MIA,32.24,30,8,2022-01-01,2022-08-31
2022,2133,Davante Adams,WR,LAR,32.41,31,9,2022-01-01,2022-08-31
2022,7591,Justin Fields,QB,KC,34.68,32,14,2022-01-01,2022-08-31
2022,5846,D.K. Metcalf,WR,PIT,34.85,33,10,2022-01-01,2022-08-31
2022,4029,Dalvin Cook,RB,,35.73,34,8,2022-01-01,2022-08-31
2022,6801,Tee Higgins,WR,CIN,37.39,35,11,2022-01-01,2022-08-31
2022,2449,Stefon Diggs,WR,NE,39.02,36,12,2022-01-01,2022-08-31
2022,3198,Derrick Henry,RB,BAL,40.39,37,9,2022-01-01,2022-08-31
2022,1466,Travis Kelce,TE,KC,41.8,38,3,2022-01-01,2022-08-31
2022,6945,Antonio Gibson,RB,NE,43.19,39,10,2022-01-01,2022-08-31
2022,4217,George Kittle,TE,SF,43.93,40,4,2022-01-01,2022-08-31
2022,4035,Alvin Kamara,RB,NO,44.69,41,11,2022-01-01,2022-08-31
2022,96,Aaron Rodgers,QB,PIT,44.91,42,15,2022-01-01,2022-08-31
2022,4866,Saquon Barkley,RB,PHI,46.3,43,12,2022-01-01,2022-08-31
2022,4988,Nick Chubb,RB,HOU,46.7,44,13,2022-01-01,2022-08-31
2022,6938,Cam Akers,RB,SEA,47.5,45,14,2022-01-01,2022-08-31
2022,6806,J.K. Dobbins,RB,DEN,48.69,46,15,2022-01-01,2022-08-31
2022,5937,Diontae Johnson,WR,,49.22,47,13,2022-01-01,2022-08-31
2022,20220101,2022 1.01,PK,,49.43,48,1,2022-01-01,2022-08-31
2022,4983,D.J. Moore,WR,BUF,50.38,49,14,2022-01-01,2022-08-31
2022,7543,Travis Etienne,RB,NO,52.6,50,16,2022-01-01,2022-08-31
2022,7527,Mac Jones,QB,SF,52.96,51,16,2022-01-01,2022-08-31
2022,6768,Tua Tagovailoa,QB,ATL,56.06,52,17,2022-01-01,2022-08-31
2022,5844,T.J. Hockenson,TE,MIN,57.44,53,5,2022-01-01,2022-08-31
2022,2505,Darren Waller,TE,MIA,58.06,54,6,2022-01-01,2022-08-31
2022,5927,Terry McLaurin,WR,WAS,58.74,55,15,2022-01-01,2022-08-31
2022,2028,Derek Carr,QB,,59.25,56,18,2022-01-01,2022-08-31
2022,5892,David Montgomery,RB,HOU,59.59,57,17,2022-01-01,2022-08-31
2022,4037,Chris Godwin,WR,TB,61.43,58,16,2022-01-01,2022-08-31
2022,6819,Michael Pittman Jr.,WR,PIT,61.97,59,17,2022-01-01,2022-08-31
2022,5850,Josh Jacobs,RB,GB,63.3,60,18,2022-01-01,2022-08-31
2022,20220102,2022 1.02,PK,,63.44,61,2,2022-01-01,2022-08-31
2022,7525,DeVonta Smith,WR,PHI,64.38,62,18,2022-01-01,2022-08-31
2022,7596,Elijah Moore,WR,PHI,65.11,63,19,2022-01-01,2022-08-31
2022,7538,Zach Wilson,QB,NO,65.63,64,19,2022-01-01,2022-08-31
2022,1166,Kirk Cousins,QB,LV,67.5,65,20,2022-01-01,2022-08-31
2022,6783,Jerry Jeudy,WR,CLE,70.08,66,20,2022-01-01,2022-08-31
2022,4199,Aaron Jones,RB,MIN,71.65,67,19,2022-01-01,2022-08-31
2022,7561,Elijah Mitchell,RB,PHI,72.38,68,20,2022-01-01,2022-08-31
2022,20220103,2022 1.03,PK,,73.72,69,3,2022-01-01,2022-08-31
2022,2216,Mike Evans,WR,SF,73.73,70,21,2022-01-01,2022-08-31
2022,1479,Keenan Allen,WR,LAC,73.94,71,22,2022-01-01,2022-08-31
2022,7547,Amon-Ra St. Brown,WR,DET,75.02,72,23,2022-01-01,2022-08-31
2022,3164,Ezekiel Elliott,RB,,75.25,73,21,2022-01-01,2022-08-31
2022,6828,A.J. Dillon,RB,CAR,79.63,74,22,2022-01-01,2022-08-31
2022,20220104,2022 1.04,PK,,81.52,75,4,2022-01-01,2022-08-31
2022,5022,Dallas Goedert,TE,PHI,81.92,76,7,2022-01-01,2022-08-31
2022,1426,DeAndre Hopkins,WR,BAL,82.78,77,24,2022-01-01,2022-08-31
2022,2309,Amari Cooper,WR,,83.14,78,25,2022-01-01,2022-08-31
2022,3969,Leonard Fournette,RB,,83.98,79,23,2022-01-01,2022-08-31
2022,7090,Darnell Mooney,WR,NYG,84.14,80,26,2022-01-01,2022-08-31
2022,7600,Pat Freiermuth,TE,PIT,84.3,81,8,2022-01-01,2022-08-31
2022,5848,Marquise Brown,WR,PHI,85.36,82,27,2022-01-01,2022-08-31
2022,7571,Rashod Bateman,WR,BAL,88.42,83,28,2022-01-01,2022-08-31
2022,5001,Dalton Schultz,TE,HOU,88.7,84,9,2022-01-01,2022-08-31
2022,20220105,2022 1.05,PK,,89.06,85,5,2022-01-01,2022-08-31
2022,6803,Brandon Aiyuk,WR,SF,89.47,86,29,2022-01-01,2022-08-31
2022,1049,Ryan Tannehill,QB,,89.74,87,21,2022-01-01,2022-08-31
2022,4137,James Conner,RB,ARI,91.02,88,24,2022-01-01,2022-08-31
2022,6820,Clyde Edwards-Helaire,RB,KC,91.56,89,25,2022-01-01,2022-08-31
2022,7607,Michael Carter,RB,TEN,91.86,90,26,2022-01-01,2022-08-31
2022,4068,Mike Williams,WR,,94.17,91,30,2022-01-01,2022-08-31
2022,20220106,2022 1.06,PK,,96.11,92,6,2022-01-01,2022-08-31
2022,5906,Dawson Knox,TE,BUF,96.23,93,10,2022-01-01,2022-08-31
2022,5045,Courtland Sutton,WR,DEN,98.06,94,31,2022-01-01,2022-08-31
2022,3199,Michael Thomas,WR,,100.39,95,32,2022-01-01,2022-08-31
2022,5955,Hunter Renfrow,WR,CAR,101.11,96,33,2022-01-01,2022-08-31
2022,5890,Damien Harris,RB,,102.13,97,27,2022-01-01,2022-08-31
2022,4040,JuJu Smith-Schuster,WR,NYG,102.76,98,34,2022-01-01,2022-08-31
2022,20220107,2022 1.07,PK,,103.1,99,7,2022-01-01,2022-08-31
2022,6151,Miles Sanders,RB,DAL,103.39,100,28,2022-01-01,2022-08-31
2022,6886,Chase Claypool,WR,,103.48,101,35,2022-01-01,2022-08-31
2022,6943,Gabriel Davis,WR,BUF,106.28,102,36,2022-01-01,2022-08-31
2022,1992,Allen Robinson II,WR,,106.95,103,37,2022-01-01,2022-08-31
2022,167,Tom Brady,QB,,108.52,104,22,2022-01-01,2022-08-31
2022,5967,Tony Pollard,RB,TEN,108.61,105,29,2022-01-01,2022-08-31
2022,7606,Kadarius Toney,WR,,109.34,106,38,2022-01-01,2022-08-31
2022,7585,Davis Mills,QB,HOU,110.37,107,23,2022-01-01,2022-08-31
2022,4993,Mike Gesicki,TE,CIN,110.66,108,11,2022-01-01,2022-08-31
2022,20220108,2022 1.08,PK,,110.81,109,8,2022-01-01,2022-08-31
2022,5857,Noah Fant,TE,NO,112.58,110,12,2022-01-01,2022-08-31
2022,2197,Brandin Cooks,WR,NO,113.05,111,39,2022-01-01,2022-08-31
2022,4098,Kareem Hunt,RB,KC,114.16,112,30,2022-01-01,2022-08-31
2022,6130,Devin Singletary,RB,NYG,118.42,113,31,2022-01-01,2022-08-31
2022,5870,Daniel Jones,QB,IND,118.75,114,24,2022-01-01,2022-08-31
2022,2306,Jameis Winston,QB,NYG,119.12,115,25,2022-01-01,2022-08-31
2022,20220109,2022 1.09,PK,,119.29,116,9,2022-01-01,2022-08-31
2022,3161,Carson Wentz,QB,MIN,120.23,117,26,2022-01-01,2022-08-31
2022,4981,Calvin Ridley,WR,TEN,121.79,118,40,2022-01-01,2022-08-31
2022,7611,Rhamondre Stevenson,RB,NE,121.92,119,32,2022-01-01,2022-08-31
2022,6826,Cole Kmet,TE,CHI,122.71,120,13,2022-01-01,2022-08-31
2022,24,Matt Ryan,QB,,124.17,121,27,2022-01-01,2022-08-31
2022,2374,Tyler Lockett,WR,LV,124.96,122,41,2022-01-01,2022-08-31
2022,4985,Rashaad Penny,RB,,125.79,123,33,2022-01-01,2022-08-31
2022,4950,Christian Kirk,WR,SF,126.22,124,42,2022-01-01,2022-08-31
2022,7601,Rondale Moore,WR,MIN,126.91,125,43,2022-01-01,2022-08-31
2022,5038,Michael Gallup,WR,,127.15,126,44,2022-01-01,2022-08-31
2022,20220110,2022 1.10,PK,,127.91,127,10,2022-01-01,2022-08-31
2022,5000,Chase Edmonds,RB,WAS,128.17,128,34,2022-01-01,2022-08-31
2022,6955,James Robinson,RB,,130.92,129,35,2022-01-01,2022-08-31
2022,1689,Adam Thielen,WR,MIN,131.09,130,45,2022-01-01,2022-08-31
2022,4892,Baker Mayfield,QB,TB,132.26,131,28,2022-01-01,2022-08-31
2022,1339,Zach Ertz,TE,WAS,132.5,132,14,2022-01-01,2022-08-31
2022,5987,Alexander Mattison,RB,MIA,135.03,133,36,2022-01-01,2022-08-31
2022,20220111,2022 1.11,PK,,136.64,134,11,2022-01-01,2022-08-31
2022,3163,Jared Goff,QB,DET,139.45,135,29,2022-01-01,2022-08-31
2022,6126,Irv Smith Jr.,TE,HOU,139.46,136,15,2022-01-01,2022-08-31
2022,3214,Hunter Henry,TE,NE,140.85,137,16,2022-01-01,2022-08-31
2022,1352,Robert Woods,WR,,142.19,138,46,2022-01-01,2022-08-31
2022,1535,Cordarrelle Patterson,RB,,142.58,139,37,2022-01-01,2022-08-31
2022,20220112,2022 1.12,PK,,143.2,140,12,2022-01-01,2022-08-31
2022,20220201,2022 2.01,PK,,144.5,141,13,2022-01-01,2022-08-31
2022,4951,D.J. Chark Jr.,WR,,144.74,142,47,2022-01-01,2022-08-31
2022,20220202,2022 2.02,PK,,147.67,143,14,2022-01-01,2022-08-31
2022,2320,Melvin Gordon III,RB,,148.16,144,38,2022-01-01,2022-08-31
2022,20220203,2022 2.03,PK,,150.2,145,15,2022-01-01,2022-08-31
2022,5947,Jakobi Meyers,WR,JAX,150.48,146,48,2022-01-01,2022-08-31
2022,6843,Albert Okwuegbunam,TE,LV,152.54,147,17,2022-01-01,2022-08-31
2022,1837,Jimmy Garoppolo,QB,LAR,153.27,148,30,2022-01-01,2022-08-31
2022,20220204,2022 2.04,PK,,153.79,149,16,2022-01-01,2022-08-31
2022,3225,Tyler Boyd,WR,,154.5,150,49,2022-01-01,2022-08-31
2022,7594,Chuba Hubbard,RB,CAR,155.05,151,39,2022-01-01,2022-08-31
2022,5916,Darrell Henderson,RB,,155.86,152,40,2022-01-01,2022-08-31
2022,3976,Mitchell Trubisky,QB,TEN,156.13,153,31,2022-01-01,2022-08-31
2022,7567,Kenneth Gainwell,RB,TB,156.18,154,41,2022-01-01,2022-08-31
2022,5052,Ronald Jones,RB,,156.33,155,42,2022-01-01,2022-08-31
2022,5110,Russell Gage,WR,SF,157.09,156,50,2022-01-01,2022-08-31
2022,20220205,2022 2.05,PK,,157.31,157,17,2022-01-01,2022-08-31
2022,7608,Khalil Herbert,RB,,158.12,158,43,2022-01-01,2022-08-31
2022,6814,Laviska Shenault Jr.,WR,,158.59,159,51,2022-01-01,2022-08-31
2022,20220206,2022 2.06,PK,,161.53,160,18,2022-01-01,2022-08-31
2022,4033,David Njoku,TE,LAC,164.14,161,18,2022-01-01,2022-08-31
2022,20220207,2022 2.07,PK,,165.59,162,19,2022-01-01,2022-08-31
2022,2078,Odell Beckham Jr.,WR,NYG,166.12,163,52,2022-01-01,2022-08-31
2022,4131,Kenny Golladay,WR,,166.71,164,53,2022-01-01,2022-08-31
2022,2307,Marcus Mariota,QB,WAS,168.15,165,32,2022-01-01,2022-08-31
2022,7569,Nico Collins,WR,HOU,168.27,166,54,2022-01-01,2022-08-31
2022,3271,Tyler Higbee,TE,LAR,168.3,167,19,2022-01-01,2022-08-31
2022,20220208,2022 2.08,PK,,169.94,168,20,2022-01-01,2022-08-31
2022,7670,Josh Palmer,WR,BUF,170.82,169,55,2022-01-01,2022-08-31
2022,6824,Donovan Peoples-Jones,WR,,171.8,170,56,2022-01-01,2022-08-31
2022,4066,Evan Engram,TE,DEN,172.8,171,20,2022-01-01,2022-08-31
2022,7568,Brevin Jordan,TE,HOU,172.81,172,21,2022-01-01,2022-08-31
2022,20220209,2022 2.09,PK,,174.74,173,21,2022-01-01,2022-08-31
2022,6853,Van Jefferson,WR,WAS,175.97,174,57,2022-01-01,2022-08-31
2022,7593,Trey Sermon,RB,PIT,176.16,175,44,2022-01-01,2022-08-31
2022,7066,K.J. Osborn,WR,TEN,176.72,176,58,2022-01-01,2022-08-31
2022,5185,Allen Lazard,WR,NYJ,177.96,177,59,2022-01-01,2022-08-31
2022,6804,Jordan Love,QB,GB,178.83,178,33,2022-01-01,2022-08-31
2022,1825,Jarvis Landry,WR,,178.88,179,60,2022-01-01,2022-08-31
2022,5917,Mecole Hardman,WR,BUF,179.29,180,61,2022-01-01,2022-08-31
2022,20220210,2022 2.10,PK,,180.26,181,22,2022-01-01,2022-08-31
2022,4273,Chris Carson,RB,,182.78,182,45,2022-01-01,2022-08-31
2022,4082,Curtis Samuel,WR,BUF,183.82,183,62,2022-01-01,2022-08-31
2022,515,Rob Gronkowski,TE,,184.03,184,22,2022-01-01,2022-08-31
2022,20220211,2022 2.11,PK,,185.59,185,23,2022-01-01,2022-08-31
2022,5347,Nyheim Hines,RB,,185.67,186,46,2022-01-01,2022-08-31
2022,4036,Corey Davis,WR,,188.01,187,63,2022-01-01,2022-08-31
2022,7565,Terrace Marshall Jr.,WR,MIA,189.01,188,64,2022-01-01,2022-08-31
2022,5248,Gus Edwards,RB,,189.73,189,47,2022-01-01,2022-08-31
2022,20220212,2022 2.12,PK,,190.47,190,24,2022-01-01,2022-08-31
2022,4602,Robert Tonyan,TE,PIT,192.39,191,23,2022-01-01,2022-08-31
2022,20220301,2022 3.01,PK,,196.39,192,25,2022-01-01,2022-08-31
2022,6885,Ke'Shawn Vaughn,RB,,198.93,193,48,2022-01-01,2022-08-31
2022,4943,Sam Darnold,QB,SEA,199.6,194,34,2022-01-01,2022-08-31
2022,4149,Jamaal Williams,RB,,200.34,195,49,2022-01-01,2022-08-31
2022,3157,Will Fuller V,WR,,200.63,196,65,2022-01-01,2022-08-31
2022,4351,Tim Patrick,WR,NYJ,200.7,197,66,2022-01-01,2022-08-31
2022,5086,Marquez Valdes-Scantling,WR,DAL,201.67,198,67,2022-01-01,2022-08-31
2022,20220302,2022 3.02,PK,,202.37,199,26,2022-01-01,2022-08-31
2022,2251,Logan Thomas,TE,,202.37,200,24,2022-01-01,2022-08-31
2022,3664,J.D. McKissic,RB,,204.66,201,50,2022-01-01,2022-08-31
2022,2319,DeVante Parker,WR,,204.76,202,68,2022-01-01,2022-08-31
2022,4152,Marlon Mack,RB,,206.3,203,51,2022-01-01,2022-08-31
2022,4962,Sony Michel,RB,,208.04,204,52,2022-01-01,2022-08-31
2022,6869,Adam Trautman,TE,DEN,208.23,205,25,2022-01-01,2022-08-31
2022,20220303,2022 3.03,PK,,208.36,206,27,2022-01-01,2022-08-31
2022,4111,D'Onta Foreman,RB,,208.97,207,53,2022-01-01,2022-08-31
2022,4089,Gerald Everett,TE,,209.55,208,26,2022-01-01,2022-08-31
2022,5854,Drew Lock,QB,SEA,209.79,209,35,2022-01-01,2022-08-31
2022,947,Julio Jones,WR,,209.79,210,69,2022-01-01,2022-08-31
2022,4454,Kendrick Bourne,WR,ARI,210.33,211,70,2022-01-01,2022-08-31
2022,2749,Raheem Mostert,RB,LV,210.67,212,54,2022-01-01,2022-08-31
2022,7083,Tyler Huntley,QB,BAL,210.99,213,36,2022-01-01,2022-08-31
2022,5980,Myles Gaskin,RB,,212.72,214,55,2022-01-01,2022-08-31
2022,6694,D'Ernest Johnson,RB,NE,213.25,215,56,2022-01-01,2022-08-31
2022,6989,Marquez Callaway,WR,,213.28,216,71,2022-01-01,2022-08-31
2022,20220304,2022 3.04,PK,,214.57,217,28,2022-01-01,2022-08-31
2022,7605,Kyle Trask,QB,,217.51,218,37,2022-01-01,2022-08-31
2022,3423,Robbie Anderson,WR,,217.77,219,72,2022-01-01,2022-08-31
2022,5549,Darrel Williams,RB,,217.82,220,57,2022-01-01,2022-08-31
2022,3202,Austin Hooper,TE,ATL,220.13,221,27,2022-01-01,2022-08-31
2022,7537,Jaret Patterson,RB,LAC,220.26,222,58,2022-01-01,2022-08-31
2022,20220305,2022 3.05,PK,,220.4,223,29,2022-01-01,2022-08-31
2022,6870,Bryan Edwards,WR,,223.29,224,73,2022-01-01,2022-08-31
2022,7694,Tommy Tremble,TE,CAR,223.73,225,28,2022-01-01,2022-08-31
2022,5113,Cedrick Wilson,WR,DET,224.38,226,74,2022-01-01,2022-08-31
2022,6951,Eno Benjamin,RB,,224.89,227,59,2022-01-01,2022-08-31
2022,20220306,2022 3.06,PK,,225.88,228,30,2022-01-01,2022-08-31
2022,6011,Gardner Minshew,QB,ARI,226.48,229,38,2022-01-01,2022-08-31
2022,6805,K.J. Hamler,WR,,227.4,230,75,2022-01-01,2022-08-31
2022,7540,Amari Rodgers,WR,,231.52,231,76,2022-01-01,2022-08-31
2022,20220307,2022 3.07,PK,,232.18,232,31,2022-01-01,2022-08-31
2022,2410,Jamison Crowder,WR,,235.45,233,77,2022-01-01,2022-08-31
2022,3242,Kenyan Drake,RB,,235.53,234,60,2022-01-01,2022-08-31
2022,4973,Hayden Hurst,TE,,235.78,235,29,2022-01-01,2022-08-31
2022,2460,C.J. Uzomah,TE,,236.86,236,30,2022-01-01,2022-08-31
2022,20220308,2022 3.08,PK,,237.26,237,32,2022-01-01,2022-08-31
2022,7794,Chris Evans,RB,,237.47,238,61,2022-01-01,2022-08-31
2022,6845,Zack Moss,RB,,238.6,239,62,2022-01-01,2022-08-31
2022,5880,Parris Campbell,WR,DAL,240.41,240,78,2022-01-01,2022-08-31
2022,5131,Justin Jackson,RB,,241.49,241,63,2022-01-01,2022-08-31
2022,4144,Jonnu Smith,TE,PIT,241.65,242,31,2022-01-01,2022-08-31
2022,20220309,2022 3.09,PK,,242.21,243,33,2022-01-01,2022-08-31
2022,6074,Donald Parham,TE,PIT,242.41,244,32,2022-01-01,2022-08-31
2022,6895,Quintez Cephus,WR,,242.5,245,79,2022-01-01,2022-08-31
2022,6927,Quez Watkins,WR,PHI,244.33,246,80,2022-01-01,2022-08-31
2022,7587,Dyami Brown,WR,WAS,244.5,247,81,2022-01-01,2022-08-31
2022,5121,Braxton Berrios,WR,NYG,244.7,248,82,2022-01-01,2022-08-31
2022,2152,Teddy Bridgewater,QB,DET,245.83,249,39,2022-01-01,2022-08-31
2022,20220310,2022 3.10,PK,,246.91,250,34,2022-01-01,2022-08-31
2022,4381,Taysom Hill,TE,NO,247.54,251,33,2022-01-01,2022-08-31
2022,1067,Marvin Jones Jr.,WR,,248.38,252,83,2022-01-01,2022-08-31
2022,20220311,2022 3.11,PK,,252.74,253,35,2022-01-01,2022-08-31
2022,4741,Dan Arnold,TE,,254.79,254,34,2022-01-01,2022-08-31
2022,4080,Zay Jones,WR,ARI,255.44,255,84,2022-01-01,2022-08-31
2022,20220312,2022 3.12,PK,,257.86,256,36,2022-01-01,2022-08-31
2022,6798,Jalen Reagor,WR,MIA,258.01,257,85,2022-01-01,2022-08-31
2022,3257,Jacoby Brissett,QB,ARI,260.44,258,40,2022-01-01,2022-08-31
2022,2711,Taylor Heinicke,QB,,261.35,259,41,2022-01-01,2022-08-31
2022,7533,Anthony Schwartz,WR,,261.48,260,86,2022-01-01,2022-08-31
2022,6850,Harrison Bryant,TE,SEA,262,261,35,2022-01-01,2022-08-31
2022,7581,Kellen Mond,QB,,262.25,262,42,2022-01-01,2022-08-31
2022,5133,Tyler Conklin,TE,DET,262.91,263,36,2022-01-01,2022-08-31
2022,5985,Foster Moreau,TE,HOU,264.07,264,37,2022-01-01,2022-08-31
2022,6421,Jalen Guyton,WR,,264.14,265,87,2022-01-01,2022-08-31
2022,3200,Sterling Shepard,WR,TB,264.35,266,88,2022-01-01,2022-08-31
2022,20220401,2022 4.01,PK,,264.74,267,37,2022-01-01,2022-08-31
2022,5024,James Washington,WR,,267.3,268,89,2022-01-01,2022-08-31
2023,4046,Patrick Mahomes,QB,KC,1.94,1,1,2023-01-01,2023-08-31
2023,4984,Josh Allen,QB,BUF,2.92,2,2,2023-01-01,2023-08-31
2023,6770,Joe Burrow,QB,CIN,4.26,3,3,2023-01-01,2023-08-31
2023,6904,Jalen Hurts,QB,PHI,4.75,4,4,2023-01-01,2023-08-31
2023,6797,Justin Herbert,QB,LAC,5.97,5,5,2023-01-01,2023-08-31
2023,6794,Justin Jefferson,WR,MIN,7.22,6,1,2023-01-01,2023-08-31
2023,7523,Trevor Lawrence,QB,JAX,8.52,7,6,2023-01-01,2023-08-31
2023,4881,Lamar Jackson,QB,BAL,9.3,8,7,2023-01-01,2023-08-31
2023,7591,Justin Fields,QB,KC,9.71,9,8,2023-01-01,2023-08-31
2023,7564,Ja'Marr Chase,WR,CIN,9.85,10,2,2023-01-01,2023-08-31
2023,6786,CeeDee Lamb,WR,DAL,14.6,11,3,2023-01-01,2023-08-31
2023,5859,A.J. Brown,WR,NE,17.39,12,4,2023-01-01,2023-08-31
2023,4017,Deshaun Watson,QB,CLE,17.43,13,9,2023-01-01,2023-08-31
2023,4034,Christian McCaffrey,RB,SF,18.79,14,1,2023-01-01,2023-08-31
2023,6813,Jonathan Taylor,RB,IND,21.2,15,2,2023-01-01,2023-08-31
2023,8155,Breece Hall,RB,NYJ,21.55,16,3,2023-01-01,2023-08-31
2023,7526,Jaylen Waddle,WR,DEN,21.57,17,5,2023-01-01,2023-08-31
2023,3294,Dak Prescott,QB,DAL,21.85,18,10,2023-01-01,2023-08-31
2023,8146,Garrett Wilson,WR,NYJ,22.27,19,6,2023-01-01,2023-08-31
2023,7547,Amon-Ra St. Brown,WR,DET,22.91,20,7,2023-01-01,2023-08-31
2023,5849,Kyler Murray,QB,MIN,24.49,21,11,2023-01-01,2023-08-31
2023,8151,Kenneth Walker III,RB,KC,27.43,22,4,2023-01-01,2023-08-31
2023,1466,Travis Kelce,TE,KC,28.37,23,1,2023-01-01,2023-08-31
2023,20230101,2023 1.01,PK,,29.41,24,1,2023-01-01,2023-08-31
2023,3321,Tyreek Hill,WR,MIA,29.81,25,8,2023-01-01,2023-08-31
2023,8144,Chris Olave,WR,NO,29.98,26,9,2023-01-01,2023-08-31
2023,4866,Saquon Barkley,RB,PHI,31.66,27,5,2023-01-01,2023-08-31
2023,6768,Tua Tagovailoa,QB,ATL,32.95,28,12,2023-01-01,2023-08-31
2023,7553,Kyle Pitts,TE,ATL,33.05,29,2,2023-01-01,2023-08-31
2023,6801,Tee Higgins,WR,CIN,33.64,30,10,2023-01-01,2023-08-31
2023,7543,Travis Etienne,RB,NO,35.35,31,6,2023-01-01,2023-08-31
2023,2449,Stefon Diggs,WR,NE,35.45,32,11,2023-01-01,2023-08-31
2023,5012,Mark Andrews,TE,BAL,36.55,33,3,2023-01-01,2023-08-31
2023,7525,DeVonta Smith,WR,PHI,37.26,34,12,2023-01-01,2023-08-31
2023,20230102,2023 1.02,PK,,38.25,35,2,2023-01-01,2023-08-31
2023,4663,Austin Ekeler,RB,WAS,38.31,36,7,2023-01-01,2023-08-31
2023,5846,D.K. Metcalf,WR,PIT,39.24,37,13,2023-01-01,2023-08-31
2023,8112,Drake London,WR,ATL,40.34,38,14,2023-01-01,2023-08-31
2023,4039,Cooper Kupp,WR,SEA,40.37,39,15,2023-01-01,2023-08-31
2023,5850,Josh Jacobs,RB,GB,41.76,40,8,2023-01-01,2023-08-31
2023,5844,T.J. Hockenson,TE,MIN,44.52,41,4,2023-01-01,2023-08-31
2023,2133,Davante Adams,WR,LAR,45.66,42,16,2023-01-01,2023-08-31
2023,20230103,2023 1.03,PK,,45.67,43,3,2023-01-01,2023-08-31
2023,5870,Daniel Jones,QB,IND,46.3,44,13,2023-01-01,2023-08-31
2023,7528,Najee Harris,RB,LAC,48.89,45,9,2023-01-01,2023-08-31
2023,20230104,2023 1.04,PK,,53.15,46,4,2023-01-01,2023-08-31
2023,4988,Nick Chubb,RB,HOU,55.24,47,10,2023-01-01,2023-08-31
2023,7611,Rhamondre Stevenson,RB,NE,55.52,48,11,2023-01-01,2023-08-31
2023,5967,Tony Pollard,RB,TEN,55.68,49,12,2023-01-01,2023-08-31
2023,8167,Christian Watson,WR,GB,55.75,50,17,2023-01-01,2023-08-31
2023,7588,Javonte Williams,RB,DAL,56.97,51,13,2023-01-01,2023-08-31
2023,6819,Michael Pittman Jr.,WR,PIT,58.72,52,18,2023-01-01,2023-08-31
2023,20230105,2023 1.05,PK,,60.23,53,5,2023-01-01,2023-08-31
2023,4983,D.J. Moore,WR,BUF,60.91,54,19,2023-01-01,2023-08-31
2023,5872,Deebo Samuel,WR,WAS,61,55,20,2023-01-01,2023-08-31
2023,6783,Jerry Jeudy,WR,CLE,61.25,56,21,2023-01-01,2023-08-31
2023,4217,George Kittle,TE,SF,61.96,57,5,2023-01-01,2023-08-31
2023,7610,Trey Lance,QB,LAC,62.79,58,14,2023-01-01,2023-08-31
2023,8148,Jameson Williams,WR,DET,63.15,59,22,2023-01-01,2023-08-31
2023,1166,Kirk Cousins,QB,LV,63.7,60,15,2023-01-01,2023-08-31
2023,3163,Jared Goff,QB,DET,65.88,61,16,2023-01-01,2023-08-31
2023,8137,George Pickens,WR,DAL,66.27,62,23,2023-01-01,2023-08-31
2023,20230106,2023 1.06,PK,,67.98,63,6,2023-01-01,2023-08-31
2023,3198,Derrick Henry,RB,BAL,68.63,64,14,2023-01-01,2023-08-31
2023,5022,Dallas Goedert,TE,PHI,68.93,65,6,2023-01-01,2023-08-31
2023,8135,Treylon Burks,WR,WAS,69.49,66,24,2023-01-01,2023-08-31
2023,8160,Kenny Pickett,QB,CAR,69.86,67,17,2023-01-01,2023-08-31
2023,6790,D'Andre Swift,RB,CHI,70.21,68,15,2023-01-01,2023-08-31
2023,8129,Dameon Pierce,RB,PHI,70.45,69,16,2023-01-01,2023-08-31
2023,1234,Russell Wilson,QB,NYG,71.06,70,18,2023-01-01,2023-08-31
2023,4037,Chris Godwin,WR,TB,72.79,71,25,2023-01-01,2023-08-31
2023,6806,J.K. Dobbins,RB,DEN,73.52,72,17,2023-01-01,2023-08-31
2023,5927,Terry McLaurin,WR,WAS,74.62,73,26,2023-01-01,2023-08-31
2023,6803,Brandon Aiyuk,WR,SF,75.94,74,27,2023-01-01,2023-08-31
2023,20230107,2023 1.07,PK,,77.69,75,7,2023-01-01,2023-08-31
2023,7600,Pat Freiermuth,TE,PIT,78.22,76,7,2023-01-01,2023-08-31
2023,1373,Geno Smith,QB,NYJ,79.63,77,19,2023-01-01,2023-08-31
2023,4981,Calvin Ridley,WR,TEN,79.65,78,28,2023-01-01,2023-08-31
2023,6804,Jordan Love,QB,GB,81.88,79,20,2023-01-01,2023-08-31
2023,2028,Derek Carr,QB,,81.94,80,21,2023-01-01,2023-08-31
2023,5848,Marquise Brown,WR,PHI,83.21,81,29,2023-01-01,2023-08-31
2023,8119,Jahan Dotson,WR,ATL,83.62,82,30,2023-01-01,2023-08-31
2023,2309,Amari Cooper,WR,,85.12,83,31,2023-01-01,2023-08-31
2023,6151,Miles Sanders,RB,DAL,86.56,84,18,2023-01-01,2023-08-31
2023,8136,Rachaad White,RB,WAS,87.36,85,19,2023-01-01,2023-08-31
2023,4950,Christian Kirk,WR,SF,87.53,86,32,2023-01-01,2023-08-31
2023,20230108,2023 1.08,PK,,87.85,87,8,2023-01-01,2023-08-31
2023,4018,Joe Mixon,RB,HOU,89.04,88,20,2023-01-01,2023-08-31
2023,96,Aaron Rodgers,QB,PIT,91.58,89,22,2023-01-01,2023-08-31
2023,4029,Dalvin Cook,RB,,92.87,90,21,2023-01-01,2023-08-31
2023,5937,Diontae Johnson,WR,,93.23,91,33,2023-01-01,2023-08-31
2023,1426,DeAndre Hopkins,WR,BAL,93.84,92,34,2023-01-01,2023-08-31
2023,6938,Cam Akers,RB,SEA,94.24,93,22,2023-01-01,2023-08-31
2023,8205,Isiah Pacheco,RB,DET,94.41,94,23,2023-01-01,2023-08-31
2023,20230109,2023 1.09,PK,,98.09,95,9,2023-01-01,2023-08-31
2023,4199,Aaron Jones,RB,MIN,100.25,96,24,2023-01-01,2023-08-31
2023,2505,Darren Waller,TE,MIA,101.66,97,8,2023-01-01,2023-08-31
2023,7527,Mac Jones,QB,SF,102.26,98,23,2023-01-01,2023-08-31
2023,8183,Brock Purdy,QB,SF,104.32,99,24,2023-01-01,2023-08-31
2023,1479,Keenan Allen,WR,LAC,104.49,100,35,2023-01-01,2023-08-31
2023,8138,James Cook,RB,BUF,105.01,101,25,2023-01-01,2023-08-31
2023,5892,David Montgomery,RB,HOU,105.67,102,26,2023-01-01,2023-08-31
2023,7571,Rashod Bateman,WR,BAL,106.65,103,36,2023-01-01,2023-08-31
2023,4068,Mike Williams,WR,,107.41,104,37,2023-01-01,2023-08-31
2023,4033,David Njoku,TE,LAC,107.8,105,9,2023-01-01,2023-08-31
2023,20230110,2023 1.10,PK,,108.24,106,10,2023-01-01,2023-08-31
2023,421,Matthew Stafford,QB,LAR,111.83,107,25,2023-01-01,2023-08-31
2023,8132,Tyler Allgeier,RB,ARI,112.72,108,27,2023-01-01,2023-08-31
2023,4035,Alvin Kamara,RB,NO,112.89,109,28,2023-01-01,2023-08-31
2023,4066,Evan Engram,TE,DEN,113.1,110,10,2023-01-01,2023-08-31
2023,7606,Kadarius Toney,WR,,113.65,111,38,2023-01-01,2023-08-31
2023,2216,Mike Evans,WR,SF,114.15,112,39,2023-01-01,2023-08-31
2023,1837,Jimmy Garoppolo,QB,LAR,116.2,113,26,2023-01-01,2023-08-31
2023,6828,A.J. Dillon,RB,CAR,116.87,114,29,2023-01-01,2023-08-31
2023,5001,Dalton Schultz,TE,HOU,116.95,115,11,2023-01-01,2023-08-31
2023,8159,Desmond Ridder,QB,GB,116.99,116,27,2023-01-01,2023-08-31
2023,6826,Cole Kmet,TE,CHI,117.82,117,12,2023-01-01,2023-08-31
2023,20230111,2023 1.11,PK,,118.28,118,11,2023-01-01,2023-08-31
2023,8172,Greg Dulcich,TE,MIA,119.95,119,13,2023-01-01,2023-08-31
2023,7596,Elijah Moore,WR,PHI,120.05,120,40,2023-01-01,2023-08-31
2023,6943,Gabriel Davis,WR,BUF,120.64,121,41,2023-01-01,2023-08-31
2023,8154,Brian Robinson Jr.,RB,ATL,120.64,122,30,2023-01-01,2023-08-31
2023,2374,Tyler Lockett,WR,LV,120.76,123,42,2023-01-01,2023-08-31
2023,4040,JuJu Smith-Schuster,WR,NYG,122.92,124,43,2023-01-01,2023-08-31
2023,4137,James Conner,RB,ARI,125.32,125,31,2023-01-01,2023-08-31
2023,20230201,2023 2.01,PK,,126.08,126,12,2023-01-01,2023-08-31
2023,20230112,2023 1.12,PK,,126.27,127,13,2023-01-01,2023-08-31
2023,7608,Khalil Herbert,RB,,127.25,128,32,2023-01-01,2023-08-31
2023,8162,Sam Howell,QB,DAL,127.67,129,28,2023-01-01,2023-08-31
2023,20230202,2023 2.02,PK,,130.08,130,14,2023-01-01,2023-08-31
2023,5045,Courtland Sutton,WR,DEN,130.85,131,44,2023-01-01,2023-08-31
2023,8210,Chigoziem Okonkwo,TE,WAS,133.66,132,14,2023-01-01,2023-08-31
2023,20230203,2023 2.03,PK,,134.72,133,15,2023-01-01,2023-08-31
2023,5987,Alexander Mattison,RB,MIA,136.35,134,33,2023-01-01,2023-08-31
2023,6945,Antonio Gibson,RB,NE,137.55,135,34,2023-01-01,2023-08-31
2023,20230204,2023 2.04,PK,,137.6,136,16,2023-01-01,2023-08-31
2023,8168,Skyy Moore,WR,GB,137.8,137,45,2023-01-01,2023-08-31
2023,7090,Darnell Mooney,WR,NYG,140.97,138,46,2023-01-01,2023-08-31
2023,20230205,2023 2.05,PK,,141.48,139,17,2023-01-01,2023-08-31
2023,5947,Jakobi Meyers,WR,JAX,141.71,140,47,2023-01-01,2023-08-31
2023,8130,Trey McBride,TE,ARI,142.24,141,15,2023-01-01,2023-08-31
2023,4149,Jamaal Williams,RB,,142.89,142,35,2023-01-01,2023-08-31
2023,2197,Brandin Cooks,WR,NO,143.94,143,48,2023-01-01,2023-08-31
2023,20230206,2023 2.06,PK,,144.78,144,18,2023-01-01,2023-08-31
2023,8126,Wan'Dale Robinson,WR,TEN,145.17,145,49,2023-01-01,2023-08-31
2023,5906,Dawson Knox,TE,BUF,146.6,146,16,2023-01-01,2023-08-31
2023,20230207,2023 2.07,PK,,148.21,147,19,2023-01-01,2023-08-31
2023,8147,John Metchie III,WR,CAR,149.33,148,50,2023-01-01,2023-08-31
2023,3199,Michael Thomas,WR,,149.56,149,51,2023-01-01,2023-08-31
2023,8142,Alec Pierce,WR,IND,151.68,150,52,2023-01-01,2023-08-31
2023,20230208,2023 2.08,PK,,152.32,151,20,2023-01-01,2023-08-31
2023,7601,Rondale Moore,WR,MIN,152.8,152,53,2023-01-01,2023-08-31
2023,4985,Rashaad Penny,RB,,154.15,153,36,2023-01-01,2023-08-31
2023,1049,Ryan Tannehill,QB,,154.63,154,29,2023-01-01,2023-08-31
2023,6824,Donovan Peoples-Jones,WR,,155.99,155,54,2023-01-01,2023-08-31
2023,20230209,2023 2.09,PK,,156.77,156,21,2023-01-01,2023-08-31
2023,8121,Romeo Doubs,WR,NE,158.37,157,55,2023-01-01,2023-08-31
2023,5890,Damien Harris,RB,,158.63,158,37,2023-01-01,2023-08-31
2023,7561,Elijah Mitchell,RB,PHI,160.18,159,38,2023-01-01,2023-08-31
2023,4892,Baker Mayfield,QB,TB,161.12,160,30,2023-01-01,2023-08-31
2023,20230210,2023 2.10,PK,,162.39,161,22,2023-01-01,2023-08-31
2023,5185,Allen Lazard,WR,NYJ,163.32,162,56,2023-01-01,2023-08-31
2023,8131,Isaiah Likely,TE,NYG,163.87,163,17,2023-01-01,2023-08-31
2023,3164,Ezekiel Elliott,RB,,165.53,164,39,2023-01-01,2023-08-31
2023,20230211,2023 2.11,PK,,167.41,165,23,2023-01-01,2023-08-31
2023,7066,K.J. Osborn,WR,TEN,171.36,166,57,2023-01-01,2023-08-31
2023,4111,D'Onta Foreman,RB,,172.25,167,40,2023-01-01,2023-08-31
2023,7670,Josh Palmer,WR,BUF,172.87,168,58,2023-01-01,2023-08-31
2023,20230212,2023 2.12,PK,,173.21,169,24,2023-01-01,2023-08-31
2023,6130,Devin Singletary,RB,NYG,173.45,170,41,2023-01-01,2023-08-31
2023,7567,Kenneth Gainwell,RB,TB,173.79,171,42,2023-01-01,2023-08-31
2023,2078,Odell Beckham Jr.,WR,NYG,174.63,172,59,2023-01-01,2023-08-31
2023,6886,Chase Claypool,WR,,175.24,173,60,2023-01-01,2023-08-31
2023,7569,Nico Collins,WR,HOU,176.47,174,61,2023-01-01,2023-08-31
2023,4951,D.J. Chark Jr.,WR,,176.9,175,62,2023-01-01,2023-08-31
2023,4993,Mike Gesicki,TE,CIN,178.85,176,18,2023-01-01,2023-08-31
2023,4147,Samaje Perine,RB,CIN,179.29,177,43,2023-01-01,2023-08-31
2023,20230301,2023 3.01,PK,,180.75,178,25,2023-01-01,2023-08-31
2023,8219,Jelani Woods,TE,NYJ,182.39,179,19,2023-01-01,2023-08-31
2023,5857,Noah Fant,TE,NO,182.48,180,20,2023-01-01,2023-08-31
2023,8676,Rashid Shaheed,WR,SEA,182.95,181,63,2023-01-01,2023-08-31
2023,3225,Tyler Boyd,WR,,183.69,182,64,2023-01-01,2023-08-31
2023,7002,Juwan Johnson,TE,NO,184.32,183,21,2023-01-01,2023-08-31
2023,20230302,2023 3.02,PK,,186.72,184,26,2023-01-01,2023-08-31
2023,4089,Gerald Everett,TE,,187.04,185,22,2023-01-01,2023-08-31
2023,1689,Adam Thielen,WR,MIN,187.41,186,65,2023-01-01,2023-08-31
2023,4080,Zay Jones,WR,ARI,188.56,187,66,2023-01-01,2023-08-31
2023,4098,Kareem Hunt,RB,KC,189.06,188,44,2023-01-01,2023-08-31
2023,6820,Clyde Edwards-Helaire,RB,KC,189.37,189,45,2023-01-01,2023-08-31
2023,8228,Jaylen Warren,RB,PIT,191.41,190,46,2023-01-01,2023-08-31
2023,5038,Michael Gallup,WR,,192.33,191,67,2023-01-01,2023-08-31
2023,20230303,2023 3.03,PK,,192.97,192,27,2023-01-01,2023-08-31
2023,3969,Leonard Fournette,RB,,196.44,193,47,2023-01-01,2023-08-31
2023,20230304,2023 3.04,PK,,197.62,194,28,2023-01-01,2023-08-31
2023,6126,Irv Smith Jr.,TE,HOU,197.72,195,23,2023-01-01,2023-08-31
2023,8161,Malik Willis,QB,MIA,198.33,196,31,2023-01-01,2023-08-31
2023,3271,Tyler Higbee,TE,LAR,198.39,197,24,2023-01-01,2023-08-31
2023,5955,Hunter Renfrow,WR,CAR,198.41,198,68,2023-01-01,2023-08-31
2023,5284,Jeff Wilson Jr.,RB,MIA,199.24,199,48,2023-01-01,2023-08-31
2023,8111,Cade Otton,TE,TB,199.29,200,25,2023-01-01,2023-08-31
2023,8110,Jake Ferguson,TE,DAL,199.49,201,26,2023-01-01,2023-08-31
2023,7594,Chuba Hubbard,RB,CAR,199.74,202,49,2023-01-01,2023-08-31
2023,6920,Isaiah Hodgins,WR,NYG,202.4,203,69,2023-01-01,2023-08-31
2023,8225,Daniel Bellinger,TE,TEN,203.11,204,27,2023-01-01,2023-08-31
2023,20230305,2023 3.05,PK,,203.44,205,29,2023-01-01,2023-08-31
2023,8134,Khalil Shakir,WR,BUF,203.98,206,70,2023-01-01,2023-08-31
2023,7565,Terrace Marshall Jr.,WR,MIA,204.7,207,71,2023-01-01,2023-08-31
2023,4082,Curtis Samuel,WR,BUF,205.25,208,72,2023-01-01,2023-08-31
2023,8139,Zamir White,RB,LV,205.49,209,50,2023-01-01,2023-08-31
2023,8188,Tyquan Thornton,WR,KC,207.18,210,73,2023-01-01,2023-08-31
2023,20230306,2023 3.06,PK,,207.76,211,30,2023-01-01,2023-08-31
2023,2749,Raheem Mostert,RB,LV,208.19,212,51,2023-01-01,2023-08-31
2023,7607,Michael Carter,RB,TEN,208.41,213,52,2023-01-01,2023-08-31
2023,8153,Isaiah Spiller,RB,,211.43,214,53,2023-01-01,2023-08-31
2023,1339,Zach Ertz,TE,WAS,212.42,215,28,2023-01-01,2023-08-31
2023,6011,Gardner Minshew,QB,ARI,213.44,216,32,2023-01-01,2023-08-31
2023,20230307,2023 3.07,PK,,213.65,217,31,2023-01-01,2023-08-31
2023,7605,Kyle Trask,QB,,214.41,218,33,2023-01-01,2023-08-31
2023,7538,Zach Wilson,QB,NO,215.15,219,34,2023-01-01,2023-08-31
2023,5917,Mecole Hardman,WR,BUF,215.5,220,74,2023-01-01,2023-08-31
2023,5880,Parris Campbell,WR,DAL,217.02,221,75,2023-01-01,2023-08-31
2023,8143,Jerome Ford,RB,WAS,217.57,222,54,2023-01-01,2023-08-31
2023,4973,Hayden Hurst,TE,,217.87,223,29,2023-01-01,2023-08-31
2023,20230308,2023 3.08,PK,,219.43,224,32,2023-01-01,2023-08-31
2023,5089,Mike White,QB,CIN,219.68,225,35,2023-01-01,2023-08-31
2023,6955,James Robinson,RB,,223.54,226,55,2023-01-01,2023-08-31
2023,20230309,2023 3.09,PK,,225.31,227,33,2023-01-01,2023-08-31
2023,4943,Sam Darnold,QB,SEA,225.63,228,36,2023-01-01,2023-08-31
2023,8157,Bailey Zappe,QB,NYJ,225.71,229,37,2023-01-01,2023-08-31
2023,2161,Jerick McKinnon,RB,,227.88,230,56,2023-01-01,2023-08-31
2023,8140,Justyn Ross,WR,,228.11,231,76,2023-01-01,2023-08-31
2023,20230310,2023 3.10,PK,,230.26,232,34,2023-01-01,2023-08-31
2023,7083,Tyler Huntley,QB,BAL,231.02,233,38,2023-01-01,2023-08-31
2023,8150,Kyren Williams,RB,LAR,234.9,234,57,2023-01-01,2023-08-31
2023,20230311,2023 3.11,PK,,234.93,235,35,2023-01-01,2023-08-31
2023,3257,Jacoby Brissett,QB,ARI,234.96,236,39,2023-01-01,2023-08-31
2023,1535,Cordarrelle Patterson,RB,,236.07,237,58,2023-01-01,2023-08-31
2023,8122,Zonovan Knight,RB,ARI,238.74,238,59,2023-01-01,2023-08-31
2023,8123,Hassan Haskins,RB,LAC,238.74,239,60,2023-01-01,2023-08-31
2023,6149,Darius Slayton,WR,NYG,238.86,240,77,2023-01-01,2023-08-31
2023,1992,Allen Robinson II,WR,,239.12,241,78,2023-01-01,2023-08-31
2023,20230312,2023 3.12,PK,,240.23,242,36,2023-01-01,2023-08-31
2023,8221,Keaontay Ingram,RB,KC,240.81,243,61,2023-01-01,2023-08-31
2023,5248,Gus Edwards,RB,,243.64,244,62,2023-01-01,2023-08-31
2023,1352,Robert Woods,WR,,243.96,245,79,2023-01-01,2023-08-31
2023,8116,Pierre Strong Jr.,RB,GB,244.3,246,63,2023-01-01,2023-08-31
2023,4381,Taysom Hill,TE,NO,245.88,247,30,2023-01-01,2023-08-31
2023,5133,Tyler Conklin,TE,DET,245.93,248,31,2023-01-01,2023-08-31
2023,6853,Van Jefferson,WR,WAS,246.29,249,80,2023-01-01,2023-08-31
2023,5086,Marquez Valdes-Scantling,WR,DAL,246.3,250,81,2023-01-01,2023-08-31
2023,5970,Greg Dortch,WR,DET,247.99,251,82,2023-01-01,2023-08-31
2023,3214,Hunter Henry,TE,NE,248.12,252,32,2023-01-01,2023-08-31
2023,20230401,2023 4.01,PK,,248.31,253,37,2023-01-01,2023-08-31
2023,2711,Taylor Heinicke,QB,,251.61,254,40,2023-01-01,2023-08-31
2023,4351,Tim Patrick,WR,NYJ,252.04,255,83,2023-01-01,2023-08-31
2023,20230402,2023 4.02,PK,,253.3,256,38,2023-01-01,2023-08-31
2023,7045,Joshua Kelley,RB,,253.96,257,64,2023-01-01,2023-08-31
2023,8118,David Bell,WR,CLE,254.87,258,84,2023-01-01,2023-08-31
2023,2306,Jameis Winston,QB,NYG,257.59,259,41,2023-01-01,2023-08-31
2023,20230403,2023 4.03,PK,,258.45,260,39,2023-01-01,2023-08-31
2023,7585,Davis Mills,QB,HOU,259.37,261,42,2023-01-01,2023-08-31
2023,8800,Malik Davis,RB,DAL,259.89,262,65,2023-01-01,2023-08-31
2023,5000,Chase Edmonds,RB,WAS,260.36,263,66,2023-01-01,2023-08-31
2023,8125,Calvin Austin III,WR,NYG,261.57,264,85,2023-01-01,2023-08-31
2023,7828,Noah Gray,TE,KC,261.59,265,33,2023-01-01,2023-08-31
2023,20230404,2023 4.04,PK,,263.59,266,40,2023-01-01,2023-08-31
2024,4984,Josh Allen,QB,BUF,1.61,1,1,2024-01-01,2024-08-31
2024,4046,Patrick Mahomes,QB,KC,2.32,2,2,2024-01-01,2024-08-31
2024,9758,C.J. Stroud,QB,HOU,4.03,3,3,2024-01-01,2024-08-31
2024,6904,Jalen Hurts,QB,PHI,4.72,4,4,2024-01-01,2024-08-31
2024,4881,Lamar Jackson,QB,BAL,6.04,5,5,2024-01-01,2024-08-31
2024,6794,Justin Jefferson,WR,MIN,7.39,6,1,2024-01-01,2024-08-31
2024,6770,Joe Burrow,QB,CIN,7.97,7,6,2024-01-01,2024-08-31
2024,6786,CeeDee Lamb,WR,DAL,9.55,8,2,2024-01-01,2024-08-31
2024,7564,Ja'Marr Chase,WR,CIN,10.48,9,3,2024-01-01,2024-08-31
2024,9229,Anthony Richardson,QB,IND,11.78,10,7,2024-01-01,2024-08-31
2024,6797,Justin Herbert,QB,LAC,12.27,11,8,2024-01-01,2024-08-31
2024,7547,Amon-Ra St. Brown,WR,DET,13.03,12,4,2024-01-01,2024-08-31
2024,9509,Bijan Robinson,RB,ATL,14.5,13,1,2024-01-01,2024-08-31
2024,6804,Jordan Love,QB,GB,17.9,14,9,2024-01-01,2024-08-31
2024,8155,Breece Hall,RB,NYJ,18.88,15,2,2024-01-01,2024-08-31
2024,4034,Christian McCaffrey,RB,SF,19.93,16,3,2024-01-01,2024-08-31
2024,5849,Kyler Murray,QB,MIN,20.53,17,10,2024-01-01,2024-08-31
2024,9493,Puka Nacua,WR,LAR,21.73,18,5,2024-01-01,2024-08-31
2024,9221,Jahmyr Gibbs,RB,DET,21.85,19,4,2024-01-01,2024-08-31
2024,7523,Trevor Lawrence,QB,JAX,23.3,20,11,2024-01-01,2024-08-31
2024,8146,Garrett Wilson,WR,NYJ,23.69,21,6,2024-01-01,2024-08-31
2024,5859,A.J. Brown,WR,NE,24.43,22,7,2024-01-01,2024-08-31
2024,10859,Sam LaPorta,TE,DET,25.15,23,1,2024-01-01,2024-08-31
2024,3321,Tyreek Hill,WR,MIA,27.95,24,8,2024-01-01,2024-08-31
2024,3294,Dak Prescott,QB,DAL,28.03,25,12,2024-01-01,2024-08-31
2024,8183,Brock Purdy,QB,SF,28.57,26,13,2024-01-01,2024-08-31
2024,20240101,2024 1.01,PK,,31.8,27,1,2024-01-01,2024-08-31
2024,8144,Chris Olave,WR,NO,32.12,28,9,2024-01-01,2024-08-31
2024,6813,Jonathan Taylor,RB,IND,34.78,29,5,2024-01-01,2024-08-31
2024,6768,Tua Tagovailoa,QB,ATL,35.66,30,14,2024-01-01,2024-08-31
2024,7526,Jaylen Waddle,WR,DEN,38.83,31,10,2024-01-01,2024-08-31
2024,20240102,2024 1.02,PK,,38.85,32,2,2024-01-01,2024-08-31
2024,8130,Trey McBride,TE,ARI,39.15,33,2,2024-01-01,2024-08-31
2024,6803,Brandon Aiyuk,WR,SF,39.33,34,11,2024-01-01,2024-08-31
2024,8150,Kyren Williams,RB,LAR,39.67,35,6,2024-01-01,2024-08-31
2024,7543,Travis Etienne,RB,NO,41.34,36,7,2024-01-01,2024-08-31
2024,8112,Drake London,WR,ATL,41.38,37,12,2024-01-01,2024-08-31
2024,7569,Nico Collins,WR,HOU,41.97,38,13,2024-01-01,2024-08-31
2024,9226,Devon Achane,RB,MIA,44.26,39,8,2024-01-01,2024-08-31
2024,6819,Michael Pittman Jr.,WR,PIT,44.8,40,14,2024-01-01,2024-08-31
2024,20240103,2024 1.03,PK,,46.07,41,3,2024-01-01,2024-08-31
2024,4983,D.J. Moore,WR,BUF,46.71,42,15,2024-01-01,2024-08-31
2024,7525,DeVonta Smith,WR,PHI,46.84,43,16,2024-01-01,2024-08-31
2024,3163,Jared Goff,QB,DET,47.02,44,15,2024-01-01,2024-08-31
2024,10236,Dalton Kincaid,TE,BUF,50.59,45,3,2024-01-01,2024-08-31
2024,20240104,2024 1.04,PK,,52.21,46,4,2024-01-01,2024-08-31
2024,9502,Nathaniel Dell,WR,HOU,52.76,47,17,2024-01-01,2024-08-31
2024,4866,Saquon Barkley,RB,PHI,53.53,48,9,2024-01-01,2024-08-31
2024,5012,Mark Andrews,TE,BAL,53.62,49,4,2024-01-01,2024-08-31
2024,7553,Kyle Pitts,TE,ATL,54.35,50,5,2024-01-01,2024-08-31
2024,9997,Zay Flowers,WR,BAL,56.68,51,18,2024-01-01,2024-08-31
2024,10229,Rashee Rice,WR,KC,57.91,52,19,2024-01-01,2024-08-31
2024,20240105,2024 1.05,PK,,57.96,53,5,2024-01-01,2024-08-31
2024,5846,D.K. Metcalf,WR,PIT,58,54,20,2024-01-01,2024-08-31
2024,5844,T.J. Hockenson,TE,MIN,58.32,55,6,2024-01-01,2024-08-31
2024,8151,Kenneth Walker III,RB,KC,58.37,56,10,2024-01-01,2024-08-31
2024,6801,Tee Higgins,WR,CIN,58.49,57,21,2024-01-01,2024-08-31
2024,9756,Jordan Addison,WR,MIN,62.41,58,22,2024-01-01,2024-08-31
2024,8136,Rachaad White,RB,WAS,62.52,59,11,2024-01-01,2024-08-31
2024,7591,Justin Fields,QB,KC,63.38,60,16,2024-01-01,2024-08-31
2024,9488,Jaxon Smith-Njigba,WR,SEA,63.44,61,23,2024-01-01,2024-08-31
2024,8138,James Cook,RB,BUF,63.86,62,12,2024-01-01,2024-08-31
2024,20240106,2024 1.06,PK,,64.69,63,6,2024-01-01,2024-08-31
2024,8205,Isiah Pacheco,RB,DET,64.98,64,13,2024-01-01,2024-08-31
2024,5850,Josh Jacobs,RB,GB,66.06,65,14,2024-01-01,2024-08-31
2024,9228,Bryce Young,QB,CAR,68.1,66,17,2024-01-01,2024-08-31
2024,4017,Deshaun Watson,QB,CLE,69.16,67,18,2024-01-01,2024-08-31
2024,8137,George Pickens,WR,DAL,69.46,68,24,2024-01-01,2024-08-31
2024,1466,Travis Kelce,TE,KC,69.66,69,7,2024-01-01,2024-08-31
2024,10222,Jayden Reed,WR,GB,70.47,70,25,2024-01-01,2024-08-31
2024,5872,Deebo Samuel,WR,WAS,70.81,71,26,2024-01-01,2024-08-31
2024,2449,Stefon Diggs,WR,NE,72.42,72,27,2024-01-01,2024-08-31
2024,20240107,2024 1.07,PK,,72.63,73,7,2024-01-01,2024-08-31
2024,1166,Kirk Cousins,QB,LV,75.78,74,19,2024-01-01,2024-08-31
2024,4892,Baker Mayfield,QB,TB,76.13,75,20,2024-01-01,2024-08-31
2024,2133,Davante Adams,WR,LAR,78.33,76,28,2024-01-01,2024-08-31
2024,2216,Mike Evans,WR,SF,79.88,77,29,2024-01-01,2024-08-31
2024,4217,George Kittle,TE,SF,82.89,78,8,2024-01-01,2024-08-31
2024,20240108,2024 1.08,PK,,83.41,79,8,2024-01-01,2024-08-31
2024,9999,Will Levis,QB,TEN,85.92,80,21,2024-01-01,2024-08-31
2024,6790,D'Andre Swift,RB,CHI,86.4,81,15,2024-01-01,2024-08-31
2024,4033,David Njoku,TE,LAC,87.48,82,9,2024-01-01,2024-08-31
2024,8110,Jake Ferguson,TE,DAL,88.77,83,10,2024-01-01,2024-08-31
2024,7588,Javonte Williams,RB,DAL,88.81,84,16,2024-01-01,2024-08-31
2024,4039,Cooper Kupp,WR,SEA,89.38,85,30,2024-01-01,2024-08-31
2024,9508,Tyjae Spears,RB,TEN,90.32,86,17,2024-01-01,2024-08-31
2024,20240109,2024 1.09,PK,,92.42,87,9,2024-01-01,2024-08-31
2024,4066,Evan Engram,TE,DEN,92.64,88,11,2024-01-01,2024-08-31
2024,421,Matthew Stafford,QB,LAR,93.44,89,22,2024-01-01,2024-08-31
2024,5927,Terry McLaurin,WR,WAS,94.14,90,31,2024-01-01,2024-08-31
2024,4035,Alvin Kamara,RB,NO,94.6,91,18,2024-01-01,2024-08-31
2024,4950,Christian Kirk,WR,SF,96.05,92,32,2024-01-01,2024-08-31
2024,4018,Joe Mixon,RB,HOU,96.2,93,19,2024-01-01,2024-08-31
2024,7528,Najee Harris,RB,LAC,97.65,94,20,2024-01-01,2024-08-31
2024,2309,Amari Cooper,WR,,97.69,95,33,2024-01-01,2024-08-31
2024,4037,Chris Godwin,WR,TB,98.34,96,34,2024-01-01,2024-08-31
2024,5892,David Montgomery,RB,HOU,98.44,97,21,2024-01-01,2024-08-31
2024,8167,Christian Watson,WR,GB,98.5,98,35,2024-01-01,2024-08-31
2024,20240110,2024 1.10,PK,,100.49,99,10,2024-01-01,2024-08-31
2024,7611,Rhamondre Stevenson,RB,NE,101.75,100,22,2024-01-01,2024-08-31
2024,3198,Derrick Henry,RB,BAL,102.14,101,23,2024-01-01,2024-08-31
2024,4981,Calvin Ridley,WR,TEN,106.3,102,36,2024-01-01,2024-08-31
2024,1479,Keenan Allen,WR,LAC,106.6,103,37,2024-01-01,2024-08-31
2024,5967,Tony Pollard,RB,TEN,107.37,104,24,2024-01-01,2024-08-31
2024,20240111,2024 1.11,PK,,107.76,105,11,2024-01-01,2024-08-31
2024,5937,Diontae Johnson,WR,,109.84,106,38,2024-01-01,2024-08-31
2024,6826,Cole Kmet,TE,CHI,110,107,12,2024-01-01,2024-08-31
2024,5848,Marquise Brown,WR,PHI,110.3,108,39,2024-01-01,2024-08-31
2024,9500,Josh Downs,WR,IND,111.03,109,40,2024-01-01,2024-08-31
2024,20240112,2024 1.12,PK,,113.52,110,12,2024-01-01,2024-08-31
2024,8154,Brian Robinson Jr.,RB,ATL,114.94,111,25,2024-01-01,2024-08-31
2024,96,Aaron Rodgers,QB,PIT,115.06,112,23,2024-01-01,2024-08-31
2024,4199,Aaron Jones,RB,MIN,116.53,113,26,2024-01-01,2024-08-31
2024,8148,Jameson Williams,WR,DET,117.02,114,41,2024-01-01,2024-08-31
2024,20240201,2024 2.01,PK,,118.33,115,13,2024-01-01,2024-08-31
2024,1373,Geno Smith,QB,NYJ,118.67,116,24,2024-01-01,2024-08-31
2024,5022,Dallas Goedert,TE,PHI,119.14,117,13,2024-01-01,2024-08-31
2024,8228,Jaylen Warren,RB,PIT,119.7,118,27,2024-01-01,2024-08-31
2024,20240202,2024 2.02,PK,,122.18,119,14,2024-01-01,2024-08-31
2024,9753,Zach Charbonnet,RB,SEA,122.91,120,28,2024-01-01,2024-08-31
2024,4137,James Conner,RB,ARI,123.07,121,29,2024-01-01,2024-08-31
2024,4988,Nick Chubb,RB,HOU,124.28,122,30,2024-01-01,2024-08-31
2024,2028,Derek Carr,QB,,125.09,123,25,2024-01-01,2024-08-31
2024,20240203,2024 2.03,PK,,125.63,124,15,2024-01-01,2024-08-31
2024,5870,Daniel Jones,QB,IND,126.79,125,26,2024-01-01,2024-08-31
2024,8139,Zamir White,RB,LV,127.3,126,31,2024-01-01,2024-08-31
2024,4663,Austin Ekeler,RB,WAS,127.72,127,32,2024-01-01,2024-08-31
2024,20240204,2024 2.04,PK,,127.75,128,16,2024-01-01,2024-08-31
2024,9482,Michael Mayer,TE,LV,128.07,129,14,2024-01-01,2024-08-31
2024,5001,Dalton Schultz,TE,HOU,128.52,130,15,2024-01-01,2024-08-31
2024,1234,Russell Wilson,QB,NYG,128.67,131,27,2024-01-01,2024-08-31
2024,7600,Pat Freiermuth,TE,PIT,128.95,132,16,2024-01-01,2024-08-31
2024,8119,Jahan Dotson,WR,ATL,130.66,133,42,2024-01-01,2024-08-31
2024,8121,Romeo Doubs,WR,NE,131.11,134,43,2024-01-01,2024-08-31
2024,20240205,2024 2.05,PK,,131.82,135,17,2024-01-01,2024-08-31
2024,6783,Jerry Jeudy,WR,CLE,132.07,136,44,2024-01-01,2024-08-31
2024,9481,Luke Musgrave,TE,GB,134.92,137,17,2024-01-01,2024-08-31
2024,9757,Kendre Miller,RB,NO,135.54,138,33,2024-01-01,2024-08-31
2024,20240206,2024 2.06,PK,,136.03,139,18,2024-01-01,2024-08-31
2024,5947,Jakobi Meyers,WR,JAX,138.71,140,45,2024-01-01,2024-08-31
2024,9754,Quentin Johnston,WR,LAC,139.94,141,46,2024-01-01,2024-08-31
2024,20240207,2024 2.07,PK,,140.96,142,19,2024-01-01,2024-08-31
2024,9224,Chase Brown,RB,CIN,141.94,143,34,2024-01-01,2024-08-31
2024,1426,DeAndre Hopkins,WR,BAL,142.95,144,47,2024-01-01,2024-08-31
2024,5045,Courtland Sutton,WR,DEN,144.42,145,48,2024-01-01,2024-08-31
2024,20240208,2024 2.08,PK,,146.21,146,20,2024-01-01,2024-08-31
2024,8143,Jerome Ford,RB,WAS,147.15,147,35,2024-01-01,2024-08-31
2024,2749,Raheem Mostert,RB,LV,147.86,148,36,2024-01-01,2024-08-31
2024,7594,Chuba Hubbard,RB,CAR,149.95,149,37,2024-01-01,2024-08-31
2024,20240209,2024 2.09,PK,,150.86,150,21,2024-01-01,2024-08-31
2024,10235,Roschon Johnson,RB,CHI,152.09,151,38,2024-01-01,2024-08-31
2024,10232,Michael Wilson,WR,ARI,152.36,152,49,2024-01-01,2024-08-31
2024,9486,Dontayvion Wicks,WR,PHI,153.33,153,50,2024-01-01,2024-08-31
2024,8131,Isaiah Likely,TE,NYG,153.34,154,18,2024-01-01,2024-08-31
2024,6130,Devin Singletary,RB,NYG,155.47,155,39,2024-01-01,2024-08-31
2024,6943,Gabriel Davis,WR,BUF,155.58,156,51,2024-01-01,2024-08-31
2024,20240210,2024 2.10,PK,,155.73,157,22,2024-01-01,2024-08-31
2024,20240211,2024 2.11,PK,,160.16,158,23,2024-01-01,2024-08-31
2024,4068,Mike Williams,WR,,161.07,159,52,2024-01-01,2024-08-31
2024,9494,Marvin Mims,WR,DEN,161.33,160,53,2024-01-01,2024-08-31
2024,8134,Khalil Shakir,WR,BUF,161.78,161,54,2024-01-01,2024-08-31
2024,6845,Zack Moss,RB,,162.39,162,40,2024-01-01,2024-08-31
2024,20240212,2024 2.12,PK,,164.78,163,24,2024-01-01,2024-08-31
2024,9501,Demario Douglas,WR,NE,165.69,164,55,2024-01-01,2024-08-31
2024,8111,Cade Otton,TE,TB,166.05,165,19,2024-01-01,2024-08-31
2024,8210,Chigoziem Okonkwo,TE,WAS,166.64,166,20,2024-01-01,2024-08-31
2024,2374,Tyler Lockett,WR,LV,167.03,167,56,2024-01-01,2024-08-31
2024,8126,Wan'Dale Robinson,WR,TEN,167.37,168,57,2024-01-01,2024-08-31
2024,9484,Tucker Kraft,TE,GB,167.49,169,21,2024-01-01,2024-08-31
2024,8676,Rashid Shaheed,WR,SEA,167.62,170,58,2024-01-01,2024-08-31
2024,20240301,2024 3.01,PK,,170.67,171,25,2024-01-01,2024-08-31
2024,8162,Sam Howell,QB,DAL,170.8,172,28,2024-01-01,2024-08-31
2024,8230,Ty Chandler,RB,NO,174.14,173,41,2024-01-01,2024-08-31
2024,20240302,2024 3.02,PK,,176.44,174,26,2024-01-01,2024-08-31
2024,8132,Tyler Allgeier,RB,ARI,176.49,175,42,2024-01-01,2024-08-31
2024,9511,Keaton Mitchell,RB,LAC,177.39,176,43,2024-01-01,2024-08-31
2024,8135,Treylon Burks,WR,WAS,179.79,177,59,2024-01-01,2024-08-31
2024,6945,Antonio Gibson,RB,NE,180.19,178,44,2024-01-01,2024-08-31
2024,7670,Josh Palmer,WR,BUF,180.19,179,60,2024-01-01,2024-08-31
2024,20240303,2024 3.03,PK,,181.44,180,27,2024-01-01,2024-08-31
2024,2505,Darren Waller,TE,MIA,182.02,181,22,2024-01-01,2024-08-31
2024,7596,Elijah Moore,WR,PHI,184.15,182,61,2024-01-01,2024-08-31
2024,10225,Jonathan Mingo,WR,DAL,184.89,183,62,2024-01-01,2024-08-31
2024,8172,Greg Dulcich,TE,MIA,185.14,184,23,2024-01-01,2024-08-31
2024,8129,Dameon Pierce,RB,PHI,185.75,185,45,2024-01-01,2024-08-31
2024,20240304,2024 3.04,PK,,185.82,186,28,2024-01-01,2024-08-31
2024,6011,Gardner Minshew,QB,ARI,186.17,187,29,2024-01-01,2024-08-31
2024,6806,J.K. Dobbins,RB,DEN,186.46,188,46,2024-01-01,2024-08-31
2024,7571,Rashod Bateman,WR,BAL,186.79,189,63,2024-01-01,2024-08-31
2024,4082,Curtis Samuel,WR,BUF,186.84,190,64,2024-01-01,2024-08-31
2024,7608,Khalil Herbert,RB,,187.62,191,47,2024-01-01,2024-08-31
2024,5248,Gus Edwards,RB,,187.76,192,48,2024-01-01,2024-08-31
2024,9497,Jalin Hyatt,WR,NYG,189.24,193,65,2024-01-01,2024-08-31
2024,20240305,2024 3.05,PK,,190.32,194,29,2024-01-01,2024-08-31
2024,7090,Darnell Mooney,WR,NYG,192.05,195,66,2024-01-01,2024-08-31
2024,9225,Tank Bigsby,RB,PHI,194.35,196,49,2024-01-01,2024-08-31
2024,20240306,2024 3.06,PK,,194.93,197,30,2024-01-01,2024-08-31
2024,10866,Aidan O'Connell,QB,LV,196.49,198,30,2024-01-01,2024-08-31
2024,20240307,2024 3.07,PK,,199.64,199,31,2024-01-01,2024-08-31
2024,2197,Brandin Cooks,WR,NO,199.77,200,67,2024-01-01,2024-08-31
2024,6828,A.J. Dillon,RB,CAR,200.87,201,50,2024-01-01,2024-08-31
2024,8160,Kenny Pickett,QB,CAR,203.65,202,31,2024-01-01,2024-08-31
2024,20240308,2024 3.08,PK,,204.45,203,32,2024-01-01,2024-08-31
2024,7561,Elijah Mitchell,RB,PHI,205.71,204,51,2024-01-01,2024-08-31
2024,1689,Adam Thielen,WR,MIN,206.7,205,68,2024-01-01,2024-08-31
2024,11439,Jaleel McLaughlin,RB,DEN,207.65,206,52,2024-01-01,2024-08-31
2024,7610,Trey Lance,QB,LAC,208.64,207,32,2024-01-01,2024-08-31
2024,20240309,2024 3.09,PK,,208.77,208,33,2024-01-01,2024-08-31
2024,5857,Noah Fant,TE,NO,210.23,209,24,2024-01-01,2024-08-31
2024,9492,Trey Palmer,WR,NO,211.42,210,69,2024-01-01,2024-08-31
2024,7002,Juwan Johnson,TE,NO,211.71,211,25,2024-01-01,2024-08-31
2024,6151,Miles Sanders,RB,DAL,211.99,212,53,2024-01-01,2024-08-31
2024,3164,Ezekiel Elliott,RB,,212.97,213,54,2024-01-01,2024-08-31
2024,20240310,2024 3.10,PK,,213.18,214,34,2024-01-01,2024-08-31
2024,5987,Alexander Mattison,RB,MIA,214.82,215,55,2024-01-01,2024-08-31
2024,20240311,2024 3.11,PK,,217.07,216,35,2024-01-01,2024-08-31
2024,4943,Sam Darnold,QB,SEA,217.89,217,33,2024-01-01,2024-08-31
2024,3225,Tyler Boyd,WR,,221.07,218,70,2024-01-01,2024-08-31
2024,9227,Israel Abanikanda,RB,DAL,221.16,219,56,2024-01-01,2024-08-31
2024,20240312,2024 3.12,PK,,221.51,220,36,2024-01-01,2024-08-31
2024,10863,A.T. Perry,WR,PIT,225.68,221,71,2024-01-01,2024-08-31
2024,3214,Hunter Henry,TE,NE,226.95,222,26,2024-01-01,2024-08-31
2024,7021,Rico Dowdle,RB,PIT,227.75,223,57,2024-01-01,2024-08-31
2024,7601,Rondale Moore,WR,MIN,228.04,224,72,2024-01-01,2024-08-31
2024,8142,Alec Pierce,WR,IND,228.17,225,73,2024-01-01,2024-08-31
2024,4381,Taysom Hill,TE,NO,230.12,226,27,2024-01-01,2024-08-31
2024,4080,Zay Jones,WR,ARI,230.24,227,74,2024-01-01,2024-08-31
2024,20240401,2024 4.01,PK,,231,228,37,2024-01-01,2024-08-31
2024,7527,Mac Jones,QB,SF,231.67,229,34,2024-01-01,2024-08-31
2024,745,Marshawn Lynch,RB,,234.6,230,58,2024-01-01,2024-08-31
2024,20240402,2024 4.02,PK,,235.06,231,38,2024-01-01,2024-08-31
2024,9998,Hendon Hooker,QB,TEN,236.7,232,35,2024-01-01,2024-08-31
2024,5906,Dawson Knox,TE,BUF,237.87,233,28,2024-01-01,2024-08-31
2024,10444,Cedric Tillman,WR,CLE,238.92,234,75,2024-01-01,2024-08-31
2024,10226,Andrei Iosivas,WR,CIN,238.97,235,76,2024-01-01,2024-08-31
2024,20240403,2024 4.03,PK,,239.98,236,39,2024-01-01,2024-08-31
2024,7567,Kenneth Gainwell,RB,TB,240.4,237,59,2024-01-01,2024-08-31
2024,10213,Tre Tucker,WR,LV,242.33,238,77,2024-01-01,2024-08-31
2024,10219,Chris Rodriguez Jr.,RB,JAX,243.21,239,60,2024-01-01,2024-08-31
2024,8159,Desmond Ridder,QB,GB,243.61,240,36,2024-01-01,2024-08-31
2024,5133,Tyler Conklin,TE,DET,243.7,241,29,2024-01-01,2024-08-31
2024,8147,John Metchie III,WR,CAR,243.75,242,78,2024-01-01,2024-08-31
2024,3257,Jacoby Brissett,QB,ARI,244.34,243,37,2024-01-01,2024-08-31
2024,20240404,2024 4.04,PK,,244.68,244,40,2024-01-01,2024-08-31
2024,6938,Cam Akers,RB,SEA,246.3,245,61,2024-01-01,2024-08-31
2024,4040,JuJu Smith-Schuster,WR,NYG,249.09,246,79,2024-01-01,2024-08-31
2024,8168,Skyy Moore,WR,GB,249.25,247,80,2024-01-01,2024-08-31
2024,20240405,2024 4.05,PK,,249.36,248,41,2024-01-01,2024-08-31
2024,7066,K.J. Osborn,WR,TEN,249.88,249,81,2024-01-01,2024-08-31
2024,8225,Daniel Bellinger,TE,TEN,250.89,250,30,2024-01-01,2024-08-31
2024,8219,Jelani Woods,TE,NYJ,252.23,251,31,2024-01-01,2024-08-31
2024,1049,Ryan Tannehill,QB,,252.79,252,38,2024-01-01,2024-08-31
2024,20240406,2024 4.06,PK,,254.73,253,42,2024-01-01,2024-08-31
2024,1837,Jimmy Garoppolo,QB,LAR,257.7,254,39,2024-01-01,2024-08-31
2024,10871,Luke Schoonmaker,TE,DAL,257.79,255,32,2024-01-01,2024-08-31
2024,9487,Parker Washington,WR,JAX,257.88,256,82,2024-01-01,2024-08-31
2024,6136,Jarrett Stidham,QB,DEN,258.24,257,40,2024-01-01,2024-08-31
2024,4089,Gerald Everett,TE,,258.83,258,33,2024-01-01,2024-08-31
2024,20240407,2024 4.07,PK,,260.34,259,43,2024-01-01,2024-08-31
2024,4993,Mike Gesicki,TE,CIN,260.51,260,34,2024-01-01,2024-08-31
2024,7607,Michael Carter,RB,TEN,262.57,261,62,2024-01-01,2024-08-31
2024,6149,Darius Slayton,WR,NYG,263.12,262,83,2024-01-01,2024-08-31
2024,3199,Michael Thomas,WR,,263.35,263,84,2024-01-01,2024-08-31
2024,8153,Isaiah Spiller,RB,,263.45,264,63,2024-01-01,2024-08-31
2024,9505,Deuce Vaughn,RB,DEN,264.52,265,64,2024-01-01,2024-08-31
2024,20240408,2024 4.08,PK,,264.86,266,44,2024-01-01,2024-08-31
2024,4111,D'Onta Foreman,RB,,265.28,267,65,2024-01-01,2024-08-31
2024,2078,Odell Beckham Jr.,WR,NYG,265.41,268,85,2024-01-01,2024-08-31
2024,6111,Jake Browning,QB,TB,266.59,269,41,2024-01-01,2024-08-31
2025,4984,Josh Allen,QB,BUF,1.82,1,1,2025-01-01,2025-08-31
2025,11566,Jayden Daniels,QB,WAS,2.5,2,2,2025-01-01,2025-08-31
2025,4881,Lamar Jackson,QB,BAL,3.42,3,3,2025-01-01,2025-08-31
2025,7564,Ja'Marr Chase,WR,CIN,5.73,4,1,2025-01-01,2025-08-31
2025,6770,Joe Burrow,QB,CIN,5.92,5,4,2025-01-01,2025-08-31
2025,6904,Jalen Hurts,QB,PHI,7.26,6,5,2025-01-01,2025-08-31
2025,6794,Justin Jefferson,WR,MIN,8.51,7,2,2025-01-01,2025-08-31
2025,11604,Brock Bowers,TE,LV,9.91,8,1,2025-01-01,2025-08-31
2025,9509,Bijan Robinson,RB,ATL,10.3,9,1,2025-01-01,2025-08-31
2025,11632,Malik Nabers,WR,NYG,11.29,10,3,2025-01-01,2025-08-31
2025,9221,Jahmyr Gibbs,RB,DET,11.36,11,2,2025-01-01,2025-08-31
2025,4046,Patrick Mahomes,QB,KC,14.18,12,6,2025-01-01,2025-08-31
2025,6786,CeeDee Lamb,WR,DAL,14.36,13,4,2025-01-01,2025-08-31
2025,11631,Brian Thomas Jr.,WR,JAX,16.3,14,5,2025-01-01,2025-08-31
2025,7547,Amon-Ra St. Brown,WR,DET,16.82,15,6,2025-01-01,2025-08-31
2025,9493,Puka Nacua,WR,LAR,17.29,16,7,2025-01-01,2025-08-31
2025,8130,Trey McBride,TE,ARI,19.29,17,2,2025-01-01,2025-08-31
2025,4866,Saquon Barkley,RB,PHI,20.99,18,3,2025-01-01,2025-08-31
2025,11560,Caleb Williams,QB,CHI,21.97,19,7,2025-01-01,2025-08-31
2025,6797,Justin Herbert,QB,LAC,22.39,20,8,2025-01-01,2025-08-31
2025,7569,Nico Collins,WR,HOU,22.53,21,8,2025-01-01,2025-08-31
2025,8112,Drake London,WR,ATL,24.74,22,9,2025-01-01,2025-08-31
2025,11564,Drake Maye,QB,NE,25.02,23,9,2025-01-01,2025-08-31
2025,11563,Bo Nix,QB,DEN,25.18,24,10,2025-01-01,2025-08-31
2025,11635,Ladd McConkey,WR,LAC,27.25,25,10,2025-01-01,2025-08-31
2025,11628,Marvin Harrison Jr.,WR,ARI,27.73,26,11,2025-01-01,2025-08-31
2025,9758,C.J. Stroud,QB,HOU,27.73,27,11,2025-01-01,2025-08-31
2025,9226,Devon Achane,RB,MIA,29.37,28,4,2025-01-01,2025-08-31
2025,9488,Jaxon Smith-Njigba,WR,SEA,32.18,29,12,2025-01-01,2025-08-31
2025,8146,Garrett Wilson,WR,NYJ,33.77,30,13,2025-01-01,2025-08-31
2025,11584,Bucky Irving,RB,TB,34.6,31,5,2025-01-01,2025-08-31
2025,5859,A.J. Brown,WR,NE,34.71,32,14,2025-01-01,2025-08-31
2025,6804,Jordan Love,QB,GB,36.46,33,12,2025-01-01,2025-08-31
2025,8155,Breece Hall,RB,NYJ,37.61,34,6,2025-01-01,2025-08-31
2025,20250101,2025 1.01,PK,,38.28,35,1,2025-01-01,2025-08-31
2025,5849,Kyler Murray,QB,MIN,39.36,36,13,2025-01-01,2025-08-31
2025,10859,Sam LaPorta,TE,DET,40.39,37,3,2025-01-01,2025-08-31
2025,6813,Jonathan Taylor,RB,IND,42.03,38,7,2025-01-01,2025-08-31
2025,10229,Rashee Rice,WR,KC,42.08,39,15,2025-01-01,2025-08-31
2025,4892,Baker Mayfield,QB,TB,43.45,40,14,2025-01-01,2025-08-31
2025,6801,Tee Higgins,WR,CIN,43.46,41,16,2025-01-01,2025-08-31
2025,8150,Kyren Williams,RB,LAR,44.07,42,8,2025-01-01,2025-08-31
2025,8183,Brock Purdy,QB,SF,46,43,15,2025-01-01,2025-08-31
2025,11620,Rome Odunze,WR,CHI,47.63,44,17,2025-01-01,2025-08-31
2025,11565,J.J. McCarthy,QB,MIN,47.85,45,16,2025-01-01,2025-08-31
2025,5850,Josh Jacobs,RB,GB,51.4,46,9,2025-01-01,2025-08-31
2025,7523,Trevor Lawrence,QB,JAX,51.65,47,17,2025-01-01,2025-08-31
2025,4034,Christian McCaffrey,RB,SF,52.45,48,10,2025-01-01,2025-08-31
2025,8138,James Cook,RB,BUF,52.7,49,11,2025-01-01,2025-08-31
2025,11559,Michael Penix Jr.,QB,ATL,53.73,50,18,2025-01-01,2025-08-31
2025,3163,Jared Goff,QB,DET,54.21,51,19,2025-01-01,2025-08-31
2025,20250102,2025 1.02,PK,,54.23,52,2,2025-01-01,2025-08-31
2025,9224,Chase Brown,RB,CIN,57.36,53,12,2025-01-01,2025-08-31
2025,7525,DeVonta Smith,WR,PHI,58.65,54,18,2025-01-01,2025-08-31
2025,3198,Derrick Henry,RB,BAL,59.41,55,13,2025-01-01,2025-08-31
2025,11624,Xavier Worthy,WR,KC,59.88,56,19,2025-01-01,2025-08-31
2025,3294,Dak Prescott,QB,DAL,61.42,57,20,2025-01-01,2025-08-31
2025,20250103,2025 1.03,PK,,62.99,58,3,2025-01-01,2025-08-31
2025,8151,Kenneth Walker III,RB,KC,63.13,59,14,2025-01-01,2025-08-31
2025,4983,D.J. Moore,WR,BUF,63.92,60,20,2025-01-01,2025-08-31
2025,9997,Zay Flowers,WR,BAL,65.3,61,21,2025-01-01,2025-08-31
2025,9228,Bryce Young,QB,CAR,65.97,62,21,2025-01-01,2025-08-31
2025,5927,Terry McLaurin,WR,WAS,66.86,63,22,2025-01-01,2025-08-31
2025,5844,T.J. Hockenson,TE,MIN,67.3,64,4,2025-01-01,2025-08-31
2025,4217,George Kittle,TE,SF,67.65,65,5,2025-01-01,2025-08-31
2025,8144,Chris Olave,WR,NO,68.71,66,23,2025-01-01,2025-08-31
2025,9756,Jordan Addison,WR,MIN,69.52,67,24,2025-01-01,2025-08-31
2025,20250104,2025 1.04,PK,,69.97,68,4,2025-01-01,2025-08-31
2025,7594,Chuba Hubbard,RB,CAR,71.72,69,15,2025-01-01,2025-08-31
2025,20250105,2025 1.05,PK,,76.09,70,5,2025-01-01,2025-08-31
2025,5846,D.K. Metcalf,WR,PIT,76.93,71,25,2025-01-01,2025-08-31
2025,8148,Jameson Williams,WR,DET,77.24,72,26,2025-01-01,2025-08-31
2025,7526,Jaylen Waddle,WR,DEN,78.57,73,27,2025-01-01,2025-08-31
2025,7591,Justin Fields,QB,KC,79.3,74,22,2025-01-01,2025-08-31
2025,3321,Tyreek Hill,WR,MIA,80.74,75,28,2025-01-01,2025-08-31
2025,6768,Tua Tagovailoa,QB,ATL,81.67,76,23,2025-01-01,2025-08-31
2025,20250106,2025 1.06,PK,,81.86,77,6,2025-01-01,2025-08-31
2025,4018,Joe Mixon,RB,HOU,82.19,78,16,2025-01-01,2025-08-31
2025,8137,George Pickens,WR,DAL,84.31,79,29,2025-01-01,2025-08-31
2025,4035,Alvin Kamara,RB,NO,84.35,80,17,2025-01-01,2025-08-31
2025,2216,Mike Evans,WR,SF,88.29,81,30,2025-01-01,2025-08-31
2025,20250107,2025 1.07,PK,,88.41,82,7,2025-01-01,2025-08-31
2025,6803,Brandon Aiyuk,WR,SF,90.52,83,31,2025-01-01,2025-08-31
2025,6783,Jerry Jeudy,WR,CLE,90.85,84,32,2025-01-01,2025-08-31
2025,5892,David Montgomery,RB,HOU,91.16,85,18,2025-01-01,2025-08-31
2025,4943,Sam Darnold,QB,SEA,91.31,86,24,2025-01-01,2025-08-31
2025,10236,Dalton Kincaid,TE,BUF,91.61,87,6,2025-01-01,2025-08-31
2025,11638,Ricky Pearsall,WR,SF,92.74,88,33,2025-01-01,2025-08-31
2025,20250108,2025 1.08,PK,,95.44,89,8,2025-01-01,2025-08-31
2025,9229,Anthony Richardson,QB,IND,95.91,90,25,2025-01-01,2025-08-31
2025,5012,Mark Andrews,TE,BAL,96.8,91,7,2025-01-01,2025-08-31
2025,11655,Tyrone Tracy,RB,NYG,96.91,92,19,2025-01-01,2025-08-31
2025,4037,Chris Godwin,WR,TB,97.43,93,34,2025-01-01,2025-08-31
2025,10222,Jayden Reed,WR,GB,99.3,94,35,2025-01-01,2025-08-31
2025,2133,Davante Adams,WR,LAR,100.22,95,36,2025-01-01,2025-08-31
2025,9484,Tucker Kraft,TE,GB,101.52,96,8,2025-01-01,2025-08-31
2025,20250109,2025 1.09,PK,,101.67,97,9,2025-01-01,2025-08-31
2025,9500,Josh Downs,WR,IND,103.01,98,37,2025-01-01,2025-08-31
2025,7553,Kyle Pitts,TE,ATL,103.2,99,9,2025-01-01,2025-08-31
2025,4033,David Njoku,TE,LAC,103.35,100,10,2025-01-01,2025-08-31
2025,5045,Courtland Sutton,WR,DEN,103.9,101,38,2025-01-01,2025-08-31
2025,4137,James Conner,RB,ARI,105.64,102,20,2025-01-01,2025-08-31
2025,1373,Geno Smith,QB,NYJ,106.75,103,26,2025-01-01,2025-08-31
2025,7543,Travis Etienne,RB,NO,107.79,104,21,2025-01-01,2025-08-31
2025,8134,Khalil Shakir,WR,BUF,107.82,105,39,2025-01-01,2025-08-31
2025,20250110,2025 1.10,PK,,108.53,106,10,2025-01-01,2025-08-31
2025,8205,Isiah Pacheco,RB,DET,109.47,107,22,2025-01-01,2025-08-31
2025,421,Matthew Stafford,QB,LAR,112.76,108,27,2025-01-01,2025-08-31
2025,7528,Najee Harris,RB,LAC,113.83,109,23,2025-01-01,2025-08-31
2025,11637,Keon Coleman,WR,BUF,114.48,110,40,2025-01-01,2025-08-31
2025,11618,Jalen McMillan,WR,TB,115.04,111,41,2025-01-01,2025-08-31
2025,20250111,2025 1.11,PK,,116.27,112,11,2025-01-01,2025-08-31
2025,8154,Brian Robinson Jr.,RB,ATL,117.9,113,24,2025-01-01,2025-08-31
2025,9753,Zach Charbonnet,RB,SEA,117.97,114,25,2025-01-01,2025-08-31
2025,4144,Jonnu Smith,TE,PIT,118.81,115,11,2025-01-01,2025-08-31
2025,6819,Michael Pittman Jr.,WR,PIT,120.64,116,42,2025-01-01,2025-08-31
2025,5947,Jakobi Meyers,WR,JAX,121.42,117,43,2025-01-01,2025-08-31
2025,6790,D'Andre Swift,RB,CHI,121.56,118,26,2025-01-01,2025-08-31
2025,8131,Isaiah Likely,TE,NYG,121.67,119,12,2025-01-01,2025-08-31
2025,5967,Tony Pollard,RB,TEN,122.56,120,27,2025-01-01,2025-08-31
2025,20250112,2025 1.12,PK,,122.63,121,12,2025-01-01,2025-08-31
2025,4066,Evan Engram,TE,DEN,123.23,122,13,2025-01-01,2025-08-31
2025,5872,Deebo Samuel,WR,WAS,124.04,123,44,2025-01-01,2025-08-31
2025,11589,Trey Benson,RB,ARI,124.18,124,28,2025-01-01,2025-08-31
2025,20250201,2025 2.01,PK,,124.22,125,13,2025-01-01,2025-08-31
2025,8110,Jake Ferguson,TE,DAL,126.24,126,14,2025-01-01,2025-08-31
2025,4199,Aaron Jones,RB,MIN,127.05,127,29,2025-01-01,2025-08-31
2025,20250202,2025 2.02,PK,,127.12,128,14,2025-01-01,2025-08-31
2025,1466,Travis Kelce,TE,KC,128.12,129,15,2025-01-01,2025-08-31
2025,7049,Jauan Jennings,WR,MIN,129.82,130,45,2025-01-01,2025-08-31
2025,20250203,2025 2.03,PK,,130.59,131,15,2025-01-01,2025-08-31
2025,8228,Jaylen Warren,RB,PIT,132.13,132,30,2025-01-01,2025-08-31
2025,4039,Cooper Kupp,WR,SEA,132.39,133,46,2025-01-01,2025-08-31
2025,4981,Calvin Ridley,WR,TEN,133.16,134,47,2025-01-01,2025-08-31
2025,20250204,2025 2.04,PK,,133.38,135,16,2025-01-01,2025-08-31
2025,7611,Rhamondre Stevenson,RB,NE,133.94,136,31,2025-01-01,2025-08-31
2025,2449,Stefon Diggs,WR,NE,136.67,137,48,2025-01-01,2025-08-31
2025,20250205,2025 2.05,PK,,137.73,138,17,2025-01-01,2025-08-31
2025,11626,Xavier Legette,WR,CAR,137.76,139,49,2025-01-01,2025-08-31
2025,8111,Cade Otton,TE,TB,141.11,140,16,2025-01-01,2025-08-31
2025,9508,Tyjae Spears,RB,TEN,141.38,141,32,2025-01-01,2025-08-31
2025,20250206,2025 2.06,PK,,141.43,142,18,2025-01-01,2025-08-31
2025,20250207,2025 2.07,PK,,143.67,143,19,2025-01-01,2025-08-31
2025,7600,Pat Freiermuth,TE,PIT,143.82,144,17,2025-01-01,2025-08-31
2025,8676,Rashid Shaheed,WR,SEA,145.23,145,50,2025-01-01,2025-08-31
2025,9225,Tank Bigsby,RB,PHI,145.38,146,33,2025-01-01,2025-08-31
2025,20250208,2025 2.08,PK,,147.08,147,20,2025-01-01,2025-08-31
2025,9494,Marvin Mims,WR,DEN,148.36,148,51,2025-01-01,2025-08-31
2025,7090,Darnell Mooney,WR,NYG,148.61,149,52,2025-01-01,2025-08-31
2025,20250209,2025 2.09,PK,,150.91,150,21,2025-01-01,2025-08-31
2025,8408,Jordan Mason,RB,MIN,153.09,151,34,2025-01-01,2025-08-31
2025,1234,Russell Wilson,QB,NYG,153.18,152,28,2025-01-01,2025-08-31
2025,20250210,2025 2.10,PK,,155.07,153,22,2025-01-01,2025-08-31
2025,8136,Rachaad White,RB,WAS,156.08,154,35,2025-01-01,2025-08-31
2025,5022,Dallas Goedert,TE,PHI,158.56,155,18,2025-01-01,2025-08-31
2025,7588,Javonte Williams,RB,DAL,158.61,156,36,2025-01-01,2025-08-31
2025,20250211,2025 2.11,PK,,158.89,157,23,2025-01-01,2025-08-31
2025,11646,Jalen Coker,WR,CAR,159.41,158,53,2025-01-01,2025-08-31
2025,6826,Cole Kmet,TE,CHI,161.07,159,19,2025-01-01,2025-08-31
2025,11576,Braelon Allen,RB,NYJ,161.88,160,37,2025-01-01,2025-08-31
2025,4950,Christian Kirk,WR,SF,162.12,161,54,2025-01-01,2025-08-31
2025,11651,Isaac Guerendo,RB,SF,162.59,162,38,2025-01-01,2025-08-31
2025,10444,Cedric Tillman,WR,CLE,163.23,163,55,2025-01-01,2025-08-31
2025,20250212,2025 2.12,PK,,163.45,164,24,2025-01-01,2025-08-31
2025,9480,Brenton Strange,TE,JAX,163.69,165,20,2025-01-01,2025-08-31
2025,11586,Blake Corum,RB,LAR,164.64,166,39,2025-01-01,2025-08-31
2025,2028,Derek Carr,QB,,164.77,167,29,2025-01-01,2025-08-31
2025,9754,Quentin Johnston,WR,LAC,165.68,168,56,2025-01-01,2025-08-31
2025,11600,Ja'Tavion Sanders,TE,CAR,165.76,169,21,2025-01-01,2025-08-31
2025,11643,Jaylen Wright,RB,MIA,167.16,170,40,2025-01-01,2025-08-31
2025,6806,J.K. Dobbins,RB,DEN,167.49,171,41,2025-01-01,2025-08-31
2025,7571,Rashod Bateman,WR,BAL,168.21,172,57,2025-01-01,2025-08-31
2025,11596,Ben Sinnott,TE,WAS,168.93,173,22,2025-01-01,2025-08-31
2025,9502,Nathaniel Dell,WR,HOU,170.31,174,58,2025-01-01,2025-08-31
2025,20250301,2025 3.01,PK,,170.68,175,25,2025-01-01,2025-08-31
2025,11583,Jonathon Brooks,RB,CAR,173.02,176,42,2025-01-01,2025-08-31
2025,5848,Marquise Brown,WR,PHI,173.82,177,59,2025-01-01,2025-08-31
2025,11575,Ray Davis,RB,BUF,175.09,178,43,2025-01-01,2025-08-31
2025,8126,Wan'Dale Robinson,WR,TEN,175.56,179,60,2025-01-01,2025-08-31
2025,20250302,2025 3.02,PK,,176.18,180,26,2025-01-01,2025-08-31
2025,8121,Romeo Doubs,WR,NE,179.23,181,61,2025-01-01,2025-08-31
2025,96,Aaron Rodgers,QB,PIT,179.37,182,30,2025-01-01,2025-08-31
2025,11625,Adonai Mitchell,WR,NYJ,180.39,183,62,2025-01-01,2025-08-31
2025,8143,Jerome Ford,RB,WAS,180.45,184,44,2025-01-01,2025-08-31
2025,20250303,2025 3.03,PK,,181.15,185,27,2025-01-01,2025-08-31
2025,8132,Tyler Allgeier,RB,ARI,182.25,186,45,2025-01-01,2025-08-31
2025,11597,Theo Johnson,TE,NYG,182.39,187,23,2025-01-01,2025-08-31
2025,7021,Rico Dowdle,RB,PIT,183.7,188,46,2025-01-01,2025-08-31
2025,8210,Chigoziem Okonkwo,TE,WAS,185.12,189,24,2025-01-01,2025-08-31
2025,20250304,2025 3.04,PK,,186.46,190,28,2025-01-01,2025-08-31
2025,5870,Daniel Jones,QB,IND,188.23,191,31,2025-01-01,2025-08-31
2025,1166,Kirk Cousins,QB,LV,190.19,192,32,2025-01-01,2025-08-31
2025,9501,Demario Douglas,WR,NE,191.04,193,63,2025-01-01,2025-08-31
2025,20250305,2025 3.05,PK,,191.22,194,29,2025-01-01,2025-08-31
2025,3214,Hunter Henry,TE,NE,191.81,195,25,2025-01-01,2025-08-31
2025,11557,Joe Milton III,QB,DAL,194.6,196,33,2025-01-01,2025-08-31
2025,4993,Mike Gesicki,TE,CIN,194.99,197,26,2025-01-01,2025-08-31
2025,11581,MarShawn Lloyd,RB,GB,195.15,198,47,2025-01-01,2025-08-31
2025,20250306,2025 3.06,PK,,196.14,199,30,2025-01-01,2025-08-31
2025,1339,Zach Ertz,TE,WAS,197.15,200,27,2025-01-01,2025-08-31
2025,11627,Troy Franklin,WR,DEN,199.97,201,64,2025-01-01,2025-08-31
2025,20250307,2025 3.07,PK,,200.9,202,31,2025-01-01,2025-08-31
2025,5001,Dalton Schultz,TE,HOU,201.62,203,28,2025-01-01,2025-08-31
2025,9757,Kendre Miller,RB,NO,201.63,204,48,2025-01-01,2025-08-31
2025,9486,Dontayvion Wicks,WR,PHI,202.63,205,65,2025-01-01,2025-08-31
2025,7828,Noah Gray,TE,KC,203.49,206,29,2025-01-01,2025-08-31
2025,20250308,2025 3.08,PK,,205.43,207,32,2025-01-01,2025-08-31
2025,11579,Audric Estime,RB,NO,205.47,208,49,2025-01-01,2025-08-31
2025,4663,Austin Ekeler,RB,WAS,206.01,209,50,2025-01-01,2025-08-31
2025,2309,Amari Cooper,WR,,209.11,210,66,2025-01-01,2025-08-31
2025,20250309,2025 3.09,PK,,210.06,211,33,2025-01-01,2025-08-31
2025,1689,Adam Thielen,WR,MIN,212.2,212,67,2025-01-01,2025-08-31
2025,11623,Jordan Whittington,WR,LAR,212.79,213,68,2025-01-01,2025-08-31
2025,8167,Christian Watson,WR,GB,213.22,214,69,2025-01-01,2025-08-31
2025,4988,Nick Chubb,RB,HOU,214.29,215,51,2025-01-01,2025-08-31
2025,20250310,2025 3.10,PK,,214.68,216,34,2025-01-01,2025-08-31
2025,1479,Keenan Allen,WR,LAC,214.87,217,70,2025-01-01,2025-08-31
2025,8142,Alec Pierce,WR,IND,216.67,218,71,2025-01-01,2025-08-31
2025,9482,Michael Mayer,TE,LV,217.22,219,30,2025-01-01,2025-08-31
2025,10235,Roschon Johnson,RB,CHI,218.33,220,52,2025-01-01,2025-08-31
2025,9511,Keaton Mitchell,RB,LAC,218.57,221,53,2025-01-01,2025-08-31
2025,20250311,2025 3.11,PK,,219.34,222,35,2025-01-01,2025-08-31
2025,11562,Spencer Rattler,QB,NO,220.13,223,34,2025-01-01,2025-08-31
2025,7670,Josh Palmer,WR,BUF,221.02,224,72,2025-01-01,2025-08-31
2025,20250312,2025 3.12,PK,,223.48,225,36,2025-01-01,2025-08-31
2025,11610,Malik Washington,WR,MIA,224.8,226,73,2025-01-01,2025-08-31
2025,11630,Roman Wilson,WR,PIT,225.97,227,74,2025-01-01,2025-08-31
2025,9504,Kayshon Boutte,WR,NE,226.61,228,75,2025-01-01,2025-08-31
2025,10226,Andrei Iosivas,WR,CIN,228.64,229,76,2025-01-01,2025-08-31
2025,20250401,2025 4.01,PK,,229.76,230,37,2025-01-01,2025-08-31
2025,10232,Michael Wilson,WR,ARI,229.98,231,77,2025-01-01,2025-08-31
2025,11577,Will Shipley,RB,PHI,230.43,232,54,2025-01-01,2025-08-31
2025,2306,Jameis Winston,QB,NYG,231.62,233,35,2025-01-01,2025-08-31
2025,11619,Ja'Lynn Polk,WR,NO,231.71,234,78,2025-01-01,2025-08-31
2025,11439,Jaleel McLaughlin,RB,DEN,233.18,235,55,2025-01-01,2025-08-31
2025,20250402,2025 4.02,PK,,234.28,236,38,2025-01-01,2025-08-31
2025,5857,Noah Fant,TE,NO,235.9,237,31,2025-01-01,2025-08-31
2025,9999,Will Levis,QB,TEN,236.15,238,36,2025-01-01,2025-08-31
2025,7002,Juwan Johnson,TE,NO,237.77,239,32,2025-01-01,2025-08-31
2025,20250403,2025 4.03,PK,,239.11,240,39,2025-01-01,2025-08-31
2025,1426,DeAndre Hopkins,WR,BAL,239.13,241,79,2025-01-01,2025-08-31
2025,4098,Kareem Hunt,RB,KC,239.45,242,56,2025-01-01,2025-08-31
2025,20250404,2025 4.04,PK,,242.74,243,40,2025-01-01,2025-08-31
2025,11603,AJ Barner,TE,SEA,244.57,244,33,2025-01-01,2025-08-31
2025,20250405,2025 4.05,PK,,246.75,245,41,2025-01-01,2025-08-31
2025,11647,Kimani Vidal,RB,LAC,247.04,246,57,2025-01-01,2025-08-31
2025,8117,Jalen Tolbert,WR,MIA,247.75,247,80,2025-01-01,2025-08-31
2025,9487,Parker Washington,WR,JAX,248.21,248,81,2025-01-01,2025-08-31
2025,11650,Luke McCaffrey,WR,WAS,248.41,249,82,2025-01-01,2025-08-31
2025,9506,Sean Tucker,RB,TB,248.8,250,58,2025-01-01,2025-08-31
2025,5937,Diontae Johnson,WR,,248.91,251,83,2025-01-01,2025-08-31
2025,9481,Luke Musgrave,TE,GB,249.55,252,34,2025-01-01,2025-08-31
2025,6845,Zack Moss,RB,,250.58,253,59,2025-01-01,2025-08-31
2025,20250406,2025 4.06,PK,,251.01,254,42,2025-01-01,2025-08-31
2025,5995,Justice Hill,RB,BAL,253.34,255,60,2025-01-01,2025-08-31
2025,11571,Isaiah Davis,RB,NYJ,253.46,256,61,2025-01-01,2025-08-31
2025,20250407,2025 4.07,PK,,255.5,257,43,2025-01-01,2025-08-31
2025,11617,Malachi Corley,WR,CLE,256.38,258,84,2025-01-01,2025-08-31
2025,3271,Tyler Higbee,TE,LAR,258.28,259,35,2025-01-01,2025-08-31
2025,7587,Dyami Brown,WR,WAS,258.32,260,85,2025-01-01,2025-08-31
2025,8162,Sam Howell,QB,DAL,258.35,261,37,2025-01-01,2025-08-31
2025,5133,Tyler Conklin,TE,DET,258.47,262,36,2025-01-01,2025-08-31
2025,20250408,2025 4.08,PK,,259.49,263,44,2025-01-01,2025-08-31
2025,11640,Jermaine Burton,WR,CIN,260.08,264,86,2025-01-01,2025-08-31
2025,4017,Deshaun Watson,QB,CLE,260.78,265,38,2025-01-01,2025-08-31
2025,10213,Tre Tucker,WR,LV,261.04,266,87,2025-01-01,2025-08-31
2025,19,Joe Flacco,QB,CIN,261.06,267,39,2025-01-01,2025-08-31
2025,6945,Antonio Gibson,RB,NE,261.54,268,62,2025-01-01,2025-08-31
2025,8160,Kenny Pickett,QB,CAR,262.1,269,40,2025-01-01,2025-08-31
