rank,name,team,position,tier,sleeper_id
1,Trey McBride,ARI,TE,1,8130
2,Colston Loveland,CHI,TE,1,12517
3,Tyler Warren,IND,TE,1,12518
4,Brock Bowers,LV,TE,1,11604
5,Tucker Kraft,GB,TE,2,9484
6,Harold Fannin Jr.,CLE,TE,2,12506
7,Sam LaPorta,DET,TE,2,10859
8,Kyle Pitts Sr.,ATL,TE,2,7553
9,George Kittle,SF,TE,2,4217
10,Travis Kelce,KC,TE,3,1466
11,Dalton Kincaid,BUF,TE,3,10236
12,Dallas Goedert,PHI,TE,3,5022
13,Isaiah Likely,NYG,TE,3,8131
14,Mark Andrews,BAL,TE,3,5012
15,Juwan Johnson,NO,TE,3,7002
16,Jake Ferguson,DAL,TE,3,8110
17,Brenton Strange,JAC,TE,3,9480
18,Hunter Henry,NE,TE,3,3214
19,Dalton Schultz,HOU,TE,4,5001
20,Chig Okonkwo,WAS,TE,4,8210
21,T.J. Hockenson,MIN,TE,4,5844
22,AJ Barner,SEA,TE,4,11603
23,Terrance Ferguson,LAR,TE,4,12487
24,Kenyon Sadiq,NYJ,TE,4,13330
25,Cade Otton,TB,TE,4,8111
26,Pat Freiermuth,PIT,TE,4,7600
27,Gunnar Helm,TEN,TE,4,12502
28,Oronde Gadsden II,LAC,TE,4,12493
29,Evan Engram,DEN,TE,4,4066
30,David Njoku,LAC,TE,4,4033
31,Greg Dulcich,MIA,TE,4,8172
32,Colby Parkinson,LAR,TE,5,6865
33,Mason Taylor,NYJ,TE,5,12498
34,Theo Johnson,NYG,TE,5,11597
35,Eli Stowers,PHI,TE,5,13349
36,Mike Gesicki,CIN,TE,5,4993
37,Darren Waller,CAR,TE,5,2505
38,Michael Mayer,LV,TE,5,9482
39,Jake Tonges,SF,TE,6,8698
40,Charlie Kolar,LAC,TE,6,8127
41,Darnell Washington,PIT,TE,6,9479
42,Elijah Arroyo,SEA,TE,6,12521
43,Oscar Delp,NO,TE,6,13319
44,Cole Kmet,CHI,TE,6,6826
45,Dawson Knox,BUF,TE,6,5906
46,Tyler Higbee,LAR,TE,6,3271
47,Erick All Jr.,CIN,TE,6,11592
48,Eli Raridon,NE,TE,6,13421
49,Noah Gray,KC,TE,6,7828
50,Max Klare,LAR,TE,6,13278
51,Ja'Tavion Sanders,CAR,TE,6,11600
52,Noah Fant,NO,TE,6,5857
53,Daniel Bellinger,TEN,TE,7,8225
54,Ben Sinnott,WAS,TE,7,11596
55,Jonnu Smith,GB,TE,7,4144
56,Tommy Tremble,CAR,TE,7,7694
57,Mitchell Evans,CAR,TE,7,12473
58,Justin Joly,MIA,TE,7,13400
59,Austin Hooper,ATL,TE,7,3202
60,Elijah Higgins,ARI,TE,7,10231
61,Matt Hibner,BAL,TE,7,13324
62,Marlin Klein,HOU,TE,7,13307
63,Luke Musgrave,GB,TE,7,9481
64,Josh Oliver,MIN,TE,7,5973
65,Jackson Hawes,BUF,TE,7,12658
66,John Bates,WAS,TE,7,7716
67,Adam Trautman,DEN,TE,7,6869
68,Nate Boerkircher,JAC,TE,7,13299
69,Will Kacmarek,MIA,TE,7,13434
70,Tanner Koziol,JAC,TE,7,13408
71,Luke Schoonmaker,DAL,TE,7,10871
72,Brock Wright,DET,TE,8,7891
73,Foster Moreau,HOU,TE,8,5985
74,Cade Stover,HOU,TE,8,11599
75,Zach Ertz,FA,TE,8,1339
76,Mo Alie-Cox,IND,TE,8,4054
77,Durham Smythe,BAL,TE,8,5008
78,Sam Roush,CHI,TE,8,13322
79,Jack Endries,CIN,TE,8,13282
80,Tanner Hudson,CIN,TE,8,5409
81,Seydou Traore,MIA,TE,8,13429
82,Jeremy Ruckert,NYJ,TE,8,8145
83,Davis Allen,LAR,TE,8,10214
84,Tyler Conklin,DET,TE,8,5133
85,Drew Sample,CIN,TE,8,6001
86,Luke Farrell,SF,TE,8,7842
87,Joe Royer,CLE,TE,8,13435
88,Payne Durham,TB,TE,8,10227
89,Jared Wiley,KC,TE,8,11595
90,Brevyn Spann-Ford,DAL,TE,8,11593
91,Bauer Sharp,TB,TE,8,13308
92,Josh Whyle,GB,TE,8,10212
93,Drew Ogletree,IND,TE,8,8489
94,Grant Calcaterra,PHI,TE,8,8177
95,Charlie Woerner,ATL,TE,8,7075
96,Nate Adkins,DEN,TE,8,11433
97,Jelani Woods,NYJ,TE,8,8219
98,Josh Cuevas,BAL,TE,9,13273
99,Hunter Long,ARI,TE,9,7535
100,Ian Thomas,LV,TE,9,4995
101,Johnny Mundt,PHI,TE,9,4314
102,Riley Nowakowski,PIT,TE,9,13433
103,Thomas Fidone II,NYG,TE,9,12715
104,Dallen Bentley,DEN,TE,9,13577
105,Carsen Ryan,CLE,TE,9,13580
106,Tommy Myers,FA,TE,9,
107,Blake Whiteheart,CLE,TE,9,11201
108,Will Mallory,IND,TE,9,10220
109,Kylen Granson,TEN,TE,9,7602
110,Jake Briningstool,KC,TE,9,12817
111,Eric Saubert,SEA,TE,9,4189
112,Chris Manhertz,NYG,TE,9,3048
113,Michael Trigg,DAL,TE,9,13401
114,Tip Reiman,ARI,TE,9,11716
115,Ben Sims,FA,TE,9,11082
116,Taysom Hill,FA,TE,9,4381
117,Ben Yurosek,MIN,TE,9,13121
118,Brevin Jordan,HOU,TE,9,7568
119,Julian Hill,NE,TE,9,11371
120,Ko Kieft,TB,TE,9,8484
121,Keleki Latu,BUF,TE,10,12765
122,Colson Yankoff,WAS,TE,10,11942
123,Connor Heyward,LV,TE,10,8181
124,Gavin Bartholomew,MIN,TE,10,12700
125,Robert Tonyan,PIT,TE,10,4602
126,Tanner Arkin,NE,TE,10,13827
127,Quintin Morris,JAC,TE,10,7536
128,Brayden Willis,SF,TE,10,10224
129,Stone Smartt,NO,TE,10,8583
130,Teagan Quitoriano,ARI,TE,10,8227
131,Moliki Matavao,NO,TE,10,12480
132,Cameron Latu,NE,TE,10,10210
133,Will Dissly,FA,TE,10,5010
134,Nick Kallerup,SEA,TE,10,13151
135,Lucas Krull,DEN,TE,10,8249
136,Nick Vannett,BAL,TE,10,3258
137,James Mitchell,DAL,TE,10,8170
138,Hayden Large,CHI,TE,10,13712
139,Drake Dabney,GB,TE,10,13210
140,Albert Okwuegbunam Jr.,FA,TE,10,6843
141,Pharaoh Brown,IND,TE,10,4443
142,Khalil Dinkins,SF,TE,10,13432
143,Mark Redman,GB,TE,10,13013
144,David Martin-Robinson,TEN,TE,10,12357
145,Jack Stoll,FA,TE,10,7946
146,Miles Kitselman,FA,TE,10,13431
147,Cole Turner,MIA,TE,10,8214
148,Devin Culp,FA,TE,10,11820
149,E.J. Jenkins,PHI,TE,10,11304
150,Lake McRee,PIT,TE,10,13292
151,Hayden Rucci,JAC,TE,10,12389
152,John Michael Gyllenborg,KC,TE,10,13342
153,Jack Westover,WAS,TE,10,12045
154,CJ Dippre,TB,TE,10,12984
155,Shane Zylstra,NE,TE,11,8041
156,Jaren Kanak,TEN,TE,11,13422
157,Joel Wilson,TEN,TE,11,11113
158,Josiah Deguara,FA,TE,11,7050
159,Carter Runyon,LV,TE,11,13122
160,Jaheim Bell,FA,TE,11,11605
161,DJ Rogers,DAL,TE,11,13355
162,Logan Thomas,FA,TE,11,2251
163,Ty Pezza,BAL,TE,11,13705
164,Tanner Conner,FA,TE,11,8849
165,Jordan Akins,FA,TE,11,5032
166,Harrison Bryant,FA,TE,11,6850
167,Caleb Lohner,DEN,TE,11,12735
168,Ross Dwelley,FA,TE,11,5285
169,Brady Russell,SEA,TE,11,11280
170,Tre Watson,MIA,TE,11,13116
171,Anthony Firkser,FA,TE,11,4435
172,Chris Myarick,LV,TE,11,6529
173,Patrick Herbert,LAC,TE,11,12901
174,Joshua Simon,FA,TE,11,12883
175,Tucker Fisk,FA,TE,11,8885
176,Cam Grandy,MIN,TE,11,12062
177,Geoff Swaim,FA,TE,11,2545
178,Messiah Swinson,CLE,TE,11,12154
179,Sean McKeon,FA,TE,11,6964
180,Princeton Fant,DAL,TE,11,11508
181,Noah Togiai,FA,TE,11,7404
182,Jesper Horsted,FA,TE,11,6075
183,Peyton Hendershot,FA,TE,11,8197
184,Zack Kuntz,FA,TE,11,9483
185,Michael Jacobson,FA,TE,11,8094
186,Zach Gentry,FA,TE,11,6018
187,RJ Maryland,FA,TE,11,13430
188,Bryson Nesbit,FA,TE,11,12941
189,Treyton Welch,NO,TE,11,12079
190,Brycen Hopkins,FA,TE,11,6926
191,Evan Svoboda,LAC,TE,11,13630
192,Curtis Hodges,FA,TE,11,8192
193,Quentin Moore,FA,TE,11,13870
194,Gerald Everett,FA,TE,11,4089
195,Feleipe Franks,CAR,TE,11,7531
196,Jalin Conyers,FA,TE,11,12866
197,Kenny Yeboah,FA,TE,11,7597
198,Stephen Carlson,CHI,TE,11,6451
199,Luke Lachey,FA,TE,12,12725
200,Thomas Gordon,DET,TE,12,13249
201,Zaire Mitchell-Paden,HOU,TE,12,8799
202,Robbie Ouzts,SEA,TE,12,12656
203,Mitchell Wilcox,FA,TE,12,6894
204,Carson Towt,IND,TE,12,13407
205,Nick Boyle,FA,TE,12,2474
206,Jameson Geers,ARI,TE,12,13879
207,Zach Horton,FA,TE,12,13110
208,Dan Villari,LAR,TE,12,13321
209,Tanner McLachlan,FA,TE,12,11598
210,Nikola Kalinic,CHI,TE,12,8107
211,Jack Velling,ATL,TE,12,13846
212,Tyler Davis,FA,TE,12,7131
213,Ryan Griffin,FA,TE,12,1425
214,Patrick Gurd,LV,TE,12,13913
215,Ross Travis,FA,TE,12,3041
216,Rivaldo Fairweather,FA,TE,12,12851
217,Brenden Bates,FA,TE,12,12374
218,Lance Mason,FA,TE,12,13357
219,Kenny Fletcher Jr.,IND,TE,12,13957
220,Chase Curtis,FA,TE,12,13839
221,Cody Hardy,FA,TE,12,13834
222,Layne Pryor,FA,TE,12,13261
223,Ethan Conner,FA,TE,12,13661
224,Johnny Pascuzzi,FA,TE,12,14029
225,JJ Galbreath,FA,TE,12,12975
226,Rohan Jones,FA,TE,12,13810
227,Josh Kattus,FA,TE,12,13312
228,Dae'Quan Wright,FA,TE,12,13331
229,Chamon Metayer,FA,TE,12,13280
230,Irv Smith Jr.,FA,TE,12,6126
231,Marcedes Lewis,FA,TE,12,111
