year,date,name,position,sleeper_id,ktc_player_id,ktc_value
2020,2020-09-10,Christian McCaffrey,RB,4034,283,9999
2020,2020-09-10,Lamar Jackson,QB,4881,372,9999
2020,2020-09-10,Patrick Mahomes,QB,4046,272,9999
2020,2020-09-10,Saquon Barkley,RB,4866,1,9983
2020,2020-09-10,Michael Thomas,WR,3199,,9111
2020,2020-09-10,George Kittle,TE,4217,298,8944
2020,2020-09-10,Ezekiel Elliott,RB,3164,,8928
2020,2020-09-10,Deshaun Watson,QB,4017,261,8387
2020,2020-09-10,Clyde Edwards-Helaire,RB,6820,,8361
2020,2020-09-10,Alvin Kamara,RB,4035,282,8350
2020,2020-09-10,Kyler Murray,QB,5849,379,8293
2020,2020-09-10,Tyreek Hill,WR,3321,286,8291
2020,2020-09-10,Josh Jacobs,RB,5850,303,8154
2020,2020-09-10,Joe Mixon,RB,4018,273,8139
2020,2020-09-10,Dak Prescott,QB,3294,371,8103
2020,2020-09-10,Davante Adams,WR,2133,277,8092
2020,2020-09-10,Dalvin Cook,RB,4029,,8043
2020,2020-09-10,Chris Godwin,WR,4037,299,7968
2020,2020-09-10,Travis Kelce,TE,1466,264,7956
2020,2020-09-10,DeAndre Hopkins,WR,1426,,7881
2020,2020-09-10,Russell Wilson,QB,1234,,7702
2020,2020-09-10,Miles Sanders,RB,6151,,7635
2020,2020-09-10,Nick Chubb,RB,4988,,7602
2020,2020-09-10,D.J. Moore,WR,4983,304,7481
2020,2020-09-10,Jonathan Taylor,RB,6813,634,7429
2020,2020-09-10,Derrick Henry,RB,3198,296,7410
2020,2020-09-10,Mike Evans,WR,2216,275,7236
2020,2020-09-10,Mark Andrews,TE,5012,366,7197
2020,2020-09-10,A.J. Brown,WR,5859,217,7189
2020,2020-09-10,Joe Burrow,QB,6770,601,7135
2020,2020-09-10,J.K. Dobbins,RB,6806,636,6916
2020,2020-09-10,Austin Ekeler,RB,4663,,6777
2020,2020-09-10,Terry McLaurin,WR,5927,328,6666
2020,2020-09-10,JuJu Smith-Schuster,WR,4040,,6552
2020,2020-09-10,Calvin Ridley,WR,4981,293,6502
2020,2020-09-10,DK Metcalf,WR,5846,224,6491
2020,2020-09-10,Amari Cooper,WR,2309,,6427
2020,2020-09-10,D.J. Chark,WR,4951,,6403
2020,2020-09-10,CeeDee Lamb,WR,6786,546,6343
2020,2020-09-10,Courtland Sutton,WR,5045,226,6306
2020,2020-09-10,Josh Allen,QB,4984,365,6306
2020,2020-09-10,Odell Beckham,WR,2078,,6231
2020,2020-09-10,Aaron Jones,RB,4199,301,6225
2020,2020-09-10,D'Andre Swift,RB,6790,639,6184
2020,2020-09-10,Jerry Jeudy,WR,6783,545,6177
2020,2020-09-10,Cooper Kupp,WR,4039,310,6083
2020,2020-09-10,Tua Tagovailoa,QB,6768,600,6005
2020,2020-09-10,Zach Ertz,TE,1339,305,5840
2020,2020-09-10,Daniel Jones,QB,5870,87,5783
2020,2020-09-10,Robert Woods,WR,1352,,5731
2020,2020-09-10,Darren Waller,TE,2505,349,5698
2020,2020-09-10,Keenan Allen,WR,1479,265,5669
2020,2020-09-10,Cam Akers,RB,6938,,5647
2020,2020-09-10,Tyler Lockett,WR,2374,,5471
2020,2020-09-10,Marquise Brown,WR,5848,311,5450
2020,2020-09-10,Adam Thielen,WR,1689,,5439
2020,2020-09-10,Baker Mayfield,QB,4892,215,5369
2020,2020-09-10,Stefon Diggs,WR,2449,262,5350
2020,2020-09-10,Deebo Samuel,WR,5872,383,5313
2020,2020-09-10,Matthew Stafford,QB,421,356,5259
2020,2020-09-10,Michael Gallup,WR,5038,,5210
2020,2020-09-10,Jared Goff,QB,3163,388,5121
2020,2020-09-10,Evan Engram,TE,4066,229,5091
2020,2020-09-10,Drew Lock,QB,5854,33,5000
2020,2020-09-10,Justin Jefferson,WR,6794,542,4975
2020,2020-09-10,Aaron Rodgers,QB,96,235,4972
2020,2020-09-10,Noah Fant,TE,5857,243,4966
2020,2020-09-10,T.J. Hockenson,TE,5844,247,4886
2020,2020-09-10,Tyler Boyd,WR,3225,,4884
2020,2020-09-10,DeVante Parker,WR,2319,,4849
2020,2020-09-10,Kareem Hunt,RB,4098,214,4787
2020,2020-09-10,James Conner,RB,4137,268,4784
2020,2020-09-10,Hunter Henry,TE,3214,212,4716
2020,2020-09-10,David Montgomery,RB,5892,288,4649
2020,2020-09-10,Devin Singletary,RB,6130,238,4588
2020,2020-09-10,Sam Darnold,QB,4943,331,4560
2020,2020-09-10,Kirk Cousins,QB,1166,396,4448
2020,2020-09-10,Diontae Johnson,WR,5937,,4431
2020,2020-09-10,Antonio Gibson,RB,6945,,4360
2020,2020-09-10,Dallas Goedert,TE,5022,382,4344
2020,2020-09-10,Michael Pittman,WR,6819,536,4257
2020,2020-09-10,Brandon Aiyuk,WR,6803,538,4234
2020,2020-09-10,Mike Gesicki,TE,4993,330,4233
2020,2020-09-10,Tee Higgins,WR,6801,543,4138
2020,2020-09-10,Christian Kirk,WR,4950,221,4134
2020,2020-09-10,Jimmy Garoppolo,QB,1837,,4131
2020,2020-09-10,Ryan Tannehill,QB,1049,,4121
2020,2020-09-10,Justin Herbert,QB,6797,599,4085
2020,2020-09-10,Darius Slayton,WR,6149,77,4008
2020,2020-09-10,Hayden Hurst,TE,4973,,3964
2020,2020-09-10,Zack Moss,RB,6845,,3952
2020,2020-09-10,Brandin Cooks,WR,2197,,3854
2020,2020-09-10,Gardner Minshew,QB,6011,47,3847
2020,2020-09-10,Mecole Hardman,WR,5917,,3710
2020,2020-09-10,Denzel Mims,WR,6849,,3621
2020,2020-09-10,Raheem Mostert,RB,2749,,3542
2020,2020-09-10,Austin Hooper,TE,3202,,3445
2020,2020-09-10,Tyler Higbee,TE,3271,159,3394
2020,2020-09-10,Mike Williams,WR,4068,,3377
2020,2020-09-10,Jonnu Smith,TE,4144,84,3366
2020,2020-09-10,Alexander Mattison,RB,5987,326,3321
2020,2020-09-10,Laviska Shenault,WR,6814,,3247
2020,2020-09-10,Derek Carr,QB,2028,,3192
2020,2020-09-10,AJ Dillon,RB,6828,631,3131
2020,2020-09-10,Curtis Samuel,WR,4082,,2759
2020,2020-09-10,Parris Campbell,WR,5880,,2716
2020,2020-09-10,Irv Smith,TE,6126,,2656
2020,2020-09-10,Chase Claypool,WR,6886,,2589
2020,2020-09-10,Jordan Love,QB,6804,596,2545
2020,2020-09-10,Tony Pollard,RB,5967,344,2512
2020,2020-09-10,Van Jefferson,WR,6853,578,2374
2020,2020-09-10,Chase Edmonds,RB,5000,,2154
2020,2020-09-10,Jalen Hurts,QB,6904,595,2144
2020,2020-09-10,KJ Hamler,WR,6805,,2048
2020,2020-09-10,Jameis Winston,QB,2306,413,2031
2020,2020-09-10,Hunter Renfrow,WR,5955,,1844
2020,2020-09-10,Cole Kmet,TE,6826,569,1806
2020,2020-09-10,Ke'Shawn Vaughn,RB,6885,,1802
2020,2020-09-10,Dawson Knox,TE,5906,88,1795
2020,2020-09-10,Allen Lazard,WR,5185,,1736
2020,2020-09-10,James Robinson,RB,6955,,1707
2020,2020-09-10,Ian Thomas,TE,4995,,1644
2020,2020-09-10,Rashaad Penny,RB,4985,,1586
2020,2020-09-10,Nyheim Hines,RB,5347,,1434
2020,2020-09-10,Tyrod Taylor,QB,827,647,1376
2020,2020-09-10,Devin Duvernay,WR,6847,,1268
2020,2020-09-10,Boston Scott,RB,5122,,1262
2020,2020-09-10,Joshua Kelley,RB,7045,,1248
2020,2020-09-10,David Njoku,TE,4033,252,1220
2020,2020-09-10,Gerald Everett,TE,4089,,1191
2020,2020-09-10,Will Dissly,TE,5010,,908
2020,2020-09-10,Mitchell Trubisky,QB,3976,,866
2020,2020-09-10,Josh Reynolds,WR,4171,,865
2020,2020-09-10,Jerick McKinnon,RB,2161,,837
2020,2020-09-10,Eno Benjamin,RB,6951,,830
2020,2020-09-10,DeeJay Dallas,RB,6931,,817
2020,2020-09-10,Tyler Johnson,WR,6960,572,748
2020,2020-09-10,Harrison Bryant,TE,6850,752,718
2020,2020-09-10,Jarrett Stidham,QB,6136,,693
2020,2020-09-10,Demarcus Robinson,WR,3286,52,647
2020,2020-09-10,Justice Hill,RB,5995,368,646
2020,2020-09-10,Adam Trautman,TE,6869,,618
2020,2020-09-10,Kendrick Bourne,WR,4454,153,602
2020,2020-09-10,Jacoby Brissett,QB,3257,20,594
2020,2020-09-10,Donovan Peoples-Jones,WR,6824,,578
2020,2020-09-10,Marquez Valdes-Scantling,WR,5086,,570
2020,2020-09-10,Jamaal Williams,RB,4149,,569
2020,2020-09-10,Marcus Mariota,QB,2307,23,537
2020,2020-09-10,Taysom Hill,TE,4381,,536
2020,2020-09-10,Jakobi Meyers,WR,5947,13,494
2020,2020-09-10,Equanimeous St. Brown,WR,5323,,471
2020,2020-09-10,Quez Watkins,WR,6927,,461
2020,2020-09-10,Tre'Quan Smith,WR,5026,,446
2020,2020-09-10,Albert Okwuegbunam,TE,6843,,406
2020,2020-09-10,Gus Edwards,RB,5248,,399
2020,2020-09-10,Drew Sample,TE,6001,,385
2020,2020-09-10,Josh Oliver,TE,5973,,344
2020,2020-09-10,Gabriel Davis,WR,6943,533,328
2020,2020-09-10,Justin Watson,WR,5374,,313
2020,2020-09-10,Isaiah Hodgins,WR,6920,561,307
2020,2020-09-10,Nelson Agholor,WR,2325,,290
2020,2020-09-10,Trayveon Williams,RB,6144,,274
2020,2020-09-10,Foster Moreau,TE,5985,,273
2020,2020-09-10,David Moore,WR,4274,,272
2020,2020-09-10,Mo Alie-Cox,TE,4054,,270
2020,2020-09-10,Myles Gaskin,RB,5980,,249
2020,2020-09-10,Jeffery Wilson,RB,5284,,247
2020,2020-09-10,Zay Jones,WR,4080,,226
2020,2020-09-10,Nick Mullens,QB,4464,,183
2020,2020-09-10,Mason Rudolph,QB,4972,110,178
2020,2020-09-10,Salvon Ahmed,RB,6918,,170
2020,2020-09-10,Jauan Jennings,WR,7049,576,162
2020,2020-09-10,Cordarrelle Patterson,RB,1535,,138
2020,2020-09-10,Braxton Berrios,WR,5121,,130
2020,2020-09-10,Ty Johnson,RB,6039,6,128
2020,2020-09-10,Richie James,WR,5137,,62
2020,2020-09-10,Tim Patrick,WR,4351,,40
2020,2020-09-10,D'Onta Foreman,RB,4111,,39
2020,2020-09-10,Brandon Powell,WR,5695,,0
2020,2020-09-10,Cedrick Wilson,WR,5113,,0
2020,2020-09-10,Colby Parkinson,TE,6865,565,0
2020,2020-09-10,Craig Reynolds,RB,6659,,0
2020,2020-09-10,D'Ernest Johnson,RB,6694,,0
2020,2020-09-10,Dalton Schultz,TE,5001,487,0
2020,2020-09-10,Darnell Mooney,WR,7090,911,0
2020,2020-09-10,Deonte Harty,WR,6234,,0
2020,2020-09-10,Donald Parham,TE,6074,,0
2020,2020-09-10,Durham Smythe,TE,5008,,0
2020,2020-09-10,Geno Smith,QB,1373,671,0
2020,2020-09-10,Greg Dortch,WR,5970,10,0
2020,2020-09-10,Isaiah McKenzie,WR,4197,,0
2020,2020-09-10,Jake Browning,QB,6111,,0
2020,2020-09-10,Jalen Guyton,WR,6421,,0
2020,2020-09-10,Jamal Agnew,WR,4198,,0
2020,2020-09-10,Joe Flacco,QB,19,722,0
2020,2020-09-10,Joshua Dobbs,QB,4179,,0
2020,2020-09-10,Juwan Johnson,TE,7002,575,0
2020,2020-09-10,K.J. Osborn,WR,7066,,0
2020,2020-09-10,Kalif Raymond,WR,3634,822,0
2020,2020-09-10,Lil'Jordan Humphrey,WR,5938,177,0
2020,2020-09-10,Marquez Callaway,WR,6989,,0
2020,2020-09-10,Mike White,QB,5089,,0
2020,2020-09-10,Noah Brown,WR,4234,,0
2020,2020-09-10,Olamide Zaccheaus,WR,6271,609,0
2020,2020-09-10,Rico Dowdle,RB,7021,555,0
2020,2020-09-10,Samaje Perine,RB,4147,785,0
2020,2020-09-10,Scotty Miller,WR,6290,,0
2020,2020-09-10,Tanner Hudson,TE,5409,,0
2020,2020-09-10,Tyler Conklin,TE,5133,489,0
2020,2020-09-10,Tyler Huntley,QB,7083,618,0
2021,2021-09-09,Patrick Mahomes,QB,4046,272,9999
2021,2021-09-09,Josh Allen,QB,4984,365,9924
2021,2021-09-09,Christian McCaffrey,RB,4034,283,9608
2021,2021-09-09,Kyler Murray,QB,5849,379,8761
2021,2021-09-09,Lamar Jackson,QB,4881,372,7994
2021,2021-09-09,Justin Herbert,QB,6797,599,7966
2021,2021-09-09,Justin Jefferson,WR,6794,542,7886
2021,2021-09-09,Dak Prescott,QB,3294,371,7435
2021,2021-09-09,Travis Kelce,TE,1466,264,7380
2021,2021-09-09,Dalvin Cook,RB,4029,,7347
2021,2021-09-09,Tyreek Hill,WR,3321,286,7330
2021,2021-09-09,Alvin Kamara,RB,4035,282,7321
2021,2021-09-09,Jonathan Taylor,RB,6813,634,7300
2021,2021-09-09,DK Metcalf,WR,5846,224,7239
2021,2021-09-09,Kyle Pitts,TE,7553,1051,7142
2021,2021-09-09,Trevor Lawrence,QB,7523,1094,7137
2021,2021-09-09,Najee Harris,RB,7528,1031,7025
2021,2021-09-09,George Kittle,TE,4217,298,6990
2021,2021-09-09,A.J. Brown,WR,5859,217,6946
2021,2021-09-09,Calvin Ridley,WR,4981,293,6943
2021,2021-09-09,Davante Adams,WR,2133,277,6929
2021,2021-09-09,CeeDee Lamb,WR,6786,546,6907
2021,2021-09-09,Saquon Barkley,RB,4866,1,6843
2021,2021-09-09,Darren Waller,TE,2505,349,6821
2021,2021-09-09,Antonio Gibson,RB,6945,,6789
2021,2021-09-09,Stefon Diggs,WR,2449,262,6733
2021,2021-09-09,Russell Wilson,QB,1234,,6545
2021,2021-09-09,Justin Fields,QB,7591,1015,6536
2021,2021-09-09,Trey Lance,QB,7610,1017,6497
2021,2021-09-09,Nick Chubb,RB,4988,,6441
2021,2021-09-09,Derrick Henry,RB,3198,296,6290
2021,2021-09-09,Aaron Jones,RB,4199,301,6260
2021,2021-09-09,Terry McLaurin,WR,5927,328,6217
2021,2021-09-09,Joe Burrow,QB,6770,601,6214
2021,2021-09-09,T.J. Hockenson,TE,5844,247,6022
2021,2021-09-09,D'Andre Swift,RB,6790,639,6019
2021,2021-09-09,Clyde Edwards-Helaire,RB,6820,,5948
2021,2021-09-09,Zach Wilson,QB,7538,1016,5928
2021,2021-09-09,Austin Ekeler,RB,4663,,5923
2021,2021-09-09,DeAndre Hopkins,WR,1426,,5898
2021,2021-09-09,Ezekiel Elliott,RB,3164,,5770
2021,2021-09-09,Javonte Williams,RB,7588,1033,5745
2021,2021-09-09,Mark Andrews,TE,5012,366,5572
2021,2021-09-09,D.J. Moore,WR,4983,304,5548
2021,2021-09-09,Ja'Marr Chase,WR,7564,1004,5523
2021,2021-09-09,Jerry Jeudy,WR,6783,545,5513
2021,2021-09-09,Chris Godwin,WR,4037,299,5499
2021,2021-09-09,Joe Mixon,RB,4018,273,5465
2021,2021-09-09,Brandon Aiyuk,WR,6803,538,5456
2021,2021-09-09,Tee Higgins,WR,6801,543,5450
2021,2021-09-09,Aaron Rodgers,QB,96,235,5366
2021,2021-09-09,Ryan Tannehill,QB,1049,,5362
2021,2021-09-09,Keenan Allen,WR,1479,265,5229
2021,2021-09-09,Matthew Stafford,QB,421,356,5214
2021,2021-09-09,Amari Cooper,WR,2309,,5187
2021,2021-09-09,Mac Jones,QB,7527,1018,5168
2021,2021-09-09,Tua Tagovailoa,QB,6768,600,5065
2021,2021-09-09,Chase Claypool,WR,6886,,5033
2021,2021-09-09,David Montgomery,RB,5892,288,5028
2021,2021-09-09,Baker Mayfield,QB,4892,215,4980
2021,2021-09-09,Mike Evans,WR,2216,275,4933
2021,2021-09-09,DeVonta Smith,WR,7525,1005,4902
2021,2021-09-09,Jaylen Waddle,WR,7526,1007,4878
2021,2021-09-09,Jalen Hurts,QB,6904,595,4760
2021,2021-09-09,Josh Jacobs,RB,5850,303,4757
2021,2021-09-09,Cooper Kupp,WR,4039,310,4695
2021,2021-09-09,Diontae Johnson,WR,5937,,4681
2021,2021-09-09,Trey Sermon,RB,7593,,4664
2021,2021-09-09,James Robinson,RB,6955,,4620
2021,2021-09-09,Miles Sanders,RB,6151,,4583
2021,2021-09-09,J.K. Dobbins,RB,6806,636,4568
2021,2021-09-09,Laviska Shenault,WR,6814,,4507
2021,2021-09-09,Elijah Moore,WR,7596,1012,4416
2021,2021-09-09,Travis Etienne,RB,7543,1030,4386
2021,2021-09-09,Tyler Lockett,WR,2374,,4375
2021,2021-09-09,Robert Woods,WR,1352,,4277
2021,2021-09-09,Terrace Marshall,WR,7565,,4245
2021,2021-09-09,Deshaun Watson,QB,4017,261,4236
2021,2021-09-09,Courtland Sutton,WR,5045,226,4184
2021,2021-09-09,Noah Fant,TE,5857,243,4170
2021,2021-09-09,Michael Thomas,WR,3199,,4034
2021,2021-09-09,Rashod Bateman,WR,7571,1070,3967
2021,2021-09-09,Deebo Samuel,WR,5872,383,3931
2021,2021-09-09,Kareem Hunt,RB,4098,214,3860
2021,2021-09-09,Rondale Moore,WR,7601,,3841
2021,2021-09-09,JuJu Smith-Schuster,WR,4040,,3762
2021,2021-09-09,Gus Edwards,RB,5248,,3753
2021,2021-09-09,Pat Freiermuth,TE,7600,1053,3700
2021,2021-09-09,AJ Dillon,RB,6828,631,3689
2021,2021-09-09,Darnell Mooney,WR,7090,911,3639
2021,2021-09-09,Tyler Boyd,WR,3225,,3637
2021,2021-09-09,Michael Pittman,WR,6819,536,3602
2021,2021-09-09,Dallas Goedert,TE,5022,382,3594
2021,2021-09-09,Myles Gaskin,RB,5980,,3590
2021,2021-09-09,Jameis Winston,QB,2306,413,3589
2021,2021-09-09,Cam Akers,RB,6938,,3508
2021,2021-09-09,Sam Darnold,QB,4943,331,3497
2021,2021-09-09,Mike Gesicki,TE,4993,330,3466
2021,2021-09-09,D.J. Chark,WR,4951,,3435
2021,2021-09-09,Michael Gallup,WR,5038,,3433
2021,2021-09-09,Chase Edmonds,RB,5000,,3404
2021,2021-09-09,Marquez Callaway,WR,6989,,3364
2021,2021-09-09,Curtis Samuel,WR,4082,,3336
2021,2021-09-09,Jakobi Meyers,WR,5947,13,3318
2021,2021-09-09,Michael Carter,RB,7607,1035,3298
2021,2021-09-09,Odell Beckham,WR,2078,,3278
2021,2021-09-09,Kirk Cousins,QB,1166,396,3272
2021,2021-09-09,Derek Carr,QB,2028,,3261
2021,2021-09-09,Adam Thielen,WR,1689,,3251
2021,2021-09-09,Brandin Cooks,WR,2197,,3228
2021,2021-09-09,Jordan Love,QB,6804,596,3127
2021,2021-09-09,Jonnu Smith,TE,4144,84,3122
2021,2021-09-09,Mike Williams,WR,4068,,3099
2021,2021-09-09,Rhamondre Stevenson,RB,7611,1036,3086
2021,2021-09-09,Daniel Jones,QB,5870,87,3037
2021,2021-09-09,Raheem Mostert,RB,2749,,3007
2021,2021-09-09,Marquise Brown,WR,5848,311,3006
2021,2021-09-09,Tyler Higbee,TE,3271,159,2976
2021,2021-09-09,Jared Goff,QB,3163,388,2945
2021,2021-09-09,Cole Kmet,TE,6826,569,2898
2021,2021-09-09,Tony Pollard,RB,5967,344,2864
2021,2021-09-09,Gabriel Davis,WR,6943,533,2855
2021,2021-09-09,Amon-Ra St. Brown,WR,7547,1010,2848
2021,2021-09-09,Zack Moss,RB,6845,,2833
2021,2021-09-09,Dyami Brown,WR,7587,1069,2831
2021,2021-09-09,Kenneth Gainwell,RB,7567,1032,2632
2021,2021-09-09,Hunter Henry,TE,3214,212,2588
2021,2021-09-09,Jamaal Williams,RB,4149,,2568
2021,2021-09-09,Kadarius Toney,WR,7606,,2522
2021,2021-09-09,Nico Collins,WR,7569,1040,2502
2021,2021-09-09,Nyheim Hines,RB,5347,,2451
2021,2021-09-09,Mecole Hardman,WR,5917,,2437
2021,2021-09-09,Chuba Hubbard,RB,7594,1014,2398
2021,2021-09-09,Josh Palmer,WR,7670,,2346
2021,2021-09-09,Irv Smith,TE,6126,,2261
2021,2021-09-09,Parris Campbell,WR,5880,,2260
2021,2021-09-09,Adam Trautman,TE,6869,,2232
2021,2021-09-09,DeVante Parker,WR,2319,,2162
2021,2021-09-09,Devin Singletary,RB,6130,238,2134
2021,2021-09-09,Evan Engram,TE,4066,229,2128
2021,2021-09-09,Alexander Mattison,RB,5987,326,1977
2021,2021-09-09,KJ Hamler,WR,6805,,1945
2021,2021-09-09,Donovan Peoples-Jones,WR,6824,,1771
2021,2021-09-09,Jimmy Garoppolo,QB,1837,,1763
2021,2021-09-09,Denzel Mims,WR,6849,,1680
2021,2021-09-09,James Conner,RB,4137,268,1645
2021,2021-09-09,Noah Gray,TE,7828,1059,1643
2021,2021-09-09,Gerald Everett,TE,4089,,1625
2021,2021-09-09,Ty Johnson,RB,6039,6,1593
2021,2021-09-09,Austin Hooper,TE,3202,,1589
2021,2021-09-09,Khalil Herbert,RB,7608,,1589
2021,2021-09-09,Christian Kirk,WR,4950,221,1585
2021,2021-09-09,Harrison Bryant,TE,6850,752,1582
2021,2021-09-09,Quez Watkins,WR,6927,,1571
2021,2021-09-09,Darius Slayton,WR,6149,77,1559
2021,2021-09-09,Tutu Atwell,WR,7562,1078,1521
2021,2021-09-09,Van Jefferson,WR,6853,578,1518
2021,2021-09-09,Nelson Agholor,WR,2325,,1508
2021,2021-09-09,Elijah Mitchell,RB,7561,1013,1486
2021,2021-09-09,Tre'Quan Smith,WR,5026,,1471
2021,2021-09-09,Rashaad Penny,RB,4985,,1426
2021,2021-09-09,Taysom Hill,TE,4381,,1425
2021,2021-09-09,Salvon Ahmed,RB,6918,,1411
2021,2021-09-09,Dalton Schultz,TE,5001,487,1401
2021,2021-09-09,Zach Ertz,TE,1339,305,1381
2021,2021-09-09,Kyle Trask,QB,7605,,1379
2021,2021-09-09,Chris Evans,RB,7794,,1371
2021,2021-09-09,Tyler Johnson,WR,6960,572,1363
2021,2021-09-09,Tylan Wallace,WR,7595,,1360
2021,2021-09-09,Hunter Renfrow,WR,5955,,1339
2021,2021-09-09,Dawson Knox,TE,5906,88,1333
2021,2021-09-09,David Njoku,TE,4033,252,1328
2021,2021-09-09,Drew Lock,QB,5854,33,1323
2021,2021-09-09,Davis Mills,QB,7585,1029,1292
2021,2021-09-09,Tyrod Taylor,QB,827,647,1280
2021,2021-09-09,Tommy Tremble,TE,7694,1054,1225
2021,2021-09-09,Marquez Valdes-Scantling,WR,5086,,1165
2021,2021-09-09,Allen Lazard,WR,5185,,1113
2021,2021-09-09,Boston Scott,RB,5122,,1106
2021,2021-09-09,Juwan Johnson,TE,7002,575,1105
2021,2021-09-09,Donald Parham,TE,6074,,1099
2021,2021-09-09,Gardner Minshew,QB,6011,47,1077
2021,2021-09-09,Brevin Jordan,TE,7568,1052,1074
2021,2021-09-09,Jalen Guyton,WR,6421,,1043
2021,2021-09-09,Taylor Heinicke,QB,2711,,1035
2021,2021-09-09,Deonte Harty,WR,6234,,1031
2021,2021-09-09,Josh Reynolds,WR,4171,,1021
2021,2021-09-09,Anthony Schwartz,WR,7533,,1000
2021,2021-09-09,Hayden Hurst,TE,4973,,935
2021,2021-09-09,Marcus Mariota,QB,2307,23,933
2021,2021-09-09,Ke'Shawn Vaughn,RB,6885,,867
2021,2021-09-09,Demarcus Robinson,WR,3286,52,860
2021,2021-09-09,Ihmir Smith-Marsette,WR,7559,,854
2021,2021-09-09,Jaelon Darden,WR,7713,,848
2021,2021-09-09,Tim Patrick,WR,4351,,814
2021,2021-09-09,DeeJay Dallas,RB,6931,,809
2021,2021-09-09,Jeffery Wilson,RB,5284,,800
2021,2021-09-09,Devin Duvernay,WR,6847,,772
2021,2021-09-09,Hunter Long,TE,7535,,768
2021,2021-09-09,Olamide Zaccheaus,WR,6271,609,744
2021,2021-09-09,Scotty Miller,WR,6290,,733
2021,2021-09-09,Eno Benjamin,RB,6951,,669
2021,2021-09-09,Will Dissly,TE,5010,,665
2021,2021-09-09,Joshua Kelley,RB,7045,,632
2021,2021-09-09,Kendrick Bourne,WR,4454,153,627
2021,2021-09-09,Kylen Granson,TE,7602,,609
2021,2021-09-09,Mo Alie-Cox,TE,4054,,578
2021,2021-09-09,Jerick McKinnon,RB,2161,,572
2021,2021-09-09,Albert Okwuegbunam,TE,6843,,567
2021,2021-09-09,Justice Hill,RB,5995,368,507
2021,2021-09-09,Samaje Perine,RB,4147,785,504
2021,2021-09-09,Drew Sample,TE,6001,,487
2021,2021-09-09,Foster Moreau,TE,5985,,436
2021,2021-09-09,Kene Nwangwu,RB,7720,,369
2021,2021-09-09,Mitchell Trubisky,QB,3976,,354
2021,2021-09-09,Ian Thomas,TE,4995,,324
2021,2021-09-09,David Moore,WR,4274,,291
2021,2021-09-09,Trayveon Williams,RB,6144,,223
2021,2021-09-09,Equanimeous St. Brown,WR,5323,,180
2021,2021-09-09,Cordarrelle Patterson,RB,1535,,175
2021,2021-09-09,Isaiah Hodgins,WR,6920,561,67
2021,2021-09-09,Ben Skowronek,WR,7757,,0
2021,2021-09-09,Brandon Powell,WR,5695,,0
2021,2021-09-09,Braxton Berrios,WR,5121,,0
2021,2021-09-09,Cedrick Wilson,WR,5113,,0
2021,2021-09-09,Colby Parkinson,TE,6865,565,0
2021,2021-09-09,Craig Reynolds,RB,6659,,0
2021,2021-09-09,D'Ernest Johnson,RB,6694,,0
2021,2021-09-09,D'Onta Foreman,RB,4111,,0
2021,2021-09-09,Deon Jackson,RB,7551,,0
2021,2021-09-09,Durham Smythe,TE,5008,,0
2021,2021-09-09,Gary Brightwell,RB,7529,,0
2021,2021-09-09,Geno Smith,QB,1373,671,0
2021,2021-09-09,Greg Dortch,WR,5970,10,0
2021,2021-09-09,Isaiah McKenzie,WR,4197,,0
2021,2021-09-09,Jacoby Brissett,QB,3257,20,0
2021,2021-09-09,Jake Browning,QB,6111,,0
2021,2021-09-09,Jamal Agnew,WR,4198,,0
2021,2021-09-09,Jarrett Stidham,QB,6136,,0
2021,2021-09-09,Jauan Jennings,WR,7049,576,0
2021,2021-09-09,Joe Flacco,QB,19,722,0
2021,2021-09-09,John Bates,TE,7716,,0
2021,2021-09-09,Josh Oliver,TE,5973,,0
2021,2021-09-09,Joshua Dobbs,QB,4179,,0
2021,2021-09-09,Justin Watson,WR,5374,,0
2021,2021-09-09,K.J. Osborn,WR,7066,,0
2021,2021-09-09,Kalif Raymond,WR,3634,822,0
2021,2021-09-09,Lil'Jordan Humphrey,WR,5938,177,0
2021,2021-09-09,Mason Rudolph,QB,4972,110,0
2021,2021-09-09,Mike White,QB,5089,,0
2021,2021-09-09,Nick Mullens,QB,4464,,0
2021,2021-09-09,Nick Westbrook-Ikhine,WR,7496,950,0
2021,2021-09-09,Noah Brown,WR,4234,,0
2021,2021-09-09,Richie James,WR,5137,,0
2021,2021-09-09,Rico Dowdle,RB,7021,555,0
2021,2021-09-09,Tanner Hudson,TE,5409,,0
2021,2021-09-09,Trenton Irwin,WR,6598,,0
2021,2021-09-09,Tyler Conklin,TE,5133,489,0
2021,2021-09-09,Tyler Huntley,QB,7083,618,0
2021,2021-09-09,Zay Jones,WR,4080,,0
2022,2022-09-08,Josh Allen,QB,4984,365,9998
2022,2022-09-08,Justin Herbert,QB,6797,599,9988
2022,2022-09-08,Justin Jefferson,WR,6794,542,9490
2022,2022-09-08,Patrick Mahomes,QB,4046,272,9462
2022,2022-09-08,Ja'Marr Chase,WR,7564,1004,8730
2022,2022-09-08,Jonathan Taylor,RB,6813,634,8706
2022,2022-09-08,Kyle Pitts,TE,7553,1051,8386
2022,2022-09-08,Lamar Jackson,QB,4881,372,7924
2022,2022-09-08,Joe Burrow,QB,6770,601,7524
2022,2022-09-08,Kyler Murray,QB,5849,379,7290
2022,2022-09-08,Mark Andrews,TE,5012,366,6461
2022,2022-09-08,CeeDee Lamb,WR,6786,546,6443
2022,2022-09-08,D'Andre Swift,RB,6790,639,6374
2022,2022-09-08,Najee Harris,RB,7528,1031,6308
2022,2022-09-08,Javonte Williams,RB,7588,1033,6230
2022,2022-09-08,Cooper Kupp,WR,4039,310,6111
2022,2022-09-08,Christian McCaffrey,RB,4034,283,6079
2022,2022-09-08,Jalen Hurts,QB,6904,595,6055
2022,2022-09-08,Trey Lance,QB,7610,1017,5965
2022,2022-09-08,Stefon Diggs,WR,2449,262,5724
2022,2022-09-08,Tee Higgins,WR,6801,543,5658
2022,2022-09-08,Dak Prescott,QB,3294,371,5611
2022,2022-09-08,A.J. Brown,WR,5859,217,5601
2022,2022-09-08,Russell Wilson,QB,1234,,5493
2022,2022-09-08,Austin Ekeler,RB,4663,,5469
2022,2022-09-08,Deebo Samuel,WR,5872,383,5435
2022,2022-09-08,Breece Hall,RB,8155,1224,5420
2022,2022-09-08,Michael Pittman,WR,6819,536,5419
2022,2022-09-08,Jaylen Waddle,WR,7526,1007,5386
2022,2022-09-08,Trevor Lawrence,QB,7523,1094,5350
2022,2022-09-08,Davante Adams,WR,2133,277,5322
2022,2022-09-08,Joe Mixon,RB,4018,273,5319
2022,2022-09-08,Dalvin Cook,RB,4029,,5209
2022,2022-09-08,Saquon Barkley,RB,4866,1,5192
2022,2022-09-08,Travis Kelce,TE,1466,264,5150
2022,2022-09-08,Travis Etienne,RB,7543,1030,5100
2022,2022-09-08,DK Metcalf,WR,5846,224,5087
2022,2022-09-08,Drake London,WR,8112,1268,4972
2022,2022-09-08,D.J. Moore,WR,4983,304,4961
2022,2022-09-08,Tyreek Hill,WR,3321,286,4932
2022,2022-09-08,George Kittle,TE,4217,298,4920
2022,2022-09-08,Alvin Kamara,RB,4035,282,4859
2022,2022-09-08,Deshaun Watson,QB,4017,261,4831
2022,2022-09-08,Nick Chubb,RB,4988,,4771
2022,2022-09-08,Derrick Henry,RB,3198,296,4752
2022,2022-09-08,AJ Dillon,RB,6828,631,4703
2022,2022-09-08,Justin Fields,QB,7591,1015,4699
2022,2022-09-08,Courtland Sutton,WR,5045,226,4697
2022,2022-09-08,Chris Olave,WR,8144,1271,4631
2022,2022-09-08,Rashod Bateman,WR,7571,1070,4618
2022,2022-09-08,Aaron Jones,RB,4199,301,4615
2022,2022-09-08,T.J. Hockenson,TE,5844,247,4612
2022,2022-09-08,Diontae Johnson,WR,5937,,4608
2022,2022-09-08,Elijah Moore,WR,7596,1012,4598
2022,2022-09-08,Chris Godwin,WR,4037,299,4591
2022,2022-09-08,J.K. Dobbins,RB,6806,636,4581
2022,2022-09-08,DeVonta Smith,WR,7525,1005,4562
2022,2022-09-08,Jameson Williams,WR,8148,1273,4551
2022,2022-09-08,Terry McLaurin,WR,5927,328,4545
2022,2022-09-08,Mike Evans,WR,2216,275,4534
2022,2022-09-08,Matthew Stafford,QB,421,356,4531
2022,2022-09-08,Marquise Brown,WR,5848,311,4522
2022,2022-09-08,Amon-Ra St. Brown,WR,7547,1010,4517
2022,2022-09-08,Mike Williams,WR,4068,,4495
2022,2022-09-08,Kenneth Walker III,RB,8151,1227,4492
2022,2022-09-08,George Pickens,WR,8137,1279,4489
2022,2022-09-08,Derek Carr,QB,2028,,4478
2022,2022-09-08,Darren Waller,TE,2505,349,4425
2022,2022-09-08,Jerry Jeudy,WR,6783,545,4423
2022,2022-09-08,Dameon Pierce,RB,8129,1207,4411
2022,2022-09-08,Garrett Wilson,WR,8146,1270,4385
2022,2022-09-08,Gabriel Davis,WR,6943,533,4380
2022,2022-09-08,Tua Tagovailoa,QB,6768,600,4370
2022,2022-09-08,Treylon Burks,WR,8135,1269,4353
2022,2022-09-08,Darnell Mooney,WR,7090,911,4324
2022,2022-09-08,Aaron Rodgers,QB,96,235,4313
2022,2022-09-08,Mac Jones,QB,7527,1018,4214
2022,2022-09-08,Cam Akers,RB,6938,,4141
2022,2022-09-08,Brandon Aiyuk,WR,6803,538,4132
2022,2022-09-08,Kenny Pickett,QB,8160,1208,4129
2022,2022-09-08,Keenan Allen,WR,1479,265,4103
2022,2022-09-08,Dalton Schultz,TE,5001,487,4008
2022,2022-09-08,Elijah Mitchell,RB,7561,1013,3930
2022,2022-09-08,JuJu Smith-Schuster,WR,4040,,3929
2022,2022-09-08,Pat Freiermuth,TE,7600,1053,3928
2022,2022-09-08,Skyy Moore,WR,8168,1283,3843
2022,2022-09-08,Dallas Goedert,TE,5022,382,3794
2022,2022-09-08,David Montgomery,RB,5892,288,3746
2022,2022-09-08,James Conner,RB,4137,268,3730
2022,2022-09-08,Jahan Dotson,WR,8119,1272,3712
2022,2022-09-08,Kirk Cousins,QB,1166,396,3710
2022,2022-09-08,Zach Wilson,QB,7538,1016,3699
2022,2022-09-08,Rhamondre Stevenson,RB,7611,1036,3698
2022,2022-09-08,Ezekiel Elliott,RB,3164,,3694
2022,2022-09-08,James Cook,RB,8138,1231,3633
2022,2022-09-08,Hunter Renfrow,WR,5955,,3607
2022,2022-09-08,Tony Pollard,RB,5967,344,3591
2022,2022-09-08,Brandin Cooks,WR,2197,,3555
2022,2022-09-08,Cole Kmet,TE,6826,569,3546
2022,2022-09-08,Christian Kirk,WR,4950,221,3512
2022,2022-09-08,Kadarius Toney,WR,7606,,3433
2022,2022-09-08,Josh Jacobs,RB,5850,303,3390
2022,2022-09-08,Malik Willis,QB,8161,1210,3325
2022,2022-09-08,Dawson Knox,TE,5906,88,3312
2022,2022-09-08,Jameis Winston,QB,2306,413,3239
2022,2022-09-08,Chase Edmonds,RB,5000,,3215
2022,2022-09-08,Clyde Edwards-Helaire,RB,6820,,3202
2022,2022-09-08,Amari Cooper,WR,2309,,3181
2022,2022-09-08,Kareem Hunt,RB,4098,214,3180
2022,2022-09-08,Davis Mills,QB,7585,1029,3173
2022,2022-09-08,DeAndre Hopkins,WR,1426,,3162
2022,2022-09-08,Michael Thomas,WR,3199,,3142
2022,2022-09-08,Christian Watson,WR,8167,1248,3117
2022,2022-09-08,Brian Robinson,RB,8154,1232,3057
2022,2022-09-08,Chase Claypool,WR,6886,,3044
2022,2022-09-08,Antonio Gibson,RB,6945,,3038
2022,2022-09-08,Allen Lazard,WR,5185,,3032
2022,2022-09-08,Baker Mayfield,QB,4892,215,3024
2022,2022-09-08,Rondale Moore,WR,7601,,2897
2022,2022-09-08,Alec Pierce,WR,8142,1285,2882
2022,2022-09-08,Rashaad Penny,RB,4985,,2878
2022,2022-09-08,Rachaad White,RB,8136,1180,2869
2022,2022-09-08,Michael Gallup,WR,5038,,2854
2022,2022-09-08,Romeo Doubs,WR,8121,1238,2800
2022,2022-09-08,Trey McBride,TE,8130,1253,2793
2022,2022-09-08,Miles Sanders,RB,6151,,2791
2022,2022-09-08,Wan'Dale Robinson,WR,8126,1274,2790
2022,2022-09-08,Isaiah Likely,TE,8131,1257,2748
2022,2022-09-08,Noah Fant,TE,5857,243,2697
2022,2022-09-08,David Njoku,TE,4033,252,2696
2022,2022-09-08,Michael Carter,RB,7607,1035,2690
2022,2022-09-08,Alexander Mattison,RB,5987,326,2681
2022,2022-09-08,Desmond Ridder,QB,8159,,2669
2022,2022-09-08,Calvin Ridley,WR,4981,293,2656
2022,2022-09-08,James Robinson,RB,6955,,2612
2022,2022-09-08,Zach Ertz,TE,1339,305,2609
2022,2022-09-08,Adam Thielen,WR,1689,,2601
2022,2022-09-08,Zamir White,RB,8139,,2597
2022,2022-09-08,Jalen Tolbert,WR,8117,1247,2575
2022,2022-09-08,Kenneth Gainwell,RB,7567,1032,2574
2022,2022-09-08,Mike Gesicki,TE,4993,330,2574
2022,2022-09-08,Josh Palmer,WR,7670,,2566
2022,2022-09-08,Ryan Tannehill,QB,1049,,2549
2022,2022-09-08,Jared Goff,QB,3163,388,2531
2022,2022-09-08,Tyler Allgeier,RB,8132,1228,2531
2022,2022-09-08,Khalil Herbert,RB,7608,,2521
2022,2022-09-08,Devin Singletary,RB,6130,238,2516
2022,2022-09-08,Nico Collins,WR,7569,1040,2511
2022,2022-09-08,Isiah Pacheco,RB,8205,1266,2474
2022,2022-09-08,Isaiah Spiller,RB,8153,,2429
2022,2022-09-08,David Bell,WR,8118,1275,2426
2022,2022-09-08,Irv Smith,TE,6126,,2422
2022,2022-09-08,Tyler Lockett,WR,2374,,2407
2022,2022-09-08,Daniel Jones,QB,5870,87,2401
2022,2022-09-08,Tyler Boyd,WR,3225,,2370
2022,2022-09-08,Robert Woods,WR,1352,,2342
2022,2022-09-08,Albert Okwuegbunam,TE,6843,,2322
2022,2022-09-08,Jakobi Meyers,WR,5947,13,2302
2022,2022-09-08,Nyheim Hines,RB,5347,,2225
2022,2022-09-08,D.J. Chark,WR,4951,,2221
2022,2022-09-08,K.J. Osborn,WR,7066,,2186
2022,2022-09-08,Tyrion Davis-Price,RB,8211,,2155
2022,2022-09-08,Hunter Henry,TE,3214,212,2153
2022,2022-09-08,Isaiah McKenzie,WR,4197,,2146
2022,2022-09-08,KJ Hamler,WR,6805,,2141
2022,2022-09-08,Marquez Valdes-Scantling,WR,5086,,2124
2022,2022-09-08,Marcus Mariota,QB,2307,23,2061
2022,2022-09-08,Brevin Jordan,TE,7568,1052,2045
2022,2022-09-08,Cordarrelle Patterson,RB,1535,,2038
2022,2022-09-08,John Metchie,WR,8147,1276,1954
2022,2022-09-08,Mitchell Trubisky,QB,3976,,1902
2022,2022-09-08,Greg Dulcich,TE,8172,1256,1868
2022,2022-09-08,Tyquan Thornton,WR,8188,1246,1831
2022,2022-09-08,Tyler Higbee,TE,3271,159,1823
2022,2022-09-08,Mecole Hardman,WR,5917,,1782
2022,2022-09-08,Daniel Bellinger,TE,8225,1322,1773
2022,2022-09-08,Donovan Peoples-Jones,WR,6824,,1772
2022,2022-09-08,Khalil Shakir,WR,8134,1278,1762
2022,2022-09-08,Eno Benjamin,RB,6951,,1734
2022,2022-09-08,Van Jefferson,WR,6853,578,1734
2022,2022-09-08,Evan Engram,TE,4066,229,1729
2022,2022-09-08,Jimmy Garoppolo,QB,1837,,1724
2022,2022-09-08,Parris Campbell,WR,5880,,1702
2022,2022-09-08,Jordan Love,QB,6804,596,1694
2022,2022-09-08,DeVante Parker,WR,2319,,1688
2022,2022-09-08,Sam Howell,QB,8162,1209,1598
2022,2022-09-08,Jamaal Williams,RB,4149,,1589
2022,2022-09-08,Cade Otton,TE,8111,1261,1544
2022,2022-09-08,Odell Beckham,WR,2078,,1504
2022,2022-09-08,Hassan Haskins,RB,8123,1191,1490
2022,2022-09-08,Chuba Hubbard,RB,7594,1014,1478
2022,2022-09-08,Devin Duvernay,WR,6847,,1474
2022,2022-09-08,Gus Edwards,RB,5248,,1460
2022,2022-09-08,Austin Hooper,TE,3202,,1454
2022,2022-09-08,Jonnu Smith,TE,4144,84,1453
2022,2022-09-08,Jelani Woods,TE,8219,,1446
2022,2022-09-08,Laviska Shenault,WR,6814,,1415
2022,2022-09-08,D'Ernest Johnson,RB,6694,,1412
2022,2022-09-08,Kyren Williams,RB,8150,1226,1410
2022,2022-09-08,Tommy Tremble,TE,7694,1054,1409
2022,2022-09-08,Tim Patrick,WR,4351,,1406
2022,2022-09-08,Tyler Huntley,QB,7083,618,1398
2022,2022-09-08,Terrace Marshall,WR,7565,,1387
2022,2022-09-08,Curtis Samuel,WR,4082,,1372
2022,2022-09-08,Keaontay Ingram,RB,8221,,1371
2022,2022-09-08,Gerald Everett,TE,4089,,1357
2022,2022-09-08,Zay Jones,WR,4080,,1354
2022,2022-09-08,Pierre Strong Jr.,RB,8116,,1348
2022,2022-09-08,Raheem Mostert,RB,2749,,1333
2022,2022-09-08,Jerome Ford,RB,8143,1229,1323
2022,2022-09-08,Jeffery Wilson,RB,5284,,1310
2022,2022-09-08,Nick Westbrook-Ikhine,WR,7496,950,1300
2022,2022-09-08,Jaylen Warren,RB,8228,1201,1288
2022,2022-09-08,Hayden Hurst,TE,4973,,1285
2022,2022-09-08,Ty Chandler,RB,8230,1182,1273
2022,2022-09-08,Danny Gray,WR,8176,,1260
2022,2022-09-08,Joshua Kelley,RB,7045,,1253
2022,2022-09-08,Donald Parham,TE,6074,,1244
2022,2022-09-08,Jacoby Brissett,QB,3257,20,1240
2022,2022-09-08,Kendrick Bourne,WR,4454,153,1240
2022,2022-09-08,Chris Evans,RB,7794,,1237
2022,2022-09-08,Calvin Austin III,WR,8125,1262,1235
2022,2022-09-08,D'Onta Foreman,RB,4111,,1225
2022,2022-09-08,Tyler Conklin,TE,5133,489,1225
2022,2022-09-08,Jalen Guyton,WR,6421,,1205
2022,2022-09-08,Noah Gray,TE,7828,1059,1200
2022,2022-09-08,Harrison Bryant,TE,6850,752,1179
2022,2022-09-08,Chigoziem Okonkwo,TE,8210,1320,1178
2022,2022-09-08,Zack Moss,RB,6845,,1178
2022,2022-09-08,Justyn Ross,WR,8140,,1142
2022,2022-09-08,Adam Trautman,TE,6869,,1137
2022,2022-09-08,Geno Smith,QB,1373,671,1134
2022,2022-09-08,Cedrick Wilson,WR,5113,,1130
2022,2022-09-08,Quez Watkins,WR,6927,,1116
2022,2022-09-08,Dyami Brown,WR,7587,1069,1107
2022,2022-09-08,Jake Ferguson,TE,8110,1258,1098
2022,2022-09-08,Boston Scott,RB,5122,,1095
2022,2022-09-08,Anthony Schwartz,WR,7533,,1093
2022,2022-09-08,Jeremy Ruckert,TE,8145,1255,1084
2022,2022-09-08,Equanimeous St. Brown,WR,5323,,1062
2022,2022-09-08,Kene Nwangwu,RB,7720,,1049
2022,2022-09-08,Mo Alie-Cox,TE,4054,,1042
2022,2022-09-08,Trey Sermon,RB,7593,,1037
2022,2022-09-08,Gardner Minshew,QB,6011,47,1010
2022,2022-09-08,Denzel Mims,WR,6849,,1003
2022,2022-09-08,Drew Lock,QB,5854,33,1003
2022,2022-09-08,Marquez Callaway,WR,6989,,1002
2022,2022-09-08,Braxton Berrios,WR,5121,,994
2022,2022-09-08,Ke'Shawn Vaughn,RB,6885,,978
2022,2022-09-08,Tyler Johnson,WR,6960,572,964
2022,2022-09-08,Foster Moreau,TE,5985,,946
2022,2022-09-08,Kyle Trask,QB,7605,,942
2022,2022-09-08,Tutu Atwell,WR,7562,1078,939
2022,2022-09-08,Jerick McKinnon,RB,2161,,925
2022,2022-09-08,Darius Slayton,WR,6149,77,900
2022,2022-09-08,Sam Darnold,QB,4943,331,880
2022,2022-09-08,DeeJay Dallas,RB,6931,,879
2022,2022-09-08,Myles Gaskin,RB,5980,,861
2022,2022-09-08,Samaje Perine,RB,4147,785,830
2022,2022-09-08,Olamide Zaccheaus,WR,6271,609,819
2022,2022-09-08,Tylan Wallace,WR,7595,,810
2022,2022-09-08,Tyler Badie,RB,8208,1206,798
2022,2022-09-08,Juwan Johnson,TE,7002,575,773
2022,2022-09-08,Jauan Jennings,WR,7049,576,761
2022,2022-09-08,Josh Reynolds,WR,4171,,757
2022,2022-09-08,Charlie Kolar,TE,8127,1254,717
2022,2022-09-08,Nelson Agholor,WR,2325,,684
2022,2022-09-08,Ihmir Smith-Marsette,WR,7559,,670
2022,2022-09-08,Jaelon Darden,WR,7713,,666
2022,2022-09-08,Erik Ezukanma,WR,8114,,635
2022,2022-09-08,Kyle Philips,WR,8171,,630
2022,2022-09-08,Kevin Harris,RB,8174,,628
2022,2022-09-08,Justice Hill,RB,5995,368,612
2022,2022-09-08,Tre'Quan Smith,WR,5026,,585
2022,2022-09-08,Jordan Mason,RB,8408,1330,560
2022,2022-09-08,Hunter Long,TE,7535,,549
2022,2022-09-08,Demarcus Robinson,WR,3286,52,538
2022,2022-09-08,Scotty Miller,WR,6290,,532
2022,2022-09-08,Taylor Heinicke,QB,2711,,503
2022,2022-09-08,Kylen Granson,TE,7602,,502
2022,2022-09-08,John Bates,TE,7716,,492
2022,2022-09-08,Deonte Harty,WR,6234,,489
2022,2022-09-08,Trayveon Williams,RB,6144,,488
2022,2022-09-08,Ty Johnson,RB,6039,6,462
2022,2022-09-08,Taysom Hill,TE,4381,,460
2022,2022-09-08,Salvon Ahmed,RB,6918,,458
2022,2022-09-08,Ian Thomas,TE,4995,,453
2022,2022-09-08,Drew Sample,TE,6001,,422
2022,2022-09-08,Bailey Zappe,QB,8157,,413
2022,2022-09-08,Tyrod Taylor,QB,827,647,391
2022,2022-09-08,Mike White,QB,5089,,366
2022,2022-09-08,Greg Dortch,WR,5970,10,354
2022,2022-09-08,Mason Rudolph,QB,4972,110,349
2022,2022-09-08,Zonovan Knight,RB,8122,,339
2022,2022-09-08,Will Dissly,TE,5010,,332
2022,2022-09-08,Kalif Raymond,WR,3634,822,319
2022,2022-09-08,Jamal Agnew,WR,4198,,297
2022,2022-09-08,Lil'Jordan Humphrey,WR,5938,177,169
2022,2022-09-08,Josh Oliver,TE,5973,,148
2022,2022-09-08,David Moore,WR,4274,,116
2022,2022-09-08,Andrew Ogletree,TE,8489,,0
2022,2022-09-08,Ben Skowronek,WR,7757,,0
2022,2022-09-08,Bo Melton,WR,8204,1244,0
2022,2022-09-08,Brandon Powell,WR,5695,,0
2022,2022-09-08,Brock Purdy,QB,8183,1214,0
2022,2022-09-08,Brock Wright,TE,7891,1162,0
2022,2022-09-08,Colby Parkinson,TE,6865,565,0
2022,2022-09-08,Cole Turner,TE,8214,,0
2022,2022-09-08,Craig Reynolds,RB,6659,,0
2022,2022-09-08,Deon Jackson,RB,7551,,0
2022,2022-09-08,Deven Thompkins,WR,8253,,0
2022,2022-09-08,Durham Smythe,TE,5008,,0
2022,2022-09-08,Gary Brightwell,RB,7529,,0
2022,2022-09-08,Grant Calcaterra,TE,8177,1263,0
2022,2022-09-08,Isaiah Hodgins,WR,6920,561,0
2022,2022-09-08,Jake Browning,QB,6111,,0
2022,2022-09-08,Jalen Nailor,WR,8180,1245,0
2022,2022-09-08,Jarrett Stidham,QB,6136,,0
2022,2022-09-08,Joe Flacco,QB,19,722,0
2022,2022-09-08,Joshua Dobbs,QB,4179,,0
2022,2022-09-08,Julius Chestnut,RB,8254,1325,0
2022,2022-09-08,Justin Watson,WR,5374,,0
2022,2022-09-08,KaVontae Turpin,WR,8917,1336,0
2022,2022-09-08,Malik Davis,RB,8800,1197,0
2022,2022-09-08,Nick Mullens,QB,4464,,0
2022,2022-09-08,Noah Brown,WR,4234,,0
2022,2022-09-08,Peyton Hendershot,TE,8197,,0
2022,2022-09-08,Raheem Blackshear,RB,8255,,0
2022,2022-09-08,Richie James,WR,5137,,0
2022,2022-09-08,Rico Dowdle,RB,7021,555,0
2022,2022-09-08,Ronnie Rivers,RB,8195,,0
2022,2022-09-08,Samori Toure,WR,8235,,0
2022,2022-09-08,Tanner Hudson,TE,5409,,0
2022,2022-09-08,Teagan Quitoriano,TE,8227,,0
2022,2022-09-08,Trenton Irwin,WR,6598,,0
2023,2023-09-07,Patrick Mahomes,QB,4046,272,9999
2023,2023-09-07,Justin Jefferson,WR,6794,542,9948
2023,2023-09-07,Josh Allen,QB,4984,365,9756
2023,2023-09-07,Jalen Hurts,QB,6904,595,9626
2023,2023-09-07,Ja'Marr Chase,WR,7564,1004,9018
2023,2023-09-07,Joe Burrow,QB,6770,601,8866
2023,2023-09-07,Justin Herbert,QB,6797,599,8490
2023,2023-09-07,Bijan Robinson,RB,9509,1414,7996
2023,2023-09-07,Lamar Jackson,QB,4881,372,7944
2023,2023-09-07,Trevor Lawrence,QB,7523,1094,7890
2023,2023-09-07,Garrett Wilson,WR,8146,1270,7649
2023,2023-09-07,CeeDee Lamb,WR,6786,546,7441
2023,2023-09-07,Justin Fields,QB,7591,1015,7128
2023,2023-09-07,Amon-Ra St. Brown,WR,7547,1010,7059
2023,2023-09-07,Jaylen Waddle,WR,7526,1007,6915
2023,2023-09-07,A.J. Brown,WR,5859,217,6885
2023,2023-09-07,Chris Olave,WR,8144,1271,6774
2023,2023-09-07,Christian McCaffrey,RB,4034,283,6612
2023,2023-09-07,Jahmyr Gibbs,RB,9221,1415,6403
2023,2023-09-07,Anthony Richardson,QB,9229,1405,6401
2023,2023-09-07,Travis Kelce,TE,1466,264,6359
2023,2023-09-07,DeVonta Smith,WR,7525,1005,6336
2023,2023-09-07,Mark Andrews,TE,5012,366,6317
2023,2023-09-07,Tyreek Hill,WR,3321,286,6311
2023,2023-09-07,Breece Hall,RB,8155,1224,6064
2023,2023-09-07,Jaxon Smith-Njigba,WR,9488,1437,5934
2023,2023-09-07,Saquon Barkley,RB,4866,1,5908
2023,2023-09-07,Kyle Pitts,TE,7553,1051,5842
2023,2023-09-07,Drake London,WR,8112,1268,5723
2023,2023-09-07,Bryce Young,QB,9228,1456,5701
2023,2023-09-07,Tee Higgins,WR,6801,543,5672
2023,2023-09-07,Stefon Diggs,WR,2449,262,5625
2023,2023-09-07,T.J. Hockenson,TE,5844,247,5568
2023,2023-09-07,Nick Chubb,RB,4988,,5561
2023,2023-09-07,DK Metcalf,WR,5846,224,5560
2023,2023-09-07,Tony Pollard,RB,5967,344,5541
2023,2023-09-07,Tua Tagovailoa,QB,6768,600,5438
2023,2023-09-07,Josh Jacobs,RB,5850,303,5385
2023,2023-09-07,Jonathan Taylor,RB,6813,634,5301
2023,2023-09-07,Travis Etienne,RB,7543,1030,5280
2023,2023-09-07,Austin Ekeler,RB,4663,,5260
2023,2023-09-07,C.J. Stroud,QB,9758,1403,5227
2023,2023-09-07,Deshaun Watson,QB,4017,261,5169
2023,2023-09-07,Jordan Addison,WR,9756,1420,5132
2023,2023-09-07,Davante Adams,WR,2133,277,5120
2023,2023-09-07,Daniel Jones,QB,5870,87,5042
2023,2023-09-07,Kenneth Walker III,RB,8151,1227,5030
2023,2023-09-07,Christian Watson,WR,8167,1248,4980
2023,2023-09-07,Kyler Murray,QB,5849,379,4911
2023,2023-09-07,Jahan Dotson,WR,8119,1272,4900
2023,2023-09-07,Brandon Aiyuk,WR,6803,538,4891
2023,2023-09-07,Calvin Ridley,WR,4981,293,4850
2023,2023-09-07,Cooper Kupp,WR,4039,310,4845
2023,2023-09-07,Dak Prescott,QB,3294,371,4820
2023,2023-09-07,Zay Flowers,WR,9997,1443,4816
2023,2023-09-07,Rhamondre Stevenson,RB,7611,1036,4747
2023,2023-09-07,D.J. Moore,WR,4983,304,4719
2023,2023-09-07,George Pickens,WR,8137,1279,4719
2023,2023-09-07,Kenny Pickett,QB,8160,1208,4690
2023,2023-09-07,Dalton Kincaid,TE,10236,1428,4629
2023,2023-09-07,Javonte Williams,RB,7588,1033,4554
2023,2023-09-07,Quentin Johnston,WR,9754,1441,4518
2023,2023-09-07,Najee Harris,RB,7528,1031,4466
2023,2023-09-07,Jordan Love,QB,6804,596,4452
2023,2023-09-07,Dameon Pierce,RB,8129,1207,4331
2023,2023-09-07,George Kittle,TE,4217,298,4312
2023,2023-09-07,Deebo Samuel,WR,5872,383,4258
2023,2023-09-07,Jerry Jeudy,WR,6783,545,4225
2023,2023-09-07,Derrick Henry,RB,3198,296,4169
2023,2023-09-07,Dallas Goedert,TE,5022,382,4096
2023,2023-09-07,Terry McLaurin,WR,5927,328,4067
2023,2023-09-07,Jared Goff,QB,3163,388,4061
2023,2023-09-07,Diontae Johnson,WR,5937,,4042
2023,2023-09-07,Darren Waller,TE,2505,349,4028
2023,2023-09-07,Sam LaPorta,TE,10859,1429,4027
2023,2023-09-07,James Cook,RB,8138,1231,4017
2023,2023-09-07,Pat Freiermuth,TE,7600,1053,4016
2023,2023-09-07,Brock Purdy,QB,8183,1214,3994
2023,2023-09-07,Treylon Burks,WR,8135,1269,3984
2023,2023-09-07,J.K. Dobbins,RB,6806,636,3963
2023,2023-09-07,Chris Godwin,WR,4037,299,3962
2023,2023-09-07,Michael Pittman,WR,6819,536,3856
2023,2023-09-07,Zach Charbonnet,RB,9753,1384,3844
2023,2023-09-07,Amari Cooper,WR,2309,,3841
2023,2023-09-07,Joe Mixon,RB,4018,273,3799
2023,2023-09-07,Jameson Williams,WR,8148,1273,3795
2023,2023-09-07,Christian Kirk,WR,4950,221,3790
2023,2023-09-07,Sam Howell,QB,8162,1209,3743
2023,2023-09-07,Rachaad White,RB,8136,1180,3732
2023,2023-09-07,Geno Smith,QB,1373,671,3706
2023,2023-09-07,Kirk Cousins,QB,1166,396,3662
2023,2023-09-07,Alexander Mattison,RB,5987,326,3612
2023,2023-09-07,Miles Sanders,RB,6151,,3606
2023,2023-09-07,Aaron Jones,RB,4199,301,3601
2023,2023-09-07,Marquise Brown,WR,5848,311,3532
2023,2023-09-07,Cam Akers,RB,6938,,3498
2023,2023-09-07,Isiah Pacheco,RB,8205,1266,3496
2023,2023-09-07,Michael Mayer,TE,9482,1427,3444
2023,2023-09-07,Keenan Allen,WR,1479,265,3441
2023,2023-09-07,D'Andre Swift,RB,6790,639,3429
2023,2023-09-07,Aaron Rodgers,QB,96,235,3373
2023,2023-09-07,Skyy Moore,WR,8168,1283,3354
2023,2023-09-07,Marvin Mims,WR,9494,1442,3348
2023,2023-09-07,Evan Engram,TE,4066,229,3304
2023,2023-09-07,Elijah Moore,WR,7596,1012,3284
2023,2023-09-07,Mike Williams,WR,4068,,3268
2023,2023-09-07,Derek Carr,QB,2028,,3267
2023,2023-09-07,De'Von Achane,RB,9226,1398,3240
2023,2023-09-07,Mike Evans,WR,2216,275,3227
2023,2023-09-07,Khalil Herbert,RB,7608,,3218
2023,2023-09-07,David Montgomery,RB,5892,288,3214
2023,2023-09-07,Jonathan Mingo,WR,10225,1450,3177
2023,2023-09-07,Russell Wilson,QB,1234,,3165
2023,2023-09-07,Alvin Kamara,RB,4035,282,3148
2023,2023-09-07,Tank Bigsby,RB,9225,1401,3141
2023,2023-09-07,Brian Robinson,RB,8154,1232,3135
2023,2023-09-07,David Njoku,TE,4033,252,3117
2023,2023-09-07,Tyler Lockett,WR,2374,,3113
2023,2023-09-07,Kendre Miller,RB,9757,1386,3108
2023,2023-09-07,Desmond Ridder,QB,8159,,3064
2023,2023-09-07,Antonio Gibson,RB,6945,,3059
2023,2023-09-07,Luke Musgrave,TE,9481,1430,3052
2023,2023-09-07,Gabriel Davis,WR,6943,533,3018
2023,2023-09-07,Rashod Bateman,WR,7571,1070,3014
2023,2023-09-07,DeAndre Hopkins,WR,1426,,3010
2023,2023-09-07,Mac Jones,QB,7527,1018,2997
2023,2023-09-07,Cole Kmet,TE,6826,569,2947
2023,2023-09-07,Jaylen Warren,RB,8228,1201,2921
2023,2023-09-07,James Conner,RB,4137,268,2895
2023,2023-09-07,AJ Dillon,RB,6828,631,2884
2023,2023-09-07,Greg Dulcich,TE,8172,1256,2875
2023,2023-09-07,Romeo Doubs,WR,8121,1238,2863
2023,2023-09-07,Roschon Johnson,RB,10235,1390,2829
2023,2023-09-07,Chigoziem Okonkwo,TE,8210,1320,2821
2023,2023-09-07,Tyjae Spears,RB,9508,1417,2766
2023,2023-09-07,Jalin Hyatt,WR,9497,1399,2754
2023,2023-09-07,Kadarius Toney,WR,7606,,2711
2023,2023-09-07,Rashee Rice,WR,10229,1447,2695
2023,2023-09-07,Courtland Sutton,WR,5045,226,2686
2023,2023-09-07,Jayden Reed,WR,10222,1419,2661
2023,2023-09-07,Dalvin Cook,RB,4029,,2650
2023,2023-09-07,Nico Collins,WR,7569,1040,2589
2023,2023-09-07,Dalton Schultz,TE,5001,487,2514
2023,2023-09-07,Josh Downs,WR,9500,1440,2505
2023,2023-09-07,Brandin Cooks,WR,2197,,2469
2023,2023-09-07,Jake Ferguson,TE,8110,1258,2468
2023,2023-09-07,Tyler Allgeier,RB,8132,1228,2459
2023,2023-09-07,Isaiah Likely,TE,8131,1257,2444
2023,2023-09-07,Juwan Johnson,TE,7002,575,2385
2023,2023-09-07,Trey McBride,TE,8130,1253,2378
2023,2023-09-07,Wan'Dale Robinson,WR,8126,1274,2362
2023,2023-09-07,John Metchie,WR,8147,1276,2343
2023,2023-09-07,JuJu Smith-Schuster,WR,4040,,2308
2023,2023-09-07,Kenneth Gainwell,RB,7567,1032,2277
2023,2023-09-07,Will Levis,QB,9999,1402,2263
2023,2023-09-07,Darnell Mooney,WR,7090,911,2257
2023,2023-09-07,Alec Pierce,WR,8142,1285,2256
2023,2023-09-07,Elijah Mitchell,RB,7561,1013,2233
2023,2023-09-07,Jamaal Williams,RB,4149,,2205
2023,2023-09-07,Matthew Stafford,QB,421,356,2185
2023,2023-09-07,Tank Dell,WR,9502,1438,2182
2023,2023-09-07,Michael Thomas,WR,3199,,2153
2023,2023-09-07,Jakobi Meyers,WR,5947,13,2135
2023,2023-09-07,Jimmy Garoppolo,QB,1837,,2126
2023,2023-09-07,Rondale Moore,WR,7601,,2100
2023,2023-09-07,Sean Tucker,RB,9506,1400,2061
2023,2023-09-07,Justyn Ross,WR,8140,,2041
2023,2023-09-07,Rashaad Penny,RB,4985,,2036
2023,2023-09-07,Samaje Perine,RB,4147,785,2033
2023,2023-09-07,Dawson Knox,TE,5906,88,2030
2023,2023-09-07,Donovan Peoples-Jones,WR,6824,,2023
2023,2023-09-07,Tyler Higbee,TE,3271,159,2007
2023,2023-09-07,Luke Schoonmaker,TE,10871,1382,2004
2023,2023-09-07,Deuce Vaughn,RB,9505,1391,2001
2023,2023-09-07,Michael Wilson,WR,10232,1421,1991
2023,2023-09-07,Baker Mayfield,QB,4892,215,1931
2023,2023-09-07,Evan Hull,RB,9220,,1931
2023,2023-09-07,Puka Nacua,WR,9493,1426,1919
2023,2023-09-07,Darnell Washington,TE,9479,1431,1916
2023,2023-09-07,Allen Lazard,WR,5185,,1914
2023,2023-09-07,Cedric Tillman,WR,10444,1444,1912
2023,2023-09-07,Tyler Boyd,WR,3225,,1908
2023,2023-09-07,Zay Jones,WR,4080,,1904
2023,2023-09-07,Chase Brown,RB,9224,1396,1893
2023,2023-09-07,Rashid Shaheed,WR,8676,1360,1891
2023,2023-09-07,Trey Lance,QB,7610,1017,1884
2023,2023-09-07,D.J. Chark,WR,4951,,1880
2023,2023-09-07,Michael Gallup,WR,5038,,1867
2023,2023-09-07,Isaiah Hodgins,WR,6920,561,1801
2023,2023-09-07,Zamir White,RB,8139,,1794
2023,2023-09-07,Hendon Hooker,QB,9998,,1791
2023,2023-09-07,Deon Jackson,RB,7551,,1761
2023,2023-09-07,Noah Fant,TE,5857,243,1740
2023,2023-09-07,Jerome Ford,RB,8143,1229,1734
2023,2023-09-07,Dorian Thompson-Robinson,QB,10862,,1715
2023,2023-09-07,Van Jefferson,WR,6853,578,1698
2023,2023-09-07,Odell Beckham,WR,2078,,1675
2023,2023-09-07,Irv Smith,TE,6126,,1665
2023,2023-09-07,Cade Otton,TE,8111,1261,1646
2023,2023-09-07,Daniel Bellinger,TE,8225,1322,1641
2023,2023-09-07,Noah Gray,TE,7828,1059,1636
2023,2023-09-07,Ryan Tannehill,QB,1049,,1631
2023,2023-09-07,Raheem Mostert,RB,2749,,1614
2023,2023-09-07,Josh Palmer,WR,7670,,1586
2023,2023-09-07,Devin Singletary,RB,6130,238,1576
2023,2023-09-07,Zach Evans,RB,9222,,1566
2023,2023-09-07,Chase Claypool,WR,6886,,1564
2023,2023-09-07,Jerick McKinnon,RB,2161,,1544
2023,2023-09-07,Ezekiel Elliott,RB,3164,,1539
2023,2023-09-07,K.J. Osborn,WR,7066,,1534
2023,2023-09-07,Mike Gesicki,TE,4993,330,1534
2023,2023-09-07,Gerald Everett,TE,4089,,1501
2023,2023-09-07,Curtis Samuel,WR,4082,,1496
2023,2023-09-07,Kayshon Boutte,WR,9504,1446,1482
2023,2023-09-07,Hunter Renfrow,WR,5955,,1457
2023,2023-09-07,Trey Palmer,WR,9492,1452,1455
2023,2023-09-07,Hunter Henry,TE,3214,212,1454
2023,2023-09-07,Aidan O'Connell,QB,10866,1412,1435
2023,2023-09-07,Chuba Hubbard,RB,7594,1014,1434
2023,2023-09-07,Adam Thielen,WR,1689,,1427
2023,2023-09-07,Israel Abanikanda,RB,9227,1383,1426
2023,2023-09-07,Tucker Kraft,TE,9484,1418,1424
2023,2023-09-07,Ty Chandler,RB,8230,1182,1416
2023,2023-09-07,Zack Moss,RB,6845,,1413
2023,2023-09-07,Clyde Edwards-Helaire,RB,6820,,1412
2023,2023-09-07,Darius Slayton,WR,6149,77,1410
2023,2023-09-07,Parris Campbell,WR,5880,,1388
2023,2023-09-07,Mecole Hardman,WR,5917,,1385
2023,2023-09-07,Zach Wilson,QB,7538,1016,1375
2023,2023-09-07,Terrace Marshall,WR,7565,,1371
2023,2023-09-07,Chris Evans,RB,7794,,1335
2023,2023-09-07,D'Onta Foreman,RB,4111,,1334
2023,2023-09-07,Kyren Williams,RB,8150,1226,1328
2023,2023-09-07,Keaontay Ingram,RB,8221,,1308
2023,2023-09-07,Marquez Valdes-Scantling,WR,5086,,1287
2023,2023-09-07,Tyler Conklin,TE,5133,489,1283
2023,2023-09-07,Malik Willis,QB,8161,1210,1282
2023,2023-09-07,Calvin Austin III,WR,8125,1262,1281
2023,2023-09-07,Sam Darnold,QB,4943,331,1280
2023,2023-09-07,Jeffery Wilson,RB,5284,,1261
2023,2023-09-07,Xavier Hutchinson,WR,10218,1454,1261
2023,2023-09-07,Isaiah Spiller,RB,8153,,1255
2023,2023-09-07,Tyquan Thornton,WR,8188,1246,1240
2023,2023-09-07,Jelani Woods,TE,8219,,1236
2023,2023-09-07,Zach Ertz,TE,1339,305,1222
2023,2023-09-07,Khalil Shakir,WR,8134,1278,1220
2023,2023-09-07,Stetson Bennett,QB,10857,,1198
2023,2023-09-07,Gus Edwards,RB,5248,,1184
2023,2023-09-07,Greg Dortch,WR,5970,10,1183
2023,2023-09-07,Clayton Tune,QB,10217,,1177
2023,2023-09-07,Kyle Trask,QB,7605,,1145
2023,2023-09-07,A.T. Perry,WR,10863,,1138
2023,2023-09-07,Eric Gray,RB,10223,,1093
2023,2023-09-07,Kareem Hunt,RB,4098,214,1091
2023,2023-09-07,Joshua Kelley,RB,7045,,1078
2023,2023-09-07,Michael Carter,RB,7607,1035,1077
2023,2023-09-07,Jaleel McLaughlin,RB,11439,1486,1069
2023,2023-09-07,Rico Dowdle,RB,7021,555,1061
2023,2023-09-07,Joshua Dobbs,QB,4179,,1057
2023,2023-09-07,Chris Rodriguez,RB,10219,1389,1055
2023,2023-09-07,Jalen Tolbert,WR,8117,1247,1048
2023,2023-09-07,Richie James,WR,5137,,1046
2023,2023-09-07,Pierre Strong Jr.,RB,8116,,1034
2023,2023-09-07,Hayden Hurst,TE,4973,,1031
2023,2023-09-07,Tutu Atwell,WR,7562,1078,1014
2023,2023-09-07,Dyami Brown,WR,7587,1069,996
2023,2023-09-07,Tyler Huntley,QB,7083,618,979
2023,2023-09-07,Demario Douglas,WR,9501,1468,954
2023,2023-09-07,David Bell,WR,8118,1275,942
2023,2023-09-07,DeVante Parker,WR,2319,,940
2023,2023-09-07,Cole Turner,TE,8214,,931
2023,2023-09-07,Kendrick Bourne,WR,4454,153,928
2023,2023-09-07,Tyler Scott,WR,9490,1436,920
2023,2023-09-07,Albert Okwuegbunam,TE,6843,,904
2023,2023-09-07,Brenton Strange,TE,9480,1461,904
2023,2023-09-07,Charlie Jones,WR,10228,,896
2023,2023-09-07,Brevin Jordan,TE,7568,1052,882
2023,2023-09-07,Trayveon Williams,RB,6144,,865
2023,2023-09-07,Gardner Minshew,QB,6011,47,857
2023,2023-09-07,Adam Trautman,TE,6869,,848
2023,2023-09-07,Kenny McIntosh,RB,10216,1385,846
2023,2023-09-07,Jeremy Ruckert,TE,8145,1255,845
2023,2023-09-07,Laviska Shenault,WR,6814,,844
2023,2023-09-07,Robert Woods,WR,1352,,838
2023,2023-09-07,Jordan Mason,RB,8408,1330,829
2023,2023-09-07,Harrison Bryant,TE,6850,752,822
2023,2023-09-07,Ke'Shawn Vaughn,RB,6885,,821
2023,2023-09-07,Davis Mills,QB,7585,1029,819
2023,2023-09-07,Tommy Tremble,TE,7694,1054,818
2023,2023-09-07,Foster Moreau,TE,5985,,812
2023,2023-09-07,Jameis Winston,QB,2306,413,803
2023,2023-09-07,Elijah Higgins,TE,10231,1469,801
2023,2023-09-07,Tyrion Davis-Price,RB,8211,,771
2023,2023-09-07,Rakim Jarrett,WR,9495,,765
2023,2023-09-07,Devin Duvernay,WR,6847,,761
2023,2023-09-07,Brock Wright,TE,7891,1162,758
2023,2023-09-07,Justice Hill,RB,5995,368,754
2023,2023-09-07,Keaton Mitchell,RB,9511,1393,751
2023,2023-09-07,Josh Reynolds,WR,4171,,749
2023,2023-09-07,Kyle Philips,WR,8171,,743
2023,2023-09-07,Jacoby Brissett,QB,3257,20,737
2023,2023-09-07,Jonnu Smith,TE,4144,84,709
2023,2023-09-07,Colby Parkinson,TE,6865,565,702
2023,2023-09-07,Jarrett Stidham,QB,6136,,689
2023,2023-09-07,Taylor Heinicke,QB,2711,,687
2023,2023-09-07,Taysom Hill,TE,4381,,680
2023,2023-09-07,Dontayvion Wicks,WR,9486,1448,679
2023,2023-09-07,Myles Gaskin,RB,5980,,679
2023,2023-09-07,Tre Tucker,WR,10213,1460,673
2023,2023-09-07,Mike White,QB,5089,,670
2023,2023-09-07,Quez Watkins,WR,6927,,667
2023,2023-09-07,Parker Washington,WR,9487,1445,666
2023,2023-09-07,Cordarrelle Patterson,RB,1535,,659
2023,2023-09-07,Bailey Zappe,QB,8157,,655
2023,2023-09-07,Kene Nwangwu,RB,7720,,653
2023,2023-09-07,Chase Edmonds,RB,5000,,652
2023,2023-09-07,Charlie Kolar,TE,8127,1254,646
2023,2023-09-07,Peyton Hendershot,TE,8197,,645
2023,2023-09-07,Jauan Jennings,WR,7049,576,641
2023,2023-09-07,Salvon Ahmed,RB,6918,,635
2023,2023-09-07,Deonte Harty,WR,6234,,630
2023,2023-09-07,DeWayne McBride,RB,9512,,626
2023,2023-09-07,Boston Scott,RB,5122,,622
2023,2023-09-07,Jalen Guyton,WR,6421,,613
2023,2023-09-07,Noah Brown,WR,4234,,610
2023,2023-09-07,Ben Skowronek,WR,7757,,604
2023,2023-09-07,Isaiah McKenzie,WR,4197,,596
2023,2023-09-07,Julius Chestnut,RB,8254,1325,585
2023,2023-09-07,Austin Hooper,TE,3202,,564
2023,2023-09-07,Hassan Haskins,RB,8123,1191,553
2023,2023-09-07,Justin Shorter,WR,9489,,553
2023,2023-09-07,Cedrick Wilson,WR,5113,,545
2023,2023-09-07,DeeJay Dallas,RB,6931,,534
2023,2023-09-07,Drew Lock,QB,5854,33,531
2023,2023-09-07,D'Ernest Johnson,RB,6694,,514
2023,2023-09-07,Deneric Prince,RB,10870,,511
2023,2023-09-07,Nick Westbrook-Ikhine,WR,7496,950,509
2023,2023-09-07,Nyheim Hines,RB,5347,,507
2023,2023-09-07,Donald Parham,TE,6074,,500
2023,2023-09-07,Ihmir Smith-Marsette,WR,7559,,490
2023,2023-09-07,Kylen Granson,TE,7602,,486
2023,2023-09-07,Zonovan Knight,RB,8122,,482
2023,2023-09-07,Olamide Zaccheaus,WR,6271,609,481
2023,2023-09-07,Andrei Iosivas,WR,10226,1422,477
2023,2023-09-07,Equanimeous St. Brown,WR,5323,,474
2023,2023-09-07,Kalif Raymond,WR,3634,822,474
2023,2023-09-07,Jake Haener,QB,10215,,473
2023,2023-09-07,Will Dissly,TE,5010,,473
2023,2023-09-07,Samori Toure,WR,8235,,469
2023,2023-09-07,Braxton Berrios,WR,5121,,468
2023,2023-09-07,Cameron Latu,TE,10210,,467
2023,2023-09-07,KJ Hamler,WR,6805,,457
2023,2023-09-07,Raheem Blackshear,RB,8255,,443
2023,2023-09-07,Eno Benjamin,RB,6951,,440
2023,2023-09-07,Danny Gray,WR,8176,,434
2023,2023-09-07,Jalen Nailor,WR,8180,1245,433
2023,2023-09-07,Tre'Quan Smith,WR,5026,,431
2023,2023-09-07,Marcus Mariota,QB,2307,23,430
2023,2023-09-07,Mitchell Trubisky,QB,3976,,425
2023,2023-09-07,Hunter Long,TE,7535,,423
2023,2023-09-07,Denzel Mims,WR,6849,,411
2023,2023-09-07,Jaren Hall,QB,9231,,411
2023,2023-09-07,Tylan Wallace,WR,7595,,411
2023,2023-09-07,Jason Brownlee,WR,11311,,407
2023,2023-09-07,Anthony Schwartz,WR,7533,,403
2023,2023-09-07,Demarcus Robinson,WR,3286,52,403
2023,2023-09-07,Gary Brightwell,RB,7529,,392
2023,2023-09-07,Malik Davis,RB,8800,1197,392
2023,2023-09-07,Marquez Callaway,WR,6989,,389
2023,2023-09-07,Erik Ezukanma,WR,8114,,382
2023,2023-09-07,Jamal Agnew,WR,4198,,381
2023,2023-09-07,Josh Oliver,TE,5973,,381
2023,2023-09-07,John Bates,TE,7716,,374
2023,2023-09-07,Craig Reynolds,RB,6659,,358
2023,2023-09-07,Scotty Miller,WR,6290,,358
2023,2023-09-07,Mo Alie-Cox,TE,4054,,354
2023,2023-09-07,Trey Sermon,RB,7593,,346
2023,2023-09-07,Drew Sample,TE,6001,,343
2023,2023-09-07,Bryce Ford-Wheaton,WR,9499,,342
2023,2023-09-07,Kevin Harris,RB,8174,,326
2023,2023-09-07,Teagan Quitoriano,TE,8227,,326
2023,2023-09-07,Nelson Agholor,WR,2325,,323
2023,2023-09-07,KaVontae Turpin,WR,8917,1336,322
2023,2023-09-07,James Robinson,RB,6955,,320
2023,2023-09-07,Durham Smythe,TE,5008,,311
2023,2023-09-07,Tyler Johnson,WR,6960,572,292
2023,2023-09-07,Max Duggan,QB,10233,,291
2023,2023-09-07,Tyler Badie,RB,8208,1206,291
2023,2023-09-07,Ian Thomas,TE,4995,,278
2023,2023-09-07,Jaelon Darden,WR,7713,,261
2023,2023-09-07,Lil'Jordan Humphrey,WR,5938,177,258
2023,2023-09-07,Ty Johnson,RB,6039,6,251
2023,2023-09-07,Trenton Irwin,WR,6598,,187
2023,2023-09-07,David Moore,WR,4274,,151
2023,2023-09-07,Tim Patrick,WR,4351,,1
2023,2023-09-07,Andrew Ogletree,TE,8489,,0
2023,2023-09-07,Bo Melton,WR,8204,1244,0
2023,2023-09-07,Brandon Powell,WR,5695,,0
2023,2023-09-07,Chris Brooks,RB,11370,1490,0
2023,2023-09-07,Davis Allen,TE,10214,1434,0
2023,2023-09-07,Derius Davis,WR,10234,1473,0
2023,2023-09-07,Deven Thompkins,WR,8253,,0
2023,2023-09-07,Emanuel Wilson,RB,11435,1515,0
2023,2023-09-07,Emari Demercado,RB,11199,1481,0
2023,2023-09-07,Grant Calcaterra,TE,8177,1263,0
2023,2023-09-07,Jake Bobo,WR,10867,1488,0
2023,2023-09-07,Jake Browning,QB,6111,,0
2023,2023-09-07,Jake Tonges,TE,8698,1356,0
2023,2023-09-07,Joe Flacco,QB,19,722,0
2023,2023-09-07,Justin Watson,WR,5374,,0
2023,2023-09-07,Malik Cunningham,WR,10860,,0
2023,2023-09-07,Malik Heath,WR,11210,1502,0
2023,2023-09-07,Mason Rudolph,QB,4972,110,0
2023,2023-09-07,Nick Mullens,QB,4464,,0
2023,2023-09-07,Ronnie Bell,WR,10221,,0
2023,2023-09-07,Ronnie Rivers,RB,8195,,0
2023,2023-09-07,Tanner Hudson,TE,5409,,0
2023,2023-09-07,Tommy DeVito,QB,11292,,0
2023,2023-09-07,Tyrod Taylor,QB,827,647,0
2023,2023-09-07,Tyson Bagent,QB,11256,1478,0
2023,2023-09-07,Xavier Gipson,WR,11306,1504,0
2024,2024-09-05,Patrick Mahomes,QB,4046,272,9992
2024,2024-09-05,Josh Allen,QB,4984,365,9975
2024,2024-09-05,CeeDee Lamb,WR,6786,546,9796
2024,2024-09-05,Justin Jefferson,WR,6794,542,9449
2024,2024-09-05,C.J. Stroud,QB,9758,1403,9304
2024,2024-09-05,Amon-Ra St. Brown,WR,7547,1010,8857
2024,2024-09-05,Bijan Robinson,RB,9509,1414,8695
2024,2024-09-05,Lamar Jackson,QB,4881,372,8641
2024,2024-09-05,Jalen Hurts,QB,6904,595,8621
2024,2024-09-05,Ja'Marr Chase,WR,7564,1004,8538
2024,2024-09-05,Marvin Harrison Jr.,WR,11628,1585,8293
2024,2024-09-05,Breece Hall,RB,8155,1224,8273
2024,2024-09-05,Caleb Williams,QB,11560,1550,8226
2024,2024-09-05,Sam LaPorta,TE,10859,1429,7603
2024,2024-09-05,Joe Burrow,QB,6770,601,7517
2024,2024-09-05,Jordan Love,QB,6804,596,7370
2024,2024-09-05,Jahmyr Gibbs,RB,9221,1415,7319
2024,2024-09-05,Garrett Wilson,WR,8146,1270,7302
2024,2024-09-05,Christian McCaffrey,RB,4034,283,7268
2024,2024-09-05,Anthony Richardson,QB,9229,1405,7220
2024,2024-09-05,Puka Nacua,WR,9493,1426,6957
2024,2024-09-05,Kyler Murray,QB,5849,379,6875
2024,2024-09-05,A.J. Brown,WR,5859,217,6867
2024,2024-09-05,Jayden Daniels,QB,11566,1552,6852
2024,2024-09-05,Malik Nabers,WR,11632,1586,6844
2024,2024-09-05,Tyreek Hill,WR,3321,286,6738
2024,2024-09-05,Justin Herbert,QB,6797,599,6485
2024,2024-09-05,Trey McBride,TE,8130,1253,6233
2024,2024-09-05,Drake London,WR,8112,1268,6088
2024,2024-09-05,Jonathan Taylor,RB,6813,634,6050
2024,2024-09-05,Jaylen Waddle,WR,7526,1007,5988
2024,2024-09-05,Dalton Kincaid,TE,10236,1428,5985
2024,2024-09-05,Trevor Lawrence,QB,7523,1094,5963
2024,2024-09-05,De'Von Achane,RB,9226,1398,5905
2024,2024-09-05,Chris Olave,WR,8144,1271,5834
2024,2024-09-05,Brandon Aiyuk,WR,6803,538,5809
2024,2024-09-05,Nico Collins,WR,7569,1040,5769
2024,2024-09-05,Brock Bowers,TE,11604,1612,5765
2024,2024-09-05,Rome Odunze,WR,11620,1587,5687
2024,2024-09-05,DeVonta Smith,WR,7525,1005,5679
2024,2024-09-05,Brock Purdy,QB,8183,1214,5541
2024,2024-09-05,Travis Etienne,RB,7543,1030,5470
2024,2024-09-05,Dak Prescott,QB,3294,371,5387
2024,2024-09-05,Kyle Pitts,TE,7553,1051,5348
2024,2024-09-05,Tua Tagovailoa,QB,6768,600,5303
2024,2024-09-05,D.J. Moore,WR,4983,304,5270
2024,2024-09-05,DK Metcalf,WR,5846,224,5224
2024,2024-09-05,Saquon Barkley,RB,4866,1,5152
2024,2024-09-05,Kyren Williams,RB,8150,1226,5142
2024,2024-09-05,Tank Dell,WR,9502,1438,5118
2024,2024-09-05,Kenneth Walker III,RB,8151,1227,5112
2024,2024-09-05,Isiah Pacheco,RB,8205,1266,4963
2024,2024-09-05,Mark Andrews,TE,5012,366,4957
2024,2024-09-05,Rashee Rice,WR,10229,1447,4934
2024,2024-09-05,Drake Maye,QB,11564,1551,4904
2024,2024-09-05,Michael Pittman,WR,6819,536,4893
2024,2024-09-05,Brian Thomas Jr.,WR,11631,1589,4838
2024,2024-09-05,Jared Goff,QB,3163,388,4836
2024,2024-09-05,Tee Higgins,WR,6801,543,4775
2024,2024-09-05,Xavier Worthy,WR,11624,1591,4745
2024,2024-09-05,Jaxon Smith-Njigba,WR,9488,1437,4717
2024,2024-09-05,Zay Flowers,WR,9997,1443,4707
2024,2024-09-05,James Cook,RB,8138,1231,4694
2024,2024-09-05,Jonathon Brooks,RB,11583,1568,4694
2024,2024-09-05,George Pickens,WR,8137,1279,4650
2024,2024-09-05,Deebo Samuel,WR,5872,383,4566
2024,2024-09-05,Travis Kelce,TE,1466,264,4498
2024,2024-09-05,Bo Nix,QB,11563,1553,4478
2024,2024-09-05,T.J. Hockenson,TE,5844,247,4433
2024,2024-09-05,Josh Jacobs,RB,5850,303,4407
2024,2024-09-05,J.J. McCarthy,QB,11565,1555,4382
2024,2024-09-05,Jordan Addison,WR,9756,1420,4107
2024,2024-09-05,Ladd McConkey,WR,11635,1598,4092
2024,2024-09-05,Jayden Reed,WR,10222,1419,4082
2024,2024-09-05,Cooper Kupp,WR,4039,310,4080
2024,2024-09-05,Rachaad White,RB,8136,1180,4070
2024,2024-09-05,Keon Coleman,WR,11637,1588,3969
2024,2024-09-05,Davante Adams,WR,2133,277,3960
2024,2024-09-05,Bryce Young,QB,9228,1456,3952
2024,2024-09-05,Mike Evans,WR,2216,275,3943
2024,2024-09-05,George Kittle,TE,4217,298,3906
2024,2024-09-05,Michael Penix Jr.,QB,11559,1554,3831
2024,2024-09-05,Terry McLaurin,WR,5927,328,3788
2024,2024-09-05,Will Levis,QB,9999,1402,3784
2024,2024-09-05,Evan Engram,TE,4066,229,3738
2024,2024-09-05,Jake Ferguson,TE,8110,1258,3738
2024,2024-09-05,Derrick Henry,RB,3198,296,3719
2024,2024-09-05,Trey Benson,RB,11589,1565,3653
2024,2024-09-05,David Njoku,TE,4033,252,3597
2024,2024-09-05,Amari Cooper,WR,2309,,3453
2024,2024-09-05,Christian Watson,WR,8167,1248,3408
2024,2024-09-05,Tyjae Spears,RB,9508,1417,3406
2024,2024-09-05,Baker Mayfield,QB,4892,215,3403
2024,2024-09-05,Christian Kirk,WR,4950,221,3402
2024,2024-09-05,Chris Godwin,WR,4037,299,3382
2024,2024-09-05,D'Andre Swift,RB,6790,639,3377
2024,2024-09-05,Joe Mixon,RB,4018,273,3343
2024,2024-09-05,Javonte Williams,RB,7588,1033,3341
2024,2024-09-05,Adonai Mitchell,WR,11625,1597,3339
2024,2024-09-05,Rhamondre Stevenson,RB,7611,1036,3337
2024,2024-09-05,Calvin Ridley,WR,4981,293,3317
2024,2024-09-05,Alvin Kamara,RB,4035,282,3309
2024,2024-09-05,Ben Sinnott,TE,11596,1615,3307
2024,2024-09-05,Stefon Diggs,WR,2449,262,3285
2024,2024-09-05,David Montgomery,RB,5892,288,3284
2024,2024-09-05,Kirk Cousins,QB,1166,396,3274
2024,2024-09-05,Diontae Johnson,WR,5937,,3246
2024,2024-09-05,Blake Corum,RB,11586,1564,3244
2024,2024-09-05,Jameson Williams,WR,8148,1273,3241
2024,2024-09-05,Najee Harris,RB,7528,1031,3236
2024,2024-09-05,Zamir White,RB,8139,,3218
2024,2024-09-05,Brian Robinson,RB,8154,1232,3216
2024,2024-09-05,Romeo Doubs,WR,8121,1238,3170
2024,2024-09-05,Jaylen Warren,RB,8228,1201,3161
2024,2024-09-05,Ja'Lynn Polk,WR,11619,1602,3142
2024,2024-09-05,Chase Brown,RB,9224,1396,3117
2024,2024-09-05,Xavier Legette,WR,11626,1610,3103
2024,2024-09-05,Matthew Stafford,QB,421,356,3099
2024,2024-09-05,Jerome Ford,RB,8143,1229,3095
2024,2024-09-05,James Conner,RB,4137,268,3093
2024,2024-09-05,Jaylen Wright,RB,11643,1581,3086
2024,2024-09-05,Deshaun Watson,QB,4017,261,3055
2024,2024-09-05,Pat Freiermuth,TE,7600,1053,3019
2024,2024-09-05,Luke Musgrave,TE,9481,1430,3008
2024,2024-09-05,Isaiah Likely,TE,8131,1257,2998
2024,2024-09-05,Tony Pollard,RB,5967,344,2997
2024,2024-09-05,Cole Kmet,TE,6826,569,2958
2024,2024-09-05,Khalil Shakir,WR,8134,1278,2948
2024,2024-09-05,Dontayvion Wicks,WR,9486,1448,2945
2024,2024-09-05,Aaron Jones,RB,4199,301,2917
2024,2024-09-05,Marquise Brown,WR,5848,311,2909
2024,2024-09-05,Dalton Schultz,TE,5001,487,2908
2024,2024-09-05,Dallas Goedert,TE,5022,382,2907
2024,2024-09-05,Josh Downs,WR,9500,1440,2904
2024,2024-09-05,Ricky Pearsall,WR,11638,1593,2848
2024,2024-09-05,Zach Charbonnet,RB,9753,1384,2839
2024,2024-09-05,MarShawn Lloyd,RB,11581,1575,2814
2024,2024-09-05,Keenan Allen,WR,1479,265,2788
2024,2024-09-05,Courtland Sutton,WR,5045,226,2773
2024,2024-09-05,Josh Palmer,WR,7670,,2701
2024,2024-09-05,Justin Fields,QB,7591,1015,2688
2024,2024-09-05,Zack Moss,RB,6845,,2681
2024,2024-09-05,Raheem Mostert,RB,2749,,2675
2024,2024-09-05,Geno Smith,QB,1373,671,2672
2024,2024-09-05,Jalen McMillan,WR,11618,1599,2655
2024,2024-09-05,Jermaine Burton,WR,11640,,2613
2024,2024-09-05,Braelon Allen,RB,11576,1567,2591
2024,2024-09-05,Nick Chubb,RB,4988,,2579
2024,2024-09-05,Devin Singletary,RB,6130,238,2576
2024,2024-09-05,Jerry Jeudy,WR,6783,545,2569
2024,2024-09-05,Michael Mayer,TE,9482,1427,2565
2024,2024-09-05,Bucky Irving,RB,11584,1569,2561
2024,2024-09-05,Rashid Shaheed,WR,8676,1360,2554
2024,2024-09-05,Jaleel McLaughlin,RB,11439,1486,2551
2024,2024-09-05,Rico Dowdle,RB,7021,555,2536
2024,2024-09-05,Aaron Rodgers,QB,96,235,2534
2024,2024-09-05,Michael Wilson,WR,10232,1421,2522
2024,2024-09-05,Roman Wilson,WR,11630,1600,2499
2024,2024-09-05,Jakobi Meyers,WR,5947,13,2494
2024,2024-09-05,Tyler Allgeier,RB,8132,1228,2460
2024,2024-09-05,Demario Douglas,WR,9501,1468,2446
2024,2024-09-05,Luke McCaffrey,WR,11650,1606,2438
2024,2024-09-05,Daniel Jones,QB,5870,87,2424
2024,2024-09-05,Greg Dulcich,TE,8172,1256,2405
2024,2024-09-05,Cade Otton,TE,8111,1261,2397
2024,2024-09-05,Tucker Kraft,TE,9484,1418,2396
2024,2024-09-05,Ja'Tavion Sanders,TE,11600,1614,2392
2024,2024-09-05,Chuba Hubbard,RB,7594,1014,2391
2024,2024-09-05,Javon Baker,WR,11645,1608,2384
2024,2024-09-05,Keaton Mitchell,RB,9511,1393,2380
2024,2024-09-05,Curtis Samuel,WR,4082,,2377
2024,2024-09-05,DeAndre Hopkins,WR,1426,,2364
2024,2024-09-05,Gus Edwards,RB,5248,,2362
2024,2024-09-05,Ray Davis,RB,11575,1574,2320
2024,2024-09-05,Sam Darnold,QB,4943,331,2317
2024,2024-09-05,J.K. Dobbins,RB,6806,636,2312
2024,2024-09-05,Gardner Minshew,QB,6011,47,2300
2024,2024-09-05,Gabriel Davis,WR,6943,533,2294
2024,2024-09-05,Troy Franklin,WR,11627,1590,2287
2024,2024-09-05,Marvin Mims,WR,9494,1442,2275
2024,2024-09-05,Audric Estime,RB,11579,1566,2262
2024,2024-09-05,Jordan Mason,RB,8408,1330,2217
2024,2024-09-05,Derek Carr,QB,2028,,2212
2024,2024-09-05,Malachi Corley,WR,11617,1607,2168
2024,2024-09-05,Austin Ekeler,RB,4663,,2166
2024,2024-09-05,Darnell Mooney,WR,7090,911,2151
2024,2024-09-05,Theo Johnson,TE,11597,1620,2127
2024,2024-09-05,Tyler Lockett,WR,2374,,2078
2024,2024-09-05,Kendre Miller,RB,9757,1386,2074
2024,2024-09-05,Spencer Rattler,QB,11562,1557,2069
2024,2024-09-05,Quentin Johnston,WR,9754,1441,2059
2024,2024-09-05,Rashod Bateman,WR,7571,1070,2056
2024,2024-09-05,Chigoziem Okonkwo,TE,8210,1320,2053
2024,2024-09-05,Jahan Dotson,WR,8119,1272,2048
2024,2024-09-05,Russell Wilson,QB,1234,,2048
2024,2024-09-05,Wan'Dale Robinson,WR,8126,1274,2047
2024,2024-09-05,Ty Chandler,RB,8230,1182,2005
2024,2024-09-05,Tank Bigsby,RB,9225,1401,2003
2024,2024-09-05,Khalil Herbert,RB,7608,,1999
2024,2024-09-05,Roschon Johnson,RB,10235,1390,1994
2024,2024-09-05,Noah Fant,TE,5857,243,1981
2024,2024-09-05,Mike Williams,WR,4068,,1941
2024,2024-09-05,Andrei Iosivas,WR,10226,1422,1914
2024,2024-09-05,Malik Washington,WR,11610,1623,1890
2024,2024-09-05,Dawson Knox,TE,5906,88,1872
2024,2024-09-05,Dyami Brown,WR,7587,1069,1867
2024,2024-09-05,Hunter Henry,TE,3214,212,1857
2024,2024-09-05,Sam Howell,QB,8162,1209,1853
2024,2024-09-05,Colby Parkinson,TE,6865,565,1831
2024,2024-09-05,Greg Dortch,WR,5970,10,1821
2024,2024-09-05,Will Shipley,RB,11577,1572,1821
2024,2024-09-05,Jalin Hyatt,WR,9497,1399,1789
2024,2024-09-05,Antonio Gibson,RB,6945,,1786
2024,2024-09-05,Cade Stover,TE,11599,1613,1780
2024,2024-09-05,Tyler Conklin,TE,5133,489,1775
2024,2024-09-05,Brandin Cooks,WR,2197,,1774
2024,2024-09-05,Jonnu Smith,TE,4144,84,1744
2024,2024-09-05,Juwan Johnson,TE,7002,575,1744
2024,2024-09-05,Jonathan Mingo,WR,10225,1450,1727
2024,2024-09-05,Daniel Bellinger,TE,8225,1322,1721
2024,2024-09-05,Jalen Tolbert,WR,8117,1247,1679
2024,2024-09-05,Jared Wiley,TE,11595,1619,1677
2024,2024-09-05,Erick All,TE,11592,1616,1641
2024,2024-09-05,Mike Gesicki,TE,4993,330,1641
2024,2024-09-05,Taysom Hill,TE,4381,,1618
2024,2024-09-05,Trey Palmer,WR,9492,1452,1616
2024,2024-09-05,Brenden Rice,WR,11621,1594,1612
2024,2024-09-05,Elijah Moore,WR,7596,1012,1591
2024,2024-09-05,John Metchie,WR,8147,1276,1585
2024,2024-09-05,Tre Tucker,WR,10213,1460,1579
2024,2024-09-05,Adam Thielen,WR,1689,,1577
2024,2024-09-05,Devontez Walker,WR,11629,1592,1577
2024,2024-09-05,Aidan O'Connell,QB,10866,1412,1573
2024,2024-09-05,Darnell Washington,TE,9479,1431,1573
2024,2024-09-05,Jacoby Brissett,QB,3257,20,1553
2024,2024-09-05,Alec Pierce,WR,8142,1285,1551
2024,2024-09-05,Treylon Burks,WR,8135,1269,1545
2024,2024-09-05,Dameon Pierce,RB,8129,1207,1530
2024,2024-09-05,Tyler Boyd,WR,3225,,1522
2024,2024-09-05,Luke Schoonmaker,TE,10871,1382,1520
2024,2024-09-05,Noah Gray,TE,7828,1059,1518
2024,2024-09-05,Justice Hill,RB,5995,368,1503
2024,2024-09-05,Ezekiel Elliott,RB,3164,,1490
2024,2024-09-05,D.J. Chark,WR,4951,,1485
2024,2024-09-05,Emanuel Wilson,RB,11435,1515,1457
2024,2024-09-05,Cam Akers,RB,6938,,1456
2024,2024-09-05,Tyler Higbee,TE,3271,159,1448
2024,2024-09-05,Parker Washington,WR,9487,1445,1447
2024,2024-09-05,Eric Gray,RB,10223,,1445
2024,2024-09-05,Hendon Hooker,QB,9998,,1438
2024,2024-09-05,A.T. Perry,WR,10863,,1432
2024,2024-09-05,Trey Sermon,RB,7593,,1417
2024,2024-09-05,Alexander Mattison,RB,5987,326,1393
2024,2024-09-05,Jauan Jennings,WR,7049,576,1378
2024,2024-09-05,Demarcus Robinson,WR,3286,52,1370
2024,2024-09-05,Zach Ertz,TE,1339,305,1363
2024,2024-09-05,Rondale Moore,WR,7601,,1349
2024,2024-09-05,Xavier Gipson,WR,11306,1504,1348
2024,2024-09-05,Tutu Atwell,WR,7562,1078,1342
2024,2024-09-05,Kenneth Gainwell,RB,7567,1032,1340
2024,2024-09-05,Cedric Tillman,WR,10444,1444,1316
2024,2024-09-05,Jalen Nailor,WR,8180,1245,1312
2024,2024-09-05,Brevin Jordan,TE,7568,1052,1298
2024,2024-09-05,Deuce Vaughn,RB,9505,1391,1289
2024,2024-09-05,Jameis Winston,QB,2306,413,1278
2024,2024-09-05,Pierre Strong Jr.,RB,8116,,1264
2024,2024-09-05,Calvin Austin III,WR,8125,1262,1260
2024,2024-09-05,Josh Reynolds,WR,4171,,1251
2024,2024-09-05,Tyquan Thornton,WR,8188,1246,1250
2024,2024-09-05,Bo Melton,WR,8204,1244,1245
2024,2024-09-05,Davis Allen,TE,10214,1434,1240
2024,2024-09-05,Kendrick Bourne,WR,4454,153,1235
2024,2024-09-05,Sean Tucker,RB,9506,1400,1229
2024,2024-09-05,Joe Milton,QB,11557,1556,1219
2024,2024-09-05,Jordan Travis,QB,11567,,1201
2024,2024-09-05,K.J. Osborn,WR,7066,,1200
2024,2024-09-05,Zay Jones,WR,4080,,1200
2024,2024-09-05,Samaje Perine,RB,4147,785,1189
2024,2024-09-05,Johnny Wilson,WR,11636,1596,1179
2024,2024-09-05,Darius Slayton,WR,6149,77,1176
2024,2024-09-05,Tommy Tremble,TE,7694,1054,1154
2024,2024-09-05,Jeremy Ruckert,TE,8145,1255,1120
2024,2024-09-05,Noah Brown,WR,4234,,1115
2024,2024-09-05,Israel Abanikanda,RB,9227,1383,1114
2024,2024-09-05,Frank Gore Jr.,RB,11573,1570,1110
2024,2024-09-05,Xavier Hutchinson,WR,10218,1454,1105
2024,2024-09-05,Brenton Strange,TE,9480,1461,1101
2024,2024-09-05,Elijah Mitchell,RB,7561,1013,1092
2024,2024-09-05,Dorian Thompson-Robinson,QB,10862,,1079
2024,2024-09-05,Jamaal Williams,RB,4149,,1076
2024,2024-09-05,AJ Barner,TE,11603,1629,1058
2024,2024-09-05,Jake Browning,QB,6111,,1056
2024,2024-09-05,Miles Sanders,RB,6151,,1052
2024,2024-09-05,Jase McClellan,RB,11590,,1038
2024,2024-09-05,Olamide Zaccheaus,WR,6271,609,1024
2024,2024-09-05,Kylen Granson,TE,7602,,1010
2024,2024-09-05,David Bell,WR,8118,1275,1004
2024,2024-09-05,Gerald Everett,TE,4089,,998
2024,2024-09-05,Jelani Woods,TE,8219,,996
2024,2024-09-05,Van Jefferson,WR,6853,578,996
2024,2024-09-05,Clyde Edwards-Helaire,RB,6820,,995
2024,2024-09-05,Elijah Higgins,TE,10231,1469,995
2024,2024-09-05,Chris Evans,RB,7794,,983
2024,2024-09-05,Emari Demercado,RB,11199,1481,973
2024,2024-09-05,Kayshon Boutte,WR,9504,1446,968
2024,2024-09-05,Trey Lance,QB,7610,1017,963
2024,2024-09-05,Drew Lock,QB,5854,33,958
2024,2024-09-05,Brock Wright,TE,7891,1162,956
2024,2024-09-05,Mecole Hardman,WR,5917,,947
2024,2024-09-05,Mac Jones,QB,7527,1018,941
2024,2024-09-05,Malik Willis,QB,8161,1210,934
2024,2024-09-05,Hayden Hurst,TE,4973,,921
2024,2024-09-05,AJ Dillon,RB,6828,631,917
2024,2024-09-05,Ty Johnson,RB,6039,6,912
2024,2024-09-05,D'Onta Foreman,RB,4111,,894
2024,2024-09-05,Jake Bobo,WR,10867,1488,893
2024,2024-09-05,Skyy Moore,WR,8168,1283,888
2024,2024-09-05,Zach Wilson,QB,7538,1016,869
2024,2024-09-05,Kenny McIntosh,RB,10216,1385,853
2024,2024-09-05,Allen Lazard,WR,5185,,845
2024,2024-09-05,Will Dissly,TE,5010,,839
2024,2024-09-05,Joshua Dobbs,QB,4179,,838
2024,2024-09-05,Kenny Pickett,QB,8160,1208,831
2024,2024-09-05,Kalif Raymond,WR,3634,822,830
2024,2024-09-05,Derius Davis,WR,10234,1473,827
2024,2024-09-05,Tyson Bagent,QB,11256,1478,827
2024,2024-09-05,Jarrett Stidham,QB,6136,,825
2024,2024-09-05,Ronnie Bell,WR,10221,,815
2024,2024-09-05,Stetson Bennett,QB,10857,,807
2024,2024-09-05,Harrison Bryant,TE,6850,752,801
2024,2024-09-05,Justin Watson,WR,5374,,800
2024,2024-09-05,Marquez Valdes-Scantling,WR,5086,,793
2024,2024-09-05,Charlie Jones,WR,10228,,791
2024,2024-09-05,Odell Beckham,WR,2078,,775
2024,2024-09-05,Devin Duvernay,WR,6847,,773
2024,2024-09-05,Tim Patrick,WR,4351,,758
2024,2024-09-05,Hassan Haskins,RB,8123,1191,752
2024,2024-09-05,Cedrick Wilson,WR,5113,,746
2024,2024-09-05,Tyler Huntley,QB,7083,618,744
2024,2024-09-05,Tyler Scott,WR,9490,1436,743
2024,2024-09-05,Adam Trautman,TE,6869,,739
2024,2024-09-05,Rakim Jarrett,WR,9495,,736
2024,2024-09-05,Chris Rodriguez,RB,10219,1389,732
2024,2024-09-05,Dalvin Cook,RB,4029,,724
2024,2024-09-05,Peyton Hendershot,TE,8197,,714
2024,2024-09-05,JuJu Smith-Schuster,WR,4040,,705
2024,2024-09-05,Donovan Peoples-Jones,WR,6824,,702
2024,2024-09-05,Laviska Shenault,WR,6814,,680
2024,2024-09-05,Trayveon Williams,RB,6144,,680
2024,2024-09-05,Terrace Marshall,WR,7565,,678
2024,2024-09-05,Evan Hull,RB,9220,,672
2024,2024-09-05,Zach Evans,RB,9222,,659
2024,2024-09-05,Craig Reynolds,RB,6659,,652
2024,2024-09-05,Michael Carter,RB,7607,1035,651
2024,2024-09-05,Tyler Johnson,WR,6960,572,649
2024,2024-09-05,Cordarrelle Patterson,RB,1535,,642
2024,2024-09-05,Chase Edmonds,RB,5000,,640
2024,2024-09-05,Brandon Powell,WR,5695,,638
2024,2024-09-05,Joe Flacco,QB,19,722,634
2024,2024-09-05,Isaiah Hodgins,WR,6920,561,631
2024,2024-09-05,KJ Hamler,WR,6805,,630
2024,2024-09-05,Jeffery Wilson,RB,5284,,627
2024,2024-09-05,Malik Heath,WR,11210,1502,627
2024,2024-09-05,Tylan Wallace,WR,7595,,619
2024,2024-09-05,Foster Moreau,TE,5985,,613
2024,2024-09-05,D'Ernest Johnson,RB,6694,,604
2024,2024-09-05,Nyheim Hines,RB,5347,,604
2024,2024-09-05,Isaiah Spiller,RB,8153,,583
2024,2024-09-05,Nick Mullens,QB,4464,,578
2024,2024-09-05,Albert Okwuegbunam,TE,6843,,575
2024,2024-09-05,Josh Oliver,TE,5973,,566
2024,2024-09-05,Ronnie Rivers,RB,8195,,565
2024,2024-09-05,Nick Westbrook-Ikhine,WR,7496,950,563
2024,2024-09-05,Kyle Trask,QB,7605,,558
2024,2024-09-05,Keaontay Ingram,RB,8221,,552
2024,2024-09-05,Braxton Berrios,WR,5121,,547
2024,2024-09-05,Tyrion Davis-Price,RB,8211,,546
2024,2024-09-05,Anthony Schwartz,WR,7533,,545
2024,2024-09-05,Trenton Irwin,WR,6598,,536
2024,2024-09-05,Davis Mills,QB,7585,1029,532
2024,2024-09-05,Tyrod Taylor,QB,827,647,525
2024,2024-09-05,Charlie Kolar,TE,8127,1254,516
2024,2024-09-05,Darren Waller,TE,2505,349,516
2024,2024-09-05,Austin Hooper,TE,3202,,507
2024,2024-09-05,Cole Turner,TE,8214,,506
2024,2024-09-05,Kene Nwangwu,RB,7720,,506
2024,2024-09-05,Deonte Harty,WR,6234,,501
2024,2024-09-05,Julius Chestnut,RB,8254,1325,495
2024,2024-09-05,DeeJay Dallas,RB,6931,,493
2024,2024-09-05,Kyle Philips,WR,8171,,493
2024,2024-09-05,Drew Sample,TE,6001,,488
2024,2024-09-05,Justin Shorter,WR,9489,,486
2024,2024-09-05,Denzel Mims,WR,6849,,462
2024,2024-09-05,Jason Brownlee,WR,11311,,462
2024,2024-09-05,Kevin Harris,RB,8174,,461
2024,2024-09-05,Malik Davis,RB,8800,1197,453
2024,2024-09-05,Deneric Prince,RB,10870,,452
2024,2024-09-05,Andrew Ogletree,TE,8489,,442
2024,2024-09-05,Irv Smith,TE,6126,,442
2024,2024-09-05,Parris Campbell,WR,5880,,440
2024,2024-09-05,DeWayne McBride,RB,9512,,434
2024,2024-09-05,Ian Thomas,TE,4995,,425
2024,2024-09-05,Tre'Quan Smith,WR,5026,,423
2024,2024-09-05,Jalen Guyton,WR,6421,,420
2024,2024-09-05,Mo Alie-Cox,TE,4054,,411
2024,2024-09-05,Quez Watkins,WR,6927,,401
2024,2024-09-05,Justyn Ross,WR,8140,,395
2024,2024-09-05,Malik Cunningham,WR,10860,,393
2024,2024-09-05,Donald Parham,TE,6074,,381
2024,2024-09-05,Scotty Miller,WR,6290,,373
2024,2024-09-05,KaVontae Turpin,WR,8917,1336,371
2024,2024-09-05,Cameron Latu,TE,10210,,367
2024,2024-09-05,Ihmir Smith-Marsette,WR,7559,,359
2024,2024-09-05,David Moore,WR,4274,,356
2024,2024-09-05,Jimmy Garoppolo,QB,1837,,346
2024,2024-09-05,Isaiah McKenzie,WR,4197,,338
2024,2024-09-05,Desmond Ridder,QB,8159,,329
2024,2024-09-05,Zonovan Knight,RB,8122,,316
2024,2024-09-05,Chris Brooks,RB,11370,1490,311
2024,2024-09-05,Kadarius Toney,WR,7606,,294
2024,2024-09-05,Equanimeous St. Brown,WR,5323,,255
2024,2024-09-05,Lil'Jordan Humphrey,WR,5938,177,253
2024,2024-09-05,Ben Skowronek,WR,7757,,240
2024,2024-09-05,Tyler Badie,RB,8208,1206,236
2024,2024-09-05,Nelson Agholor,WR,2325,,227
2024,2024-09-05,Mason Rudolph,QB,4972,110,216
2024,2024-09-05,John Bates,TE,7716,,215
2024,2024-09-05,Marcus Mariota,QB,2307,23,213
2024,2024-09-05,Joshua Kelley,RB,7045,,199
2024,2024-09-05,Clayton Tune,QB,10217,,192
2024,2024-09-05,Grant Calcaterra,TE,8177,1263,0
2024,2024-09-05,Jake Tonges,TE,8698,1356,0
2025,2025-09-04,Ja'Marr Chase,WR,7564,1004,9999
2025,2025-09-04,Josh Allen,QB,4984,365,9992
2025,2025-09-04,Jayden Daniels,QB,11566,1552,9891
2025,2025-09-04,Lamar Jackson,QB,4881,372,9792
2025,2025-09-04,Brock Bowers,TE,11604,1612,9094
2025,2025-09-04,Justin Jefferson,WR,6794,542,9072
2025,2025-09-04,Bijan Robinson,RB,9509,1414,8997
2025,2025-09-04,Jahmyr Gibbs,RB,9221,1415,8736
2025,2025-09-04,Malik Nabers,WR,11632,1586,8671
2025,2025-09-04,CeeDee Lamb,WR,6786,546,8291
2025,2025-09-04,Joe Burrow,QB,6770,601,8281
2025,2025-09-04,Jalen Hurts,QB,6904,595,7677
2025,2025-09-04,Brian Thomas Jr.,WR,11631,1589,7673
2025,2025-09-04,Amon-Ra St. Brown,WR,7547,1010,7362
2025,2025-09-04,Trey McBride,TE,8130,1253,7315
2025,2025-09-04,Puka Nacua,WR,9493,1426,7186
2025,2025-09-04,Drake London,WR,8112,1268,6784
2025,2025-09-04,Nico Collins,WR,7569,1040,6652
2025,2025-09-04,Patrick Mahomes,QB,4046,272,6463
2025,2025-09-04,Bo Nix,QB,11563,1553,6423
2025,2025-09-04,Saquon Barkley,RB,4866,1,6422
2025,2025-09-04,Drake Maye,QB,11564,1551,6415
2025,2025-09-04,Jaxon Smith-Njigba,WR,9488,1437,6397
2025,2025-09-04,Ladd McConkey,WR,11635,1598,6391
2025,2025-09-04,Justin Herbert,QB,6797,599,6281
2025,2025-09-04,Marvin Harrison Jr.,WR,11628,1585,6278
2025,2025-09-04,De'Von Achane,RB,9226,1398,6247
2025,2025-09-04,C.J. Stroud,QB,9758,1403,6211
2025,2025-09-04,Bucky Irving,RB,11584,1569,6088
2025,2025-09-04,Caleb Williams,QB,11560,1550,5965
2025,2025-09-04,A.J. Brown,WR,5859,217,5791
2025,2025-09-04,Jordan Love,QB,6804,596,5786
2025,2025-09-04,Garrett Wilson,WR,8146,1270,5761
2025,2025-09-04,Tyler Warren,TE,12518,1802,5734
2025,2025-09-04,Chase Brown,RB,9224,1396,5526
2025,2025-09-04,Brock Purdy,QB,8183,1214,5515
2025,2025-09-04,Sam LaPorta,TE,10859,1429,5490
2025,2025-09-04,Tee Higgins,WR,6801,543,5459
2025,2025-09-04,Jonathan Taylor,RB,6813,634,5451
2025,2025-09-04,J.J. McCarthy,QB,11565,1555,5429
2025,2025-09-04,Kyren Williams,RB,8150,1226,5397
2025,2025-09-04,Baker Mayfield,QB,4892,215,5371
2025,2025-09-04,Colston Loveland,TE,12517,1804,5134
2025,2025-09-04,Rome Odunze,WR,11620,1587,5078
2025,2025-09-04,Christian McCaffrey,RB,4034,283,5071
2025,2025-09-04,Rashee Rice,WR,10229,1447,5069
2025,2025-09-04,Kyler Murray,QB,5849,379,5054
2025,2025-09-04,Trevor Lawrence,QB,7523,1094,5045
2025,2025-09-04,George Kittle,TE,4217,298,5043
2025,2025-09-04,James Cook,RB,8138,1231,5020
2025,2025-09-04,Josh Jacobs,RB,5850,303,4992
2025,2025-09-04,Jameson Williams,WR,8148,1273,4988
2025,2025-09-04,Michael Penix Jr.,QB,11559,1554,4977
2025,2025-09-04,DeVonta Smith,WR,7525,1005,4971
2025,2025-09-04,Breece Hall,RB,8155,1224,4944
2025,2025-09-04,Kenneth Walker III,RB,8151,1227,4845
2025,2025-09-04,Bryce Young,QB,9228,1456,4832
2025,2025-09-04,Derrick Henry,RB,3198,296,4799
2025,2025-09-04,Xavier Worthy,WR,11624,1591,4694
2025,2025-09-04,George Pickens,WR,8137,1279,4605
2025,2025-09-04,Terry McLaurin,WR,5927,328,4574
2025,2025-09-04,Jordan Addison,WR,9756,1420,4543
2025,2025-09-04,DK Metcalf,WR,5846,224,4520
2025,2025-09-04,Ricky Pearsall,WR,11638,1593,4517
2025,2025-09-04,Jaylen Waddle,WR,7526,1007,4486
2025,2025-09-04,Jared Goff,QB,3163,388,4482
2025,2025-09-04,Dak Prescott,QB,3294,371,4458
2025,2025-09-04,Zay Flowers,WR,9997,1443,4384
2025,2025-09-04,D.J. Moore,WR,4983,304,4254
2025,2025-09-04,Chuba Hubbard,RB,7594,1014,4250
2025,2025-09-04,T.J. Hockenson,TE,5844,247,4196
2025,2025-09-04,Chris Olave,WR,8144,1271,4116
2025,2025-09-04,Courtland Sutton,WR,5045,226,4112
2025,2025-09-04,Tucker Kraft,TE,9484,1418,3998
2025,2025-09-04,Mike Evans,WR,2216,275,3772
2025,2025-09-04,Jerry Jeudy,WR,6783,545,3735
2025,2025-09-04,Alvin Kamara,RB,4035,282,3713
2025,2025-09-04,Tyreek Hill,WR,3321,286,3684
2025,2025-09-04,Tua Tagovailoa,QB,6768,600,3641
2025,2025-09-04,Justin Fields,QB,7591,1015,3634
2025,2025-09-04,David Njoku,TE,4033,252,3621
2025,2025-09-04,Josh Downs,WR,9500,1440,3618
2025,2025-09-04,Zach Charbonnet,RB,9753,1384,3557
2025,2025-09-04,Dalton Kincaid,TE,10236,1428,3547
2025,2025-09-04,Isaiah Likely,TE,8131,1257,3534
2025,2025-09-04,Mark Andrews,TE,5012,366,3531
2025,2025-09-04,Kyle Pitts,TE,7553,1051,3504
2025,2025-09-04,Davante Adams,WR,2133,277,3493
2025,2025-09-04,David Montgomery,RB,5892,288,3448
2025,2025-09-04,Keon Coleman,WR,11637,1588,3447
2025,2025-09-04,Evan Engram,TE,4066,229,3398
2025,2025-09-04,Sam Darnold,QB,4943,331,3397
2025,2025-09-04,Isiah Pacheco,RB,8205,1266,3390
2025,2025-09-04,Jake Ferguson,TE,8110,1258,3386
2025,2025-09-04,Calvin Ridley,WR,4981,293,3384
2025,2025-09-04,Mason Taylor,TE,12498,1806,3379
2025,2025-09-04,James Conner,RB,4137,268,3365
2025,2025-09-04,Jayden Reed,WR,10222,1419,3360
2025,2025-09-04,Elijah Arroyo,TE,12521,1808,3309
2025,2025-09-04,Brandon Aiyuk,WR,6803,538,3294
2025,2025-09-04,Khalil Shakir,WR,8134,1278,3273
2025,2025-09-04,D'Andre Swift,RB,6790,639,3270
2025,2025-09-04,Travis Kelce,TE,1466,264,3232
2025,2025-09-04,Brenton Strange,TE,9480,1461,3223
2025,2025-09-04,Tony Pollard,RB,5967,344,3220
2025,2025-09-04,Jakobi Meyers,WR,5947,13,3195
2025,2025-09-04,Braelon Allen,RB,11576,1567,3188
2025,2025-09-04,Jordan Mason,RB,8408,1330,3154
2025,2025-09-04,Trey Benson,RB,11589,1565,3154
2025,2025-09-04,Chris Godwin,WR,4037,299,3152
2025,2025-09-04,Michael Pittman,WR,6819,536,3108
2025,2025-09-04,Geno Smith,QB,1373,671,3106
2025,2025-09-04,Tank Bigsby,RB,9225,1401,3102
2025,2025-09-04,Terrance Ferguson,TE,12487,1807,3031
2025,2025-09-04,Travis Etienne,RB,7543,1030,3022
2025,2025-09-04,Jaylen Warren,RB,8228,1201,2988
2025,2025-09-04,Jauan Jennings,WR,7049,576,2979
2025,2025-09-04,Aaron Jones,RB,4199,301,2974
2025,2025-09-04,Deebo Samuel,WR,5872,383,2964
2025,2025-09-04,Marvin Mims,WR,9494,1442,2963
2025,2025-09-04,Stefon Diggs,WR,2449,262,2948
2025,2025-09-04,Harold Fannin,TE,12506,1803,2922
2025,2025-09-04,J.K. Dobbins,RB,6806,636,2891
2025,2025-09-04,Rashid Shaheed,WR,8676,1360,2856
2025,2025-09-04,Cade Otton,TE,8111,1261,2843
2025,2025-09-04,Matthew Stafford,QB,421,356,2836
2025,2025-09-04,Dallas Goedert,TE,5022,382,2816
2025,2025-09-04,Tyjae Spears,RB,9508,1417,2804
2025,2025-09-04,Xavier Legette,WR,11626,1610,2794
2025,2025-09-04,Darnell Mooney,WR,7090,911,2789
2025,2025-09-04,Javonte Williams,RB,7588,1033,2764
2025,2025-09-04,Joe Mixon,RB,4018,273,2738
2025,2025-09-04,Cedric Tillman,WR,10444,1444,2704
2025,2025-09-04,Ja'Tavion Sanders,TE,11600,1614,2701
2025,2025-09-04,Ben Sinnott,TE,11596,1615,2686
2025,2025-09-04,Cooper Kupp,WR,4039,310,2683
2025,2025-09-04,Jalen McMillan,WR,11618,1599,2683
2025,2025-09-04,Rashod Bateman,WR,7571,1070,2680
2025,2025-09-04,Brian Robinson,RB,8154,1232,2677
2025,2025-09-04,Daniel Jones,QB,5870,87,2655
2025,2025-09-04,Chigoziem Okonkwo,TE,8210,1320,2630
2025,2025-09-04,Pat Freiermuth,TE,7600,1053,2630
2025,2025-09-04,Anthony Richardson,QB,9229,1405,2575
2025,2025-09-04,Ray Davis,RB,11575,1574,2567
2025,2025-09-04,Demario Douglas,WR,9501,1468,2552
2025,2025-09-04,Adonai Mitchell,WR,11625,1597,2550
2025,2025-09-04,Theo Johnson,TE,11597,1620,2493
2025,2025-09-04,Rhamondre Stevenson,RB,7611,1036,2487
2025,2025-09-04,Jaylen Wright,RB,11643,1581,2481
2025,2025-09-04,Tyler Allgeier,RB,8132,1228,2458
2025,2025-09-04,Najee Harris,RB,7528,1031,2455
2025,2025-09-04,Rachaad White,RB,8136,1180,2444
2025,2025-09-04,Jonnu Smith,TE,4144,84,2439
2025,2025-09-04,Romeo Doubs,WR,8121,1238,2421
2025,2025-09-04,Tank Dell,WR,9502,1438,2388
2025,2025-09-04,Keaton Mitchell,RB,9511,1393,2385
2025,2025-09-04,Cole Kmet,TE,6826,569,2383
2025,2025-09-04,Wan'Dale Robinson,WR,8126,1274,2286
2025,2025-09-04,Hunter Henry,TE,3214,212,2282
2025,2025-09-04,Christian Kirk,WR,4950,221,2279
2025,2025-09-04,Troy Franklin,WR,11627,1590,2276
2025,2025-09-04,Blake Corum,RB,11586,1564,2267
2025,2025-09-04,Jonathon Brooks,RB,11583,1568,2239
2025,2025-09-04,Zach Ertz,TE,1339,305,2228
2025,2025-09-04,Dalton Schultz,TE,5001,487,2221
2025,2025-09-04,Jerome Ford,RB,8143,1229,2212
2025,2025-09-04,Michael Mayer,TE,9482,1427,2210
2025,2025-09-04,Oronde Gadsden,TE,12493,1799,2208
2025,2025-09-04,Quentin Johnston,WR,9754,1441,2198
2025,2025-09-04,Austin Ekeler,RB,4663,,2195
2025,2025-09-04,Chris Rodriguez,RB,10219,1389,2174
2025,2025-09-04,Mike Gesicki,TE,4993,330,2153
2025,2025-09-04,Luke Musgrave,TE,9481,1430,2143
2025,2025-09-04,Noah Gray,TE,7828,1059,2130
2025,2025-09-04,Christian Watson,WR,8167,1248,2120
2025,2025-09-04,Gunnar Helm,TE,12502,1805,2091
2025,2025-09-04,Will Shipley,RB,11577,1572,2090
2025,2025-09-04,Alec Pierce,WR,8142,1285,2077
2025,2025-09-04,Sean Tucker,RB,9506,1400,2075
2025,2025-09-04,Marquise Brown,WR,5848,311,2072
2025,2025-09-04,Kendre Miller,RB,9757,1386,2050
2025,2025-09-04,Roman Wilson,WR,11630,1600,2043
2025,2025-09-04,Rico Dowdle,RB,7021,555,2007
2025,2025-09-04,Russell Wilson,QB,1234,,2001
2025,2025-09-04,AJ Barner,TE,11603,1629,1996
2025,2025-09-04,Roschon Johnson,RB,10235,1390,1979
2025,2025-09-04,Dontayvion Wicks,WR,9486,1448,1968
2025,2025-09-04,Michael Wilson,WR,10232,1421,1947
2025,2025-09-04,Nick Chubb,RB,4988,,1943
2025,2025-09-04,Dawson Knox,TE,5906,88,1922
2025,2025-09-04,Juwan Johnson,TE,7002,575,1915
2025,2025-09-04,Spencer Rattler,QB,11562,1557,1915
2025,2025-09-04,Aaron Rodgers,QB,96,235,1899
2025,2025-09-04,Keenan Allen,WR,1479,265,1889
2025,2025-09-04,Joe Milton,QB,11557,1556,1885
2025,2025-09-04,MarShawn Lloyd,RB,11581,1575,1883
2025,2025-09-04,Andrei Iosivas,WR,10226,1422,1877
2025,2025-09-04,Tre Tucker,WR,10213,1460,1863
2025,2025-09-04,Kayshon Boutte,WR,9504,1446,1842
2025,2025-09-04,Malik Washington,WR,11610,1623,1826
2025,2025-09-04,Adam Thielen,WR,1689,,1804
2025,2025-09-04,Noah Fant,TE,5857,243,1800
2025,2025-09-04,Dyami Brown,WR,7587,1069,1769
2025,2025-09-04,Luke McCaffrey,WR,11650,1606,1734
2025,2025-09-04,Dameon Pierce,RB,8129,1207,1705
2025,2025-09-04,Calvin Austin III,WR,8125,1262,1698
2025,2025-09-04,Jalen Nailor,WR,8180,1245,1685
2025,2025-09-04,John Metchie,WR,8147,1276,1671
2025,2025-09-04,Elijah Moore,WR,7596,1012,1668
2025,2025-09-04,Luke Schoonmaker,TE,10871,1382,1667
2025,2025-09-04,Darren Waller,TE,2505,349,1666
2025,2025-09-04,Cade Stover,TE,11599,1613,1634
2025,2025-09-04,Erick All,TE,11592,1616,1623
2025,2025-09-04,Darnell Washington,TE,9479,1431,1610
2025,2025-09-04,Audric Estime,RB,11579,1566,1599
2025,2025-09-04,Jermaine Burton,WR,11640,,1598
2025,2025-09-04,Jaleel McLaughlin,RB,11439,1486,1596
2025,2025-09-04,DeAndre Hopkins,WR,1426,,1589
2025,2025-09-04,Parker Washington,WR,9487,1445,1582
2025,2025-09-04,Joe Flacco,QB,19,722,1567
2025,2025-09-04,Tyler Higbee,TE,3271,159,1567
2025,2025-09-04,Justice Hill,RB,5995,368,1563
2025,2025-09-04,Darius Slayton,WR,6149,77,1561
2025,2025-09-04,Elijah Mitchell,RB,7561,1013,1530
2025,2025-09-04,Miles Sanders,RB,6151,,1524
2025,2025-09-04,Tutu Atwell,WR,7562,1078,1521
2025,2025-09-04,Jalin Hyatt,WR,9497,1399,1516
2025,2025-09-04,Daniel Bellinger,TE,8225,1322,1480
2025,2025-09-04,Tyler Conklin,TE,5133,489,1450
2025,2025-09-04,Colby Parkinson,TE,6865,565,1428
2025,2025-09-04,Trey Palmer,WR,9492,1452,1421
2025,2025-09-04,Malik Willis,QB,8161,1210,1417
2025,2025-09-04,Jalen Tolbert,WR,8117,1247,1413
2025,2025-09-04,Tyler Lockett,WR,2374,,1412
2025,2025-09-04,Elijah Higgins,TE,10231,1469,1409
2025,2025-09-04,Tommy Tremble,TE,7694,1054,1409
2025,2025-09-04,Jared Wiley,TE,11595,1619,1402
2025,2025-09-04,Ja'Lynn Polk,WR,11619,1602,1389
2025,2025-09-04,Emanuel Wilson,RB,11435,1515,1383
2025,2025-09-04,Thomas Fidone,TE,12715,1827,1369
2025,2025-09-04,Kareem Hunt,RB,4098,214,1358
2025,2025-09-04,Kirk Cousins,QB,1166,396,1354
2025,2025-09-04,Jameis Winston,QB,2306,413,1353
2025,2025-09-04,Javon Baker,WR,11645,1608,1344
2025,2025-09-04,Greg Dulcich,TE,8172,1256,1321
2025,2025-09-04,Ty Johnson,RB,6039,6,1319
2025,2025-09-04,Jahan Dotson,WR,8119,1272,1311
2025,2025-09-04,Tyquan Thornton,WR,8188,1246,1294
2025,2025-09-04,Sam Howell,QB,8162,1209,1291
2025,2025-09-04,Kenneth Gainwell,RB,7567,1032,1288
2025,2025-09-04,Devontez Walker,WR,11629,1592,1252
2025,2025-09-04,Nick Westbrook-Ikhine,WR,7496,950,1242
2025,2025-09-04,Brevin Jordan,TE,7568,1052,1238
2025,2025-09-04,Curtis Samuel,WR,4082,,1238
2025,2025-09-04,Xavier Hutchinson,WR,10218,1454,1234
2025,2025-09-04,Mac Jones,QB,7527,1018,1222
2025,2025-09-04,Devin Singletary,RB,6130,238,1221
2025,2025-09-04,Malachi Corley,WR,11617,1607,1221
2025,2025-09-04,Noah Brown,WR,4234,,1159
2025,2025-09-04,Davis Allen,TE,10214,1434,1156
2025,2025-09-04,Amari Cooper,WR,2309,,1155
2025,2025-09-04,Kenny Pickett,QB,8160,1208,1155
2025,2025-09-04,Grant Calcaterra,TE,8177,1263,1151
2025,2025-09-04,Antonio Gibson,RB,6945,,1141
2025,2025-09-04,Trey Lance,QB,7610,1017,1141
2025,2025-09-04,Greg Dortch,WR,5970,10,1128
2025,2025-09-04,Will Dissly,TE,5010,,1123
2025,2025-09-04,Jonathan Mingo,WR,10225,1450,1108
2025,2025-09-04,AJ Dillon,RB,6828,631,1101
2025,2025-09-04,Jeremy Ruckert,TE,8145,1255,1092
2025,2025-09-04,Khalil Herbert,RB,7608,,1077
2025,2025-09-04,Xavier Gipson,WR,11306,1504,1069
2025,2025-09-04,Diontae Johnson,WR,5937,,1065
2025,2025-09-04,Brock Wright,TE,7891,1162,1060
2025,2025-09-04,Israel Abanikanda,RB,9227,1383,1059
2025,2025-09-04,Josh Reynolds,WR,4171,,1056
2025,2025-09-04,Will Levis,QB,9999,1402,1047
2025,2025-09-04,Rondale Moore,WR,7601,,1024
2025,2025-09-04,Frank Gore Jr.,RB,11573,1570,1021
2025,2025-09-04,Kendrick Bourne,WR,4454,153,1017
2025,2025-09-04,Deuce Vaughn,RB,9505,1391,1011
2025,2025-09-04,Raheem Mostert,RB,2749,,1006
2025,2025-09-04,KaVontae Turpin,WR,8917,1336,997
2025,2025-09-04,Olamide Zaccheaus,WR,6271,609,995
2025,2025-09-04,Zamir White,RB,8139,,993
2025,2025-09-04,Jake Bobo,WR,10867,1488,990
2025,2025-09-04,Tyler Johnson,WR,6960,572,978
2025,2025-09-04,Brenden Rice,WR,11621,1594,975
2025,2025-09-04,Zach Wilson,QB,7538,1016,975
2025,2025-09-04,Aidan O'Connell,QB,10866,1412,972
2025,2025-09-04,Johnny Wilson,WR,11636,1596,951
2025,2025-09-04,Demarcus Robinson,WR,3286,52,950
2025,2025-09-04,Brandin Cooks,WR,2197,,949
2025,2025-09-04,Taysom Hill,TE,4381,,944
2025,2025-09-04,Harrison Bryant,TE,6850,752,942
2025,2025-09-04,Cam Akers,RB,6938,,933
2025,2025-09-04,Emari Demercado,RB,11199,1481,933
2025,2025-09-04,K.J. Osborn,WR,7066,,932
2025,2025-09-04,JuJu Smith-Schuster,WR,4040,,928
2025,2025-09-04,Ty Chandler,RB,8230,1182,923
2025,2025-09-04,KJ Hamler,WR,6805,,907
2025,2025-09-04,Drew Lock,QB,5854,33,904
2025,2025-09-04,Samaje Perine,RB,4147,785,892
2025,2025-09-04,Jimmy Garoppolo,QB,1837,,887
2025,2025-09-04,Zay Jones,WR,4080,,879
2025,2025-09-04,Hendon Hooker,QB,9998,,874
2025,2025-09-04,A.T. Perry,WR,10863,,865
2025,2025-09-04,Michael Carter,RB,7607,1035,864
2025,2025-09-04,Gardner Minshew,QB,6011,47,862
2025,2025-09-04,Van Jefferson,WR,6853,578,858
2025,2025-09-04,Allen Lazard,WR,5185,,856
2025,2025-09-04,Terrace Marshall,WR,7565,,851
2025,2025-09-04,Mecole Hardman,WR,5917,,847
2025,2025-09-04,Isaiah Hodgins,WR,6920,561,846
2025,2025-09-04,Alexander Mattison,RB,5987,326,841
2025,2025-09-04,Gabriel Davis,WR,6943,533,834
2025,2025-09-04,Skyy Moore,WR,8168,1283,823
2025,2025-09-04,Derius Davis,WR,10234,1473,813
2025,2025-09-04,Jake Browning,QB,6111,,811
2025,2025-09-04,Tim Patrick,WR,4351,,809
2025,2025-09-04,Bo Melton,WR,8204,1244,805
2025,2025-09-04,David Bell,WR,8118,1275,802
2025,2025-09-04,Chris Brooks,RB,11370,1490,799
2025,2025-09-04,Trey Sermon,RB,7593,,785
2025,2025-09-04,Tyler Scott,WR,9490,1436,784
2025,2025-09-04,Marquez Valdes-Scantling,WR,5086,,758
2025,2025-09-04,Tyler Badie,RB,8208,1206,754
2025,2025-09-04,Pierre Strong Jr.,RB,8116,,749
2025,2025-09-04,Donovan Peoples-Jones,WR,6824,,730
2025,2025-09-04,Charlie Kolar,TE,8127,1254,727
2025,2025-09-04,Mason Rudolph,QB,4972,110,720
2025,2025-09-04,Kenny McIntosh,RB,10216,1385,695
2025,2025-09-04,Hassan Haskins,RB,8123,1191,691
2025,2025-09-04,Jelani Woods,TE,8219,,687
2025,2025-09-04,Stetson Bennett,QB,10857,,644
2025,2025-09-04,Irv Smith,TE,6126,,634
2025,2025-09-04,Tyson Bagent,QB,11256,1478,628
2025,2025-09-04,Julius Chestnut,RB,8254,1325,624
2025,2025-09-04,Tylan Wallace,WR,7595,,606
2025,2025-09-04,Treylon Burks,WR,8135,1269,605
2025,2025-09-04,Tyler Huntley,QB,7083,618,590
2025,2025-09-04,Erik Ezukanma,WR,8114,,588
2025,2025-09-04,Clyde Edwards-Helaire,RB,6820,,569
2025,2025-09-04,Foster Moreau,TE,5985,,563
2025,2025-09-04,Eric Gray,RB,10223,,552
2025,2025-09-04,Rakim Jarrett,WR,9495,,549
2025,2025-09-04,Zack Moss,RB,6845,,524
2025,2025-09-04,Lil'Jordan Humphrey,WR,5938,177,458
2025,2025-09-04,Trayveon Williams,RB,6144,,457
2025,2025-09-04,Josh Oliver,TE,5973,,448
2025,2025-09-04,Austin Hooper,TE,3202,,443
2025,2025-09-04,Cedrick Wilson,WR,5113,,418
2025,2025-09-04,Scotty Miller,WR,6290,,403
2025,2025-09-04,Dorian Thompson-Robinson,QB,10862,,394
2025,2025-09-04,Justin Watson,WR,5374,,393
