name,is_pick,ktc_player_id,ktc_slug,sleeper_id,sleeper_name,position,team,ktc_match,sleeper_match
2024 Early 1st,1,,,,,PI,,pick,pick
2024 Early 2nd,1,,,,,PI,,pick,pick
2024 Early 3rd,1,,,,,PI,,pick,pick
2024 Early 4th,1,,,,,PI,,pick,pick
2024 Late 1st,1,,,,,PI,,pick,pick
2024 Late 2nd,1,,,,,PI,,pick,pick
2024 Late 3rd,1,,,,,PI,,pick,pick
2024 Late 4th,1,,,,,PI,,pick,pick
2024 Mid 1st,1,,,,,PI,,pick,pick
2024 Mid 2nd,1,,,,,PI,,pick,pick
2024 Mid 3rd,1,,,,,PI,,pick,pick
2024 Mid 4th,1,,,,,PI,,pick,pick
2025 Early 1st,1,,,,,PI,,pick,pick
2025 Early 2nd,1,,,,,PI,,pick,pick
2025 Early 3rd,1,,,,,PI,,pick,pick
2025 Early 4th,1,,,,,PI,,pick,pick
2025 Late 1st,1,,,,,PI,,pick,pick
2025 Late 2nd,1,,,,,PI,,pick,pick
2025 Late 3rd,1,,,,,PI,,pick,pick
2025 Late 4th,1,,,,,PI,,pick,pick
2025 Mid 1st,1,,,,,PI,,pick,pick
2025 Mid 2nd,1,,,,,PI,,pick,pick
2025 Mid 3rd,1,,,,,PI,,pick,pick
2025 Mid 4th,1,,,,,PI,,pick,pick
2026 Early 1st,1,,,,,PI,,pick,pick
2026 Early 2nd,1,,,,,PI,,pick,pick
2026 Early 3rd,1,,,,,PI,,pick,pick
2026 Early 4th,1,,,,,PI,,pick,pick
2026 Late 1st,1,,,,,PI,,pick,pick
2026 Late 2nd,1,,,,,PI,,pick,pick
2026 Late 3rd,1,,,,,PI,,pick,pick
2026 Late 4th,1,,,,,PI,,pick,pick
2026 Mid 1st,1,,,,,PI,,pick,pick
2026 Mid 2nd,1,,,,,PI,,pick,pick
2026 Mid 3rd,1,,,,,PI,,pick,pick
2026 Mid 4th,1,,,,,PI,,pick,pick
A.J. Brown,0,217,aj-brown-217,5859,A.J. Brown,WR,NEP,exact,exact
A.T. Perry,0,,,10863,A.T. Perry,WR,,no_ktc,exact
AJ Dillon,0,631,aj-dillon-631,6828,AJ Dillon,RB,CAR,exact,exact
Aaron Jones,0,301,aaron-jones-301,4199,Aaron Jones,RB,MIN,exact,exact
Aaron Rodgers,0,235,aaron-rodgers-235,96,Aaron Rodgers,QB,PIT,exact,exact
Adam Thielen,0,,,1689,Adam Thielen,WR,,no_ktc,exact
Adam Trautman,0,,,6869,Adam Trautman,TE,DEN,no_ktc,exact
Adonai Mitchell,0,1597,adonai-mitchell-1597,11625,Adonai Mitchell,WR,NYJ,exact,exact
Aidan O'Connell,0,,,10866,Aidan O'Connell,QB,LV,no_ktc,exact
Albert Okwuegbunam,0,,,6843,Albert Okwuegbunam,TE,LV,no_ktc,exact
Alec Pierce,0,1285,alec-pierce-1285,8142,Alec Pierce,WR,IND,exact,exact
Alexander Mattison,0,326,alexander-mattison-326,5987,Alexander Mattison,RB,MIA,exact,exact
Allen Lazard,0,,,5185,Allen Lazard,WR,,no_ktc,exact
Alvin Kamara,0,282,alvin-kamara-282,4035,Alvin Kamara,RB,NOS,exact,exact
Amari Cooper,0,,,2309,Amari Cooper,WR,,no_ktc,exact
Amon-Ra St. Brown,0,1010,amon-ra-st-brown-1010,7547,Amon-Ra St. Brown,WR,DET,exact,exact
Andrei Iosivas,0,1422,andrei-iosivas-1422,10226,Andrei Iosivas,WR,CIN,exact,exact
Andrew Ogletree,0,,,8489,Drew Ogletree,TE,IND,no_ktc,alias
Anthony Richardson,0,1405,anthony-richardson-1405,9229,Anthony Richardson,QB,IND,exact,exact
Anthony Schwartz,0,,,7533,Anthony Schwartz,WR,,no_ktc,exact
Antonio Gibson,0,,,6945,Antonio Gibson,RB,,no_ktc,exact
Audric Estime,0,1566,audric-estime-1566,11579,Audric Estime,RB,NOS,exact,exact
Austin Ekeler,0,,,4663,Austin Ekeler,RB,,no_ktc,exact
Austin Hooper,0,,,3202,Austin Hooper,TE,ATL,no_ktc,exact
Bailey Zappe,0,,,8157,Bailey Zappe,QB,NYJ,no_ktc,exact
Baker Mayfield,0,215,baker-mayfield-215,4892,Baker Mayfield,QB,TBB,exact,exact
Ben Skowronek,0,,,7757,Ben Skowronek,WR,PIT,no_ktc,exact
Bijan Robinson,0,1414,bijan-robinson-1414,9509,Bijan Robinson,RB,ATL,exact,exact
Blake Corum,0,1564,blake-corum-1564,11586,Blake Corum,RB,LAR,exact,exact
Bo Melton,0,1244,bo-melton-1244,8204,Bo Melton,WR,GBP,exact,exact
Bo Nix,0,1553,bo-nix-1553,11563,Bo Nix,QB,DEN,exact,exact
Boston Scott,0,,,5122,Boston Scott,RB,,no_ktc,exact
Braelon Allen,0,1567,braelon-allen-1567,11576,Braelon Allen,RB,NYJ,exact,exact
Brandin Cooks,0,,,2197,Brandin Cooks,WR,,no_ktc,exact
Brandon Aiyuk,0,538,brandon-aiyuk-538,6803,Brandon Aiyuk,WR,SFO,exact,exact
Brandon Powell,0,,,5695,Brandon Powell,WR,,no_ktc,exact
Braxton Berrios,0,,,5121,Braxton Berrios,WR,NYG,no_ktc,exact
Breece Hall,0,1224,breece-hall-1224,8155,Breece Hall,RB,NYJ,exact,exact
Brenden Rice,0,,,11621,Brenden Rice,WR,,no_ktc,exact
Brenton Strange,0,1461,brenton-strange-1461,9480,Brenton Strange,TE,JAC,exact,exact
Brevin Jordan,0,1052,brevin-jordan-1052,7568,Brevin Jordan,TE,HOU,exact,exact
Brian Robinson,0,1232,brian-robinson-1232,8154,Brian Robinson,RB,ATL,exact,exact
Brian Thomas Jr.,0,1589,brian-thomas-jr-1589,11631,Brian Thomas,WR,JAC,exact,normalised
Brock Bowers,0,1612,brock-bowers-1612,11604,Brock Bowers,TE,LVR,exact,exact
Brock Purdy,0,1214,brock-purdy-1214,8183,Brock Purdy,QB,SFO,exact,exact
Brock Wright,0,1162,brock-wright-1162,7891,Brock Wright,TE,DET,exact,exact
Bryce Ford-Wheaton,0,,,9499,Bryce Ford-Wheaton,WR,,no_ktc,exact
Bryce Young,0,1456,bryce-young-1456,9228,Bryce Young,QB,CAR,exact,exact
Bucky Irving,0,1569,bucky-irving-1569,11584,Bucky Irving,RB,TBB,exact,exact
C.J. Stroud,0,1403,cj-stroud-1403,9758,C.J. Stroud,QB,HOU,exact,exact
Cade Otton,0,1261,cade-otton-1261,8111,Cade Otton,TE,TBB,exact,exact
Caleb Williams,0,1550,caleb-williams-1550,11560,Caleb Williams,QB,CHI,exact,exact
Calvin Austin III,0,1262,calvin-austin-iii-1262,8125,Calvin Austin,WR,NYG,exact,normalised
Calvin Ridley,0,293,calvin-ridley-293,4981,Calvin Ridley,WR,TEN,exact,exact
Cam Akers,0,,,6938,Cam Akers,RB,,no_ktc,exact
Cameron Latu,0,,,10210,Cameron Latu,TE,PHI,no_ktc,exact
Cedric Tillman,0,1444,cedric-tillman-1444,10444,Cedric Tillman,WR,CLE,exact,exact
Cedrick Wilson,0,,,5113,Cedrick Wilson,WR,DET,no_ktc,exact
CeeDee Lamb,0,546,ceedee-lamb-546,6786,CeeDee Lamb,WR,DAL,exact,exact
Charlie Jones,0,,,10228,Charlie Jones,WR,CIN,no_ktc,exact
Charlie Kolar,0,1254,charlie-kolar-1254,8127,Charlie Kolar,TE,LAC,exact,exact
Chase Brown,0,1396,chase-brown-1396,9224,Chase Brown,RB,CIN,exact,exact
Chase Claypool,0,,,6886,Chase Claypool,WR,,no_ktc,exact
Chase Edmonds,0,,,5000,Chase Edmonds,RB,,no_ktc,exact
Chigoziem Okonkwo,0,1320,chigoziem-okonkwo-1320,8210,Chig Okonkwo,TE,WAS,exact,last_name
Chris Brooks,0,1490,chris-brooks-1490,11370,Chris Brooks,RB,GBP,exact,exact
Chris Evans,0,,,7794,Chris Evans,RB,,no_ktc,exact
Chris Godwin,0,299,chris-godwin-299,4037,Chris Godwin,WR,TBB,exact,exact
Chris Olave,0,1271,chris-olave-1271,8144,Chris Olave,WR,NOS,exact,exact
Chris Rodriguez,0,1389,chris-rodriguez-1389,10219,Chris Rodriguez,RB,JAC,exact,exact
Christian Kirk,0,221,christian-kirk-221,4950,Christian Kirk,WR,SFO,exact,exact
Christian McCaffrey,0,283,christian-mccaffrey-283,4034,Christian McCaffrey,RB,SFO,exact,exact
Christian Watson,0,1248,christian-watson-1248,8167,Christian Watson,WR,GBP,exact,exact
Chuba Hubbard,0,1014,chuba-hubbard-1014,7594,Chuba Hubbard,RB,CAR,exact,exact
Clayton Tune,0,,,10217,Clayton Tune,QB,,no_ktc,exact
Clyde Edwards-Helaire,0,,,6820,Clyde Edwards-Helaire,RB,,no_ktc,exact
Colby Parkinson,0,565,colby-parkinson-565,6865,Colby Parkinson,TE,LAR,exact,exact
Cole Kmet,0,569,cole-kmet-569,6826,Cole Kmet,TE,CHI,exact,exact
Cole Turner,0,,,8214,Cole Turner,TE,MIA,no_ktc,exact
Cooper Kupp,0,310,cooper-kupp-310,4039,Cooper Kupp,WR,SEA,exact,exact
Cordarrelle Patterson,0,,,1535,Cordarrelle Patterson,RB,,no_ktc,exact
Courtland Sutton,0,226,courtland-sutton-226,5045,Courtland Sutton,WR,DEN,exact,exact
Craig Reynolds,0,,,6659,Craig Reynolds,RB,WAS,no_ktc,exact
Curtis Samuel,0,,,4082,Curtis Samuel,WR,,no_ktc,exact
D'Andre Swift,0,639,d-andre-swift-639,6790,D'Andre Swift,RB,CHI,exact,exact
D'Ernest Johnson,0,,,6694,D'Ernest Johnson,RB,TEN,no_ktc,exact
D'Onta Foreman,0,,,4111,D'Onta Foreman,RB,,no_ktc,exact
D.J. Chark,0,,,4951,DJ Chark,WR,,no_ktc,normalised
D.J. Moore,0,304,dj-moore-304,4983,DJ Moore,WR,BUF,exact,normalised
DK Metcalf,0,224,dk-metcalf-224,5846,DK Metcalf,WR,PIT,exact,exact
Dak Prescott,0,371,dak-prescott-371,3294,Dak Prescott,QB,DAL,exact,exact
Dallas Goedert,0,382,dallas-goedert-382,5022,Dallas Goedert,TE,PHI,exact,exact
Dalton Kincaid,0,1428,dalton-kincaid-1428,10236,Dalton Kincaid,TE,BUF,exact,exact
Dalton Schultz,0,487,dalton-schultz-487,5001,Dalton Schultz,TE,HOU,exact,exact
Dalvin Cook,0,,,4029,Dalvin Cook,RB,,no_ktc,exact
Dameon Pierce,0,1207,dameon-pierce-1207,8129,Dameon Pierce,RB,PHI,exact,exact
Daniel Bellinger,0,1322,daniel-bellinger-1322,8225,Daniel Bellinger,TE,TEN,exact,exact
Daniel Jones,0,87,daniel-jones-87,5870,Daniel Jones,QB,IND,exact,exact
Danny Gray,0,,,8176,Danny Gray,WR,PHI,no_ktc,exact
Darius Slayton,0,77,darius-slayton-77,6149,Darius Slayton,WR,NYG,exact,exact
Darnell Mooney,0,911,darnell-mooney-911,7090,Darnell Mooney,WR,NYG,exact,exact
Darnell Washington,0,1431,darnell-washington-1431,9479,Darnell Washington,TE,PIT,exact,exact
Darren Waller,0,349,darren-waller-349,2505,Darren Waller,TE,CAR,exact,exact
Davante Adams,0,277,davante-adams-277,2133,Davante Adams,WR,LAR,exact,exact
David Bell,0,1275,david-bell-1275,8118,David Bell,WR,CLE,exact,exact
David Montgomery,0,288,david-montgomery-288,5892,David Montgomery,RB,HOU,exact,exact
David Moore,0,,,4274,David Moore,WR,CAR,no_ktc,exact
David Njoku,0,252,david-njoku-252,4033,David Njoku,TE,LAC,exact,exact
Davis Allen,0,1434,davis-allen-1434,10214,Davis Allen,TE,LAR,exact,exact
Davis Mills,0,1029,davis-mills-1029,7585,Davis Mills,QB,HOU,exact,exact
Dawson Knox,0,88,dawson-knox-88,5906,Dawson Knox,TE,BUF,exact,exact
De'Von Achane,0,1398,de-von-achane-1398,9226,De'Von Achane,RB,MIA,exact,exact
DeAndre Hopkins,0,,,1426,DeAndre Hopkins,WR,,no_ktc,exact
DeVante Parker,0,,,2319,DeVante Parker,WR,,no_ktc,exact
DeVonta Smith,0,1005,devonta-smith-1005,7525,DeVonta Smith,WR,PHI,exact,exact
DeWayne McBride,0,,,9512,DeWayne McBride,RB,,no_ktc,exact
DeeJay Dallas,0,,,6931,DeeJay Dallas,RB,JAX,no_ktc,exact
Deebo Samuel,0,383,deebo-samuel-383,5872,Deebo Samuel,WR,SFO,exact,exact
Demarcus Robinson,0,52,demarcus-robinson-52,3286,Demarcus Robinson,WR,SFO,exact,exact
Demario Douglas,0,1468,demario-douglas-1468,9501,DeMario Douglas,WR,NEP,exact,normalised
Deneric Prince,0,,,10870,Deneric Prince,RB,,no_ktc,exact
Denzel Mims,0,,,6849,Denzel Mims,WR,DAL,no_ktc,exact
Deon Jackson,0,,,7551,Deon Jackson,RB,,no_ktc,exact
Deonte Harty,0,,,6234,Deonte Harty,WR,,no_ktc,exact
Derek Carr,0,,,2028,Derek Carr,QB,,no_ktc,exact
Derius Davis,0,1473,derius-davis-1473,10234,Derius Davis,WR,LAC,exact,exact
Derrick Henry,0,296,derrick-henry-296,3198,Derrick Henry,RB,BAL,exact,exact
Deshaun Watson,0,261,deshaun-watson-261,4017,Deshaun Watson,QB,CLE,exact,exact
Desmond Ridder,0,,,8159,Desmond Ridder,QB,,no_ktc,exact
Deuce Vaughn,0,1391,deuce-vaughn-1391,9505,Deuce Vaughn,RB,HOU,exact,exact
Deven Thompkins,0,,,8253,Deven Thompkins,WR,LV,no_ktc,exact
Devin Duvernay,0,,,6847,Devin Duvernay,WR,ARI,no_ktc,exact
Devin Singletary,0,238,devin-singletary-238,6130,Devin Singletary,RB,NYG,exact,exact
Devontez Walker,0,1592,devontez-walker-1592,11629,Devontez Walker,WR,BAL,exact,exact
Diontae Johnson,0,,,5937,Diontae Johnson,WR,,no_ktc,exact
Donald Parham,0,,,6074,Donald Parham,TE,,no_ktc,exact
Donovan Peoples-Jones,0,,,6824,Donovan Peoples-Jones,WR,,no_ktc,exact
Dontayvion Wicks,0,1448,dontayvion-wicks-1448,9486,Dontayvion Wicks,WR,PHI,exact,exact
Dorian Thompson-Robinson,0,,,10862,Dorian Thompson-Robinson,QB,,no_ktc,exact
Drake London,0,1268,drake-london-1268,8112,Drake London,WR,ATL,exact,exact
Drake Maye,0,1551,drake-maye-1551,11564,Drake Maye,QB,NEP,exact,exact
Drew Lock,0,33,drew-lock-33,5854,Drew Lock,QB,SEA,exact,exact
Drew Sample,0,,,6001,Drew Sample,TE,CIN,no_ktc,exact
Durham Smythe,0,,,5008,Durham Smythe,TE,BAL,no_ktc,exact
Dyami Brown,0,1069,dyami-brown-1069,7587,Dyami Brown,WR,WAS,exact,exact
Elijah Higgins,0,1469,elijah-higgins-1469,10231,Elijah Higgins,TE,ARI,exact,exact
Elijah Mitchell,0,,,7561,Elijah Mitchell,RB,,no_ktc,exact
Elijah Moore,0,1012,elijah-moore-1012,7596,Elijah Moore,WR,PHI,exact,exact
Emanuel Wilson,0,1515,emanuel-wilson-1515,11435,Emanuel Wilson,RB,SEA,exact,exact
Emari Demercado,0,1481,emari-demercado-1481,11199,Emari Demercado,RB,KCC,exact,exact
Eno Benjamin,0,,,6951,Eno Benjamin,RB,,no_ktc,exact
Equanimeous St. Brown,0,,,5323,Equanimeous St. Brown,WR,,no_ktc,exact
Eric Gray,0,,,10223,Eric Gray,RB,NYG,no_ktc,exact
Erik Ezukanma,0,,,8114,Erik Ezukanma,WR,PHI,no_ktc,exact
Evan Engram,0,229,evan-engram-229,4066,Evan Engram,TE,DEN,exact,exact
Evan Hull,0,,,9220,Evan Hull,RB,ARI,no_ktc,exact
Ezekiel Elliott,0,,,3164,Ezekiel Elliott,RB,,no_ktc,exact
Foster Moreau,0,179,foster-moreau-179,5985,Foster Moreau,TE,HOU,exact,exact
Frank Gore Jr.,0,1570,frank-gore-jr-1570,11573,Frank Gore,RB,BUF,exact,normalised
Gabriel Davis,0,533,gabriel-davis-533,6943,Gabe Davis,WR,BUF,exact,alias
Gardner Minshew,0,47,gardner-minshew-47,6011,Gardner Minshew,QB,ARI,exact,exact
Garrett Wilson,0,1270,garrett-wilson-1270,8146,Garrett Wilson,WR,NYJ,exact,exact
Gary Brightwell,0,,,7529,Gary Brightwell,RB,CIN,no_ktc,exact
Geno Smith,0,671,geno-smith-671,1373,Geno Smith,QB,NYJ,exact,exact
George Kittle,0,298,george-kittle-298,4217,George Kittle,TE,SFO,exact,exact
George Pickens,0,1279,george-pickens-1279,8137,George Pickens,WR,DAL,exact,exact
Gerald Everett,0,,,4089,Gerald Everett,TE,,no_ktc,exact
Greg Dortch,0,10,greg-dortch-10,5970,Greg Dortch,WR,DET,exact,exact
Greg Dulcich,0,1256,greg-dulcich-1256,8172,Greg Dulcich,TE,MIA,exact,exact
Gus Edwards,0,,,5248,Gus Edwards,RB,,no_ktc,exact
Harrison Bryant,0,,,6850,Harrison Bryant,TE,,no_ktc,exact
Hassan Haskins,0,1191,hassan-haskins-1191,8123,Hassan Haskins,RB,NEP,exact,exact
Hayden Hurst,0,,,4973,Hayden Hurst,TE,,no_ktc,exact
Hendon Hooker,0,,,9998,Hendon Hooker,QB,TEN,no_ktc,exact
Hunter Henry,0,212,hunter-henry-212,3214,Hunter Henry,TE,NEP,exact,exact
Hunter Long,0,,,7535,Hunter Long,TE,JAX,no_ktc,exact
Hunter Renfrow,0,,,5955,Hunter Renfrow,WR,,no_ktc,exact
Ian Thomas,0,,,4995,Ian Thomas,TE,LV,no_ktc,exact
Ihmir Smith-Marsette,0,,,7559,Ihmir Smith-Marsette,WR,ARI,no_ktc,exact
Irv Smith,0,,,6126,Irv Smith,TE,,no_ktc,exact
Isaiah Hodgins,0,561,isaiah-hodgins-561,6920,Isaiah Hodgins,WR,NYG,exact,exact
Isaiah Likely,0,1257,isaiah-likely-1257,8131,Isaiah Likely,TE,NYG,exact,exact
Isaiah McKenzie,0,,,4197,Isaiah McKenzie,WR,,no_ktc,exact
Isaiah Spiller,0,,,8153,Isaiah Spiller,RB,,no_ktc,exact
Isiah Pacheco,0,1266,isiah-pacheco-1266,8205,Isiah Pacheco,RB,DET,exact,exact
Israel Abanikanda,0,1383,israel-abanikanda-1383,9227,Israel Abanikanda,RB,DAL,exact,exact
J.J. McCarthy,0,1555,jj-mccarthy-1555,11565,J.J. McCarthy,QB,MIN,exact,exact
J.K. Dobbins,0,636,jk-dobbins-636,6806,J.K. Dobbins,RB,DEN,exact,exact
Ja'Lynn Polk,0,,,11619,Ja'Lynn Polk,WR,,no_ktc,exact
Ja'Marr Chase,0,1004,ja-marr-chase-1004,7564,Ja'Marr Chase,WR,CIN,exact,exact
Ja'Tavion Sanders,0,1614,ja-tavion-sanders-1614,11600,Ja'Tavion Sanders,TE,CAR,exact,exact
Jacoby Brissett,0,20,jacoby-brissett-20,3257,Jacoby Brissett,QB,ARI,exact,exact
Jaelon Darden,0,,,7713,Jaelon Darden,WR,,no_ktc,exact
Jahan Dotson,0,1272,jahan-dotson-1272,8119,Jahan Dotson,WR,ATL,exact,exact
Jahmyr Gibbs,0,1415,jahmyr-gibbs-1415,9221,Jahmyr Gibbs,RB,DET,exact,exact
Jake Bobo,0,1488,jake-bobo-1488,10867,Jake Bobo,WR,SEA,exact,exact
Jake Browning,0,,,6111,Jake Browning,QB,TB,no_ktc,exact
Jake Ferguson,0,1258,jake-ferguson-1258,8110,Jake Ferguson,TE,DAL,exact,exact
Jake Haener,0,,,10215,Jake Haener,QB,NYG,no_ktc,exact
Jakobi Meyers,0,13,jakobi-meyers-13,5947,Jakobi Meyers,WR,JAC,exact,exact
Jaleel McLaughlin,0,1486,jaleel-mclaughlin-1486,11439,Jaleel McLaughlin,RB,DEN,exact,exact
Jalen Guyton,0,,,6421,Jalen Guyton,WR,,no_ktc,exact
Jalen Hurts,0,595,jalen-hurts-595,6904,Jalen Hurts,QB,PHI,exact,exact
Jalen McMillan,0,1599,jalen-mcmillan-1599,11618,Jalen McMillan,WR,TBB,exact,exact
Jalen Nailor,0,1245,jalen-nailor-1245,8180,Jalen Nailor,WR,LVR,exact,exact
Jalen Tolbert,0,1247,jalen-tolbert-1247,8117,Jalen Tolbert,WR,MIA,exact,exact
Jalin Hyatt,0,1399,jalin-hyatt-1399,9497,Jalin Hyatt,WR,NYG,exact,exact
Jamaal Williams,0,,,4149,Jamaal Williams,RB,,no_ktc,exact
Jamal Agnew,0,,,4198,Jamal Agnew,WR,,no_ktc,exact
Jameis Winston,0,413,jameis-winston-413,2306,Jameis Winston,QB,NYG,exact,exact
James Conner,0,268,james-conner-268,4137,James Conner,RB,ARI,exact,exact
James Cook,0,1231,james-cook-1231,8138,James Cook,RB,BUF,exact,exact
James Robinson,0,,,6955,James Robinson,RB,,no_ktc,exact
Jameson Williams,0,1273,jameson-williams-1273,8148,Jameson Williams,WR,DET,exact,exact
Jared Goff,0,388,jared-goff-388,3163,Jared Goff,QB,DET,exact,exact
Jaren Hall,0,,,9231,Jaren Hall,QB,,no_ktc,exact
Jarrett Stidham,0,,,6136,Jarrett Stidham,QB,DEN,no_ktc,exact
Jase McClellan,0,,,11590,Jase McClellan,RB,,no_ktc,exact
Jason Brownlee,0,,,11311,Jason Brownlee,WR,KC,no_ktc,exact
Jauan Jennings,0,576,jauan-jennings-576,7049,Jauan Jennings,WR,MIN,exact,exact
Javon Baker,0,1608,javon-baker-1608,11645,Javon Baker,WR,SFO,exact,exact
Javonte Williams,0,1033,javonte-williams-1033,7588,Javonte Williams,RB,DAL,exact,exact
Jaxon Smith-Njigba,0,1437,jaxon-smith-njigba-1437,9488,Jaxon Smith-Njigba,WR,SEA,exact,exact
Jayden Daniels,0,1552,jayden-daniels-1552,11566,Jayden Daniels,QB,WAS,exact,exact
Jayden Reed,0,1419,jayden-reed-1419,10222,Jayden Reed,WR,GBP,exact,exact
Jaylen Waddle,0,1007,jaylen-waddle-1007,7526,Jaylen Waddle,WR,DEN,exact,exact
Jaylen Warren,0,1201,jaylen-warren-1201,8228,Jaylen Warren,RB,PIT,exact,exact
Jaylen Wright,0,1581,jaylen-wright-1581,11643,Jaylen Wright,RB,MIA,exact,exact
Jeffery Wilson,0,,,5284,Jeff Wilson,RB,,no_ktc,alias
Jelani Woods,0,,,8219,Jelani Woods,TE,NYJ,no_ktc,exact
Jeremy Ruckert,0,1255,jeremy-ruckert-1255,8145,Jeremy Ruckert,TE,NYJ,exact,exact
Jerick McKinnon,0,,,2161,Jerick McKinnon,RB,,no_ktc,exact
Jermaine Burton,0,,,11640,Jermaine Burton,WR,,no_ktc,exact
Jerome Ford,0,1229,jerome-ford-1229,8143,Jerome Ford,RB,FA,exact,exact
Jerry Jeudy,0,545,jerry-jeudy-545,6783,Jerry Jeudy,WR,CLE,exact,exact
Jimmy Garoppolo,0,,,1837,Jimmy Garoppolo,QB,,no_ktc,exact
Joe Burrow,0,601,joe-burrow-601,6770,Joe Burrow,QB,CIN,exact,exact
Joe Flacco,0,722,joe-flacco-722,19,Joe Flacco,QB,CIN,exact,exact
Joe Milton,0,1556,joe-milton-1556,11557,Joe Milton,QB,DAL,exact,exact
Joe Mixon,0,,,4018,Joe Mixon,RB,,no_ktc,exact
John Bates,0,,,7716,John Bates,TE,WAS,no_ktc,exact
John Metchie,0,1276,john-metchie-1276,8147,John Metchie,WR,CAR,exact,exact
Johnny Wilson,0,1596,johnny-wilson-1596,11636,Johnny Wilson,WR,PHI,exact,exact
Jonathan Mingo,0,1450,jonathan-mingo-1450,10225,Jonathan Mingo,WR,DAL,exact,exact
Jonathan Taylor,0,634,jonathan-taylor-634,6813,Jonathan Taylor,RB,IND,exact,exact
Jonathon Brooks,0,1568,jonathon-brooks-1568,11583,Jonathon Brooks,RB,CAR,exact,exact
Jonnu Smith,0,,,4144,Jonnu Smith,TE,,no_ktc,exact
Jordan Addison,0,1420,jordan-addison-1420,9756,Jordan Addison,WR,MIN,exact,exact
Jordan Love,0,596,jordan-love-596,6804,Jordan Love,QB,GBP,exact,exact
Jordan Mason,0,1330,jordan-mason-1330,8408,Jordan Mason,RB,MIN,exact,exact
Jordan Travis,0,,,11567,Jordan Travis,QB,,no_ktc,exact
Josh Allen,0,365,josh-allen-365,4984,Josh Allen,QB,BUF,exact,exact
Josh Downs,0,1440,josh-downs-1440,9500,Josh Downs,WR,IND,exact,exact
Josh Jacobs,0,303,josh-jacobs-303,5850,Josh Jacobs,RB,GBP,exact,exact
Josh Oliver,0,,,5973,Josh Oliver,TE,MIN,no_ktc,exact
Josh Palmer,0,,,7670,Joshua Palmer,WR,BUF,no_ktc,alias
Josh Reynolds,0,,,4171,Josh Reynolds,WR,,no_ktc,exact
Joshua Dobbs,0,,,4179,Joshua Dobbs,QB,DET,no_ktc,exact
Joshua Kelley,0,,,7045,Joshua Kelley,RB,,no_ktc,exact
JuJu Smith-Schuster,0,,,4040,JuJu Smith-Schuster,WR,,no_ktc,exact
Julius Chestnut,0,1325,julius-chestnut-1325,8254,Julius Chestnut,RB,TEN,exact,exact
Justice Hill,0,368,justice-hill-368,5995,Justice Hill,RB,BAL,exact,exact
Justin Fields,0,1015,justin-fields-1015,7591,Justin Fields,QB,KCC,exact,exact
Justin Herbert,0,599,justin-herbert-599,6797,Justin Herbert,QB,LAC,exact,exact
Justin Jefferson,0,542,justin-jefferson-542,6794,Justin Jefferson,WR,MIN,exact,exact
Justin Shorter,0,,,9489,Justin Shorter,WR,LV,no_ktc,exact
Justin Watson,0,,,5374,Justin Watson,WR,HOU,no_ktc,exact
Justyn Ross,0,,,8140,Justyn Ross,WR,,no_ktc,exact
Juwan Johnson,0,575,juwan-johnson-575,7002,Juwan Johnson,TE,NOS,exact,exact
K.J. Osborn,0,,,7066,K.J. Osborn,WR,TEN,no_ktc,exact
KJ Hamler,0,,,6805,KJ Hamler,WR,,no_ktc,exact
KaVontae Turpin,0,1336,kavontae-turpin-1336,8917,KaVontae Turpin,WR,DAL,exact,exact
Kadarius Toney,0,,,7606,Kadarius Toney,WR,,no_ktc,exact
Kalif Raymond,0,,,3634,Kalif Raymond,WR,CHI,no_ktc,exact
Kareem Hunt,0,,,4098,Kareem Hunt,RB,,no_ktc,exact
Kayshon Boutte,0,1446,kayshon-boutte-1446,9504,Kayshon Boutte,WR,HOU,exact,exact
Ke'Shawn Vaughn,0,,,6885,Ke'Shawn Vaughn,RB,,no_ktc,exact
Keaontay Ingram,0,,,8221,Keaontay Ingram,RB,,no_ktc,exact
Keaton Mitchell,0,1393,keaton-mitchell-1393,9511,Keaton Mitchell,RB,LAC,exact,exact
Keenan Allen,0,265,keenan-allen-265,1479,Keenan Allen,WR,IND,exact,exact
Kendre Miller,0,1386,kendre-miller-1386,9757,Kendre Miller,RB,NOS,exact,exact
Kendrick Bourne,0,153,kendrick-bourne-153,4454,Kendrick Bourne,WR,ARI,exact,exact
Kene Nwangwu,0,,,7720,Kene Nwangwu,RB,NYJ,no_ktc,exact
Kenneth Gainwell,0,1032,kenneth-gainwell-1032,,,RB,TBB,exact,no_match
Kenneth Walker III,0,1227,kenneth-walker-iii-1227,8151,Kenneth Walker,RB,KCC,exact,normalised
Kenny McIntosh,0,,,10216,Kenny McIntosh,RB,,no_ktc,exact
Kenny Pickett,0,1208,kenny-pickett-1208,8160,Kenny Pickett,QB,CAR,exact,exact
Keon Coleman,0,1588,keon-coleman-1588,11637,Keon Coleman,WR,BUF,exact,exact
Kevin Harris,0,,,8174,Kevin Harris,RB,,no_ktc,exact
Khalil Herbert,0,994,khalil-herbert-994,7608,Khalil Herbert,RB,SFO,exact,exact
Khalil Shakir,0,1278,khalil-shakir-1278,8134,Khalil Shakir,WR,BUF,exact,exact
Kirk Cousins,0,396,kirk-cousins-396,1166,Kirk Cousins,QB,LVR,exact,exact
Kyle Philips,0,,,8171,Kyle Philips,WR,,no_ktc,exact
Kyle Pitts,0,1051,kyle-pitts-1051,7553,Kyle Pitts,TE,ATL,exact,exact
Kyle Trask,0,,,7605,Kyle Trask,QB,CAR,no_ktc,exact
Kylen Granson,0,,,7602,Kylen Granson,TE,TEN,no_ktc,exact
Kyler Murray,0,379,kyler-murray-379,5849,Kyler Murray,QB,MIN,exact,exact
Kyren Williams,0,1226,kyren-williams-1226,8150,Kyren Williams,RB,LAR,exact,exact
Ladd McConkey,0,1598,ladd-mcconkey-1598,11635,Ladd McConkey,WR,LAC,exact,exact
Lamar Jackson,0,372,lamar-jackson-372,4881,Lamar Jackson,QB,BAL,exact,exact
Laviska Shenault,0,,,6814,Laviska Shenault,WR,,no_ktc,exact
Lil'Jordan Humphrey,0,177,lil-jordan-humphrey-177,5938,Lil'Jordan Humphrey,WR,DEN,exact,exact
Luke McCaffrey,0,1606,luke-mccaffrey-1606,11650,Luke McCaffrey,WR,WAS,exact,exact
Luke Musgrave,0,1430,luke-musgrave-1430,9481,Luke Musgrave,TE,GBP,exact,exact
Luke Schoonmaker,0,1382,luke-schoonmaker-1382,10871,Luke Schoonmaker,TE,DAL,exact,exact
Mac Jones,0,1018,mac-jones-1018,7527,Mac Jones,QB,SFO,exact,exact
Malachi Corley,0,1607,malachi-corley-1607,11617,Malachi Corley,WR,CLE,exact,exact
Malik Cunningham,0,,,10860,Malik Cunningham,WR,DET,no_ktc,exact
Malik Davis,0,1197,malik-davis-1197,8800,Malik Davis,RB,DAL,exact,exact
Malik Heath,0,1502,malik-heath-1502,11210,Malik Heath,WR,ATL,exact,exact
Malik Nabers,0,1586,malik-nabers-1586,11632,Malik Nabers,WR,NYG,exact,exact
Malik Washington,0,1623,malik-washington-1623,11610,Malik Washington,WR,MIA,exact,exact
Malik Willis,0,1210,malik-willis-1210,8161,Malik Willis,QB,MIA,exact,exact
MarShawn Lloyd,0,1575,marshawn-lloyd-1575,11581,MarShawn Lloyd,RB,GBP,exact,exact
Marcus Mariota,0,23,marcus-mariota-23,2307,Marcus Mariota,QB,WAS,exact,exact
Mark Andrews,0,366,mark-andrews-366,5012,Mark Andrews,TE,BAL,exact,exact
Marquez Callaway,0,,,6989,Marquez Callaway,WR,,no_ktc,exact
Marquez Valdes-Scantling,0,,,5086,Marquez Valdes-Scantling,WR,DAL,no_ktc,exact
Marquise Brown,0,311,marquise-brown-311,5848,Marquise Brown,WR,PHI,exact,exact
Marvin Harrison Jr.,0,1585,marvin-harrison-jr-1585,11628,Marvin Harrison,WR,ARI,exact,normalised
Marvin Mims,0,1442,marvin-mims-1442,9494,Marvin Mims,WR,DEN,exact,exact
Mason Rudolph,0,,,4972,Mason Rudolph,QB,PIT,no_ktc,exact
Matthew Stafford,0,356,matthew-stafford-356,421,Matthew Stafford,QB,LAR,exact,exact
Max Duggan,0,,,10233,Max Duggan,QB,,no_ktc,exact
Mecole Hardman,0,404,mecole-hardman-404,5917,Mecole Hardman,WR,BUF,exact,exact
Michael Carter,0,1035,michael-carter-1035,7607,Michael Carter,RB,TEN,exact,exact
Michael Gallup,0,,,5038,Michael Gallup,WR,,no_ktc,exact
Michael Mayer,0,1427,michael-mayer-1427,9482,Michael Mayer,TE,LVR,exact,exact
Michael Penix Jr.,0,1554,michael-penix-jr-1554,11559,Michael Penix,QB,ATL,exact,normalised
Michael Pittman,0,536,michael-pittman-536,6819,Michael Pittman,WR,PIT,exact,exact
Michael Thomas,0,,,3199,Michael Thomas,WR,,no_ktc,exact
Michael Wilson,0,1421,michael-wilson-1421,10232,Michael Wilson,WR,ARI,exact,exact
Mike Evans,0,275,mike-evans-275,2216,Mike Evans,WR,SFO,exact,exact
Mike Gesicki,0,330,mike-gesicki-330,4993,Mike Gesicki,TE,CIN,exact,exact
Mike White,0,,,5089,Mike White,QB,,no_ktc,exact
Mike Williams,0,,,4068,Mike Williams,WR,,no_ktc,alias
Miles Sanders,0,,,6151,Miles Sanders,RB,,no_ktc,exact
Mitchell Trubisky,0,,,3976,Mitchell Trubisky,QB,TEN,no_ktc,exact
Mo Alie-Cox,0,,,4054,Mo Alie-Cox,TE,IND,no_ktc,exact
Myles Gaskin,0,,,5980,Myles Gaskin,RB,,no_ktc,exact
Najee Harris,0,1031,najee-harris-1031,7528,Najee Harris,RB,NYG,exact,exact
Nelson Agholor,0,,,2325,Nelson Agholor,WR,,no_ktc,exact
Nick Chubb,0,,,4988,Nick Chubb,RB,,no_ktc,exact
Nick Mullens,0,,,4464,Nick Mullens,QB,JAX,no_ktc,exact
Nick Westbrook-Ikhine,0,950,nick-westbrook-ikhine-950,7496,Nick Westbrook-Ikhine,WR,IND,exact,exact
Nico Collins,0,1040,nico-collins-1040,7569,Nico Collins,WR,HOU,exact,exact
Noah Brown,0,,,4234,Noah Brown,WR,LV,no_ktc,exact
Noah Fant,0,243,noah-fant-243,5857,Noah Fant,TE,NOS,exact,exact
Noah Gray,0,1059,noah-gray-1059,7828,Noah Gray,TE,KCC,exact,exact
Nyheim Hines,0,,,5347,Nyheim Miller-Hines,RB,,no_ktc,alias
Odell Beckham,0,,,2078,Odell Beckham,WR,NYG,no_ktc,exact
Olamide Zaccheaus,0,609,olamide-zaccheaus-609,6271,Olamide Zaccheaus,WR,ATL,exact,exact
Parker Washington,0,1445,parker-washington-1445,9487,Parker Washington,WR,JAC,exact,exact
Parris Campbell,0,,,5880,Parris Campbell,WR,,no_ktc,exact
Pat Freiermuth,0,1053,pat-freiermuth-1053,7600,Pat Freiermuth,TE,PIT,exact,exact
Patrick Mahomes,0,272,patrick-mahomes-272,4046,Patrick Mahomes,QB,KCC,exact,exact
Peyton Hendershot,0,,,8197,Peyton Hendershot,TE,,no_ktc,exact
Pierre Strong Jr.,0,,,8116,Pierre Strong,RB,GB,no_ktc,normalised
Puka Nacua,0,1426,puka-nacua-1426,9493,Puka Nacua,WR,LAR,exact,exact
Quentin Johnston,0,1441,quentin-johnston-1441,9754,Quentin Johnston,WR,LAC,exact,exact
Quez Watkins,0,,,6927,Quez Watkins,WR,PHI,no_ktc,exact
Rachaad White,0,1180,rachaad-white-1180,8136,Rachaad White,RB,WAS,exact,exact
Raheem Blackshear,0,,,8255,Raheem Blackshear,RB,DET,no_ktc,exact
Raheem Mostert,0,,,2749,Raheem Mostert,RB,,no_ktc,exact
Rakim Jarrett,0,,,9495,Rakim Jarrett,WR,,no_ktc,exact
Rashaad Penny,0,,,4985,Rashaad Penny,RB,,no_ktc,exact
Rashee Rice,0,1447,rashee-rice-1447,10229,Rashee Rice,WR,KCC,exact,exact
Rashid Shaheed,0,1360,rashid-shaheed-1360,8676,Rashid Shaheed,WR,SEA,exact,exact
Rashod Bateman,0,1070,rashod-bateman-1070,7571,Rashod Bateman,WR,BAL,exact,exact
Ray Davis,0,1574,ray-davis-1574,11575,Ray Davis,RB,BUF,exact,exact
Rhamondre Stevenson,0,1036,rhamondre-stevenson-1036,7611,Rhamondre Stevenson,RB,NEP,exact,exact
Richie James,0,,,5137,Richie James,WR,,no_ktc,exact
Ricky Pearsall,0,1593,ricky-pearsall-1593,11638,Ricky Pearsall,WR,SFO,exact,exact
Rico Dowdle,0,555,rico-dowdle-555,7021,Rico Dowdle,RB,PIT,exact,exact
Robert Woods,0,,,1352,Robert Woods,WR,,no_ktc,exact
Roman Wilson,0,1600,roman-wilson-1600,11630,Roman Wilson,WR,PIT,exact,exact
Rome Odunze,0,1587,rome-odunze-1587,11620,Rome Odunze,WR,CHI,exact,exact
Romeo Doubs,0,1238,romeo-doubs-1238,8121,Romeo Doubs,WR,NEP,exact,exact
Rondale Moore,0,,,7601,Rondale Moore,WR,,no_ktc,exact
Ronnie Bell,0,,,10221,Ronnie Bell,WR,NO,no_ktc,exact
Ronnie Rivers,0,,,8195,Ronnie Rivers,RB,LAR,no_ktc,exact
Roschon Johnson,0,1390,roschon-johnson-1390,10235,Roschon Johnson,RB,CHI,exact,exact
Russell Wilson,0,,,1234,Russell Wilson,QB,,no_ktc,exact
Ryan Tannehill,0,,,1049,Ryan Tannehill,QB,,no_ktc,exact
Salvon Ahmed,0,,,6918,Salvon Ahmed,RB,CHI,no_ktc,exact
Sam Darnold,0,331,sam-darnold-331,4943,Sam Darnold,QB,SEA,exact,exact
Sam Howell,0,1209,sam-howell-1209,8162,Sam Howell,QB,DAL,exact,exact
Sam LaPorta,0,1429,sam-laporta-1429,10859,Sam LaPorta,TE,DET,exact,exact
Samaje Perine,0,785,samaje-perine-785,4147,Samaje Perine,RB,CIN,exact,exact
Samori Toure,0,,,8235,Samori Toure,WR,PHI,no_ktc,exact
Saquon Barkley,0,1,saquon-barkley-1,4866,Saquon Barkley,RB,PHI,exact,exact
Scotty Miller,0,,,6290,Scotty Miller,WR,CHI,no_ktc,exact
Sean Tucker,0,1400,sean-tucker-1400,9506,Sean Tucker,RB,TBB,exact,exact
Skyy Moore,0,1283,skyy-moore-1283,8168,Skyy Moore,WR,GBP,exact,exact
Spencer Rattler,0,1557,spencer-rattler-1557,11562,Spencer Rattler,QB,NOS,exact,exact
Stefon Diggs,0,262,stefon-diggs-262,2449,Stefon Diggs,WR,WAS,exact,exact
Stetson Bennett,0,1406,stetson-bennett-1406,10857,Stetson Bennett,QB,LAR,exact,exact
T.J. Hockenson,0,247,tj-hockenson-247,5844,T.J. Hockenson,TE,MIN,exact,exact
Tank Bigsby,0,1401,tank-bigsby-1401,9225,Tank Bigsby,RB,PHI,exact,exact
Tank Dell,0,1438,tank-dell-1438,9502,Tank Dell,WR,HOU,exact,exact
Tanner Hudson,0,,,5409,Tanner Hudson,TE,CIN,no_ktc,exact
Taylor Heinicke,0,,,2711,Taylor Heinicke,QB,,no_ktc,exact
Taysom Hill,0,,,4381,Taysom Hill,TE,,no_ktc,exact
Teagan Quitoriano,0,,,8227,Teagan Quitoriano,TE,ARI,no_ktc,exact
Tee Higgins,0,543,tee-higgins-543,6801,Tee Higgins,WR,CIN,exact,exact
Terrace Marshall,0,,,7565,Terrace Marshall,WR,MIA,no_ktc,exact
Terry McLaurin,0,328,terry-mclaurin-328,5927,Terry McLaurin,WR,WAS,exact,exact
Tim Patrick,0,,,4351,Tim Patrick,WR,NYJ,no_ktc,exact
Tommy DeVito,0,,,11292,Tommy DeVito,QB,NE,no_ktc,exact
Tommy Tremble,0,1054,tommy-tremble-1054,7694,Tommy Tremble,TE,CAR,exact,exact
Tony Pollard,0,344,tony-pollard-344,5967,Tony Pollard,RB,TEN,exact,exact
Travis Etienne,0,1030,travis-etienne-1030,7543,Travis Etienne,RB,NOS,exact,exact
Travis Kelce,0,264,travis-kelce-264,1466,Travis Kelce,TE,KCC,exact,exact
Trayveon Williams,0,99,trayveon-williams-99,6144,Trayveon Williams,RB,DET,exact,exact
Tre Tucker,0,1460,tre-tucker-1460,10213,Tre Tucker,WR,LVR,exact,exact
Tre'Quan Smith,0,,,5026,Tre'Quan Smith,WR,,no_ktc,exact
Trenton Irwin,0,,,6598,Trenton Irwin,WR,SF,no_ktc,exact
Trevor Lawrence,0,1094,trevor-lawrence-1094,7523,Trevor Lawrence,QB,JAC,exact,exact
Trey Benson,0,1565,trey-benson-1565,11589,Trey Benson,RB,FA,exact,exact
Trey Lance,0,1017,trey-lance-1017,7610,Trey Lance,QB,LAC,exact,exact
Trey McBride,0,1253,trey-mcbride-1253,8130,Trey McBride,TE,ARI,exact,exact
Trey Palmer,0,1452,trey-palmer-1452,9492,Trey Palmer,WR,NOS,exact,exact
Trey Sermon,0,,,7593,Trey Sermon,RB,ATL,no_ktc,exact
Treylon Burks,0,1269,treylon-burks-1269,8135,Treylon Burks,WR,WAS,exact,exact
Troy Franklin,0,1590,troy-franklin-1590,11627,Troy Franklin,WR,DEN,exact,exact
Tua Tagovailoa,0,600,tua-tagovailoa-600,6768,Tua Tagovailoa,QB,ATL,exact,exact
Tucker Kraft,0,1418,tucker-kraft-1418,9484,Tucker Kraft,TE,GBP,exact,exact
Tutu Atwell,0,1078,tutu-atwell-1078,7562,Tutu Atwell,WR,MIA,exact,exact
Ty Chandler,0,1182,ty-chandler-1182,8230,Ty Chandler,RB,NOS,exact,exact
Ty Johnson,0,6,ty-johnson-6,6039,Ty Johnson,RB,BUF,exact,exact
Tyjae Spears,0,1417,tyjae-spears-1417,9508,Tyjae Spears,RB,TEN,exact,exact
Tylan Wallace,0,,,7595,Tylan Wallace,WR,CLE,no_ktc,exact
Tyler Allgeier,0,1228,tyler-allgeier-1228,8132,Tyler Allgeier,RB,ARI,exact,exact
Tyler Badie,0,1206,tyler-badie-1206,8208,Tyler Badie,RB,DEN,exact,exact
Tyler Boyd,0,,,3225,Tyler Boyd,WR,,no_ktc,exact
Tyler Conklin,0,,,5133,Tyler Conklin,TE,DET,no_ktc,exact
Tyler Higbee,0,159,tyler-higbee-159,3271,Tyler Higbee,TE,LAR,exact,exact
Tyler Huntley,0,618,tyler-huntley-618,7083,Tyler Huntley,QB,BAL,exact,exact
Tyler Johnson,0,572,tyler-johnson-572,6960,Tyler Johnson,WR,DAL,exact,exact
Tyler Lockett,0,,,2374,Tyler Lockett,WR,,no_ktc,exact
Tyler Scott,0,1436,tyler-scott-1436,9490,Tyler Scott,WR,LAR,exact,exact
Tyquan Thornton,0,1246,tyquan-thornton-1246,8188,Tyquan Thornton,WR,KCC,exact,exact
Tyreek Hill,0,286,tyreek-hill-286,3321,Tyreek Hill,WR,FA,exact,exact
Tyrion Davis-Price,0,,,8211,Tyrion Davis-Price,RB,,no_ktc,exact
Tyrod Taylor,0,,,827,Tyrod Taylor,QB,GB,no_ktc,exact
Tyson Bagent,0,1478,tyson-bagent-1478,11256,Tyson Bagent,QB,CHI,exact,exact
Van Jefferson,0,,,6853,Van Jefferson,WR,WAS,no_ktc,exact
Wan'Dale Robinson,0,1274,wan-dale-robinson-1274,8126,Wan'Dale Robinson,WR,TEN,exact,exact
Will Dissly,0,,,5010,Will Dissly,TE,,no_ktc,exact
Will Levis,0,1402,will-levis-1402,9999,Will Levis,QB,TEN,exact,exact
Will Shipley,0,1572,will-shipley-1572,11577,Will Shipley,RB,PHI,exact,exact
Xavier Gipson,0,1504,xavier-gipson-1504,11306,Xavier Gipson,WR,NYG,exact,exact
Xavier Hutchinson,0,1454,xavier-hutchinson-1454,10218,Xavier Hutchinson,WR,HOU,exact,exact
Xavier Legette,0,1610,xavier-legette-1610,11626,Xavier Legette,WR,CAR,exact,exact
Xavier Worthy,0,1591,xavier-worthy-1591,11624,Xavier Worthy,WR,KCC,exact,exact
Zach Charbonnet,0,1384,zach-charbonnet-1384,9753,Zach Charbonnet,RB,SEA,exact,exact
Zach Ertz,0,,,1339,Zach Ertz,TE,,no_ktc,exact
Zach Evans,0,,,9222,Zach Evans,RB,,no_ktc,exact
Zach Wilson,0,1016,zach-wilson-1016,7538,Zach Wilson,QB,NOS,exact,exact
Zack Moss,0,,,6845,Zack Moss,RB,,no_ktc,exact
Zamir White,0,1230,zamir-white-1230,8139,Zamir White,RB,NOS,exact,exact
Zay Flowers,0,1443,zay-flowers-1443,9997,Zay Flowers,WR,BAL,exact,exact
Zay Jones,0,327,zay-jones-327,4080,Zay Jones,WR,HOU,exact,exact
Zonovan Knight,0,,,8122,Zonovan Knight,RB,ARI,no_ktc,exact
