metric,position,rank,label,average_value,day_count
overall,OVERALL,1,Overall1,9995.6,73
overall,OVERALL,2,Overall2,9911.35,66
overall,OVERALL,3,Overall3,9700.09,69
overall,OVERALL,4,Overall4,9342.74,69
overall,OVERALL,5,Overall5,8952.96,70
overall,OVERALL,6,Overall6,8610.86,69
overall,OVERALL,7,Overall7,8290.95,83
overall,OVERALL,8,Overall8,8093.99,70
overall,OVERALL,9,Overall9,7892.39,71
overall,OVERALL,10,Overall10,7627.77,79
overall,OVERALL,11,Overall11,7419.3,74
overall,OVERALL,12,Overall12,7309.61,66
overall,OVERALL,13,Overall13,6324.17,83
overall,OVERALL,14,Overall14,7077.4,83
overall,OVERALL,15,Overall15,6853.41,73
overall,OVERALL,16,Overall16,6790.74,69
overall,OVERALL,17,Overall17,6802.01,85
overall,OVERALL,18,Overall18,6726.4,63
overall,OVERALL,19,Overall19,6623.81,63
overall,OVERALL,20,Overall20,6378.41,69
overall,OVERALL,21,Overall21,6295.21,73
overall,OVERALL,22,Overall22,6422.12,64
overall,OVERALL,23,Overall23,6405.45,74
overall,OVERALL,24,Overall24,5480.45,73
overall,OVERALL,25,Overall25,6230.08,78
overall,OVERALL,26,Overall26,5970.94,78
overall,OVERALL,27,Overall27,5906.49,78
overall,OVERALL,28,Overall28,6143.66,62
overall,OVERALL,29,Overall29,6047.82,65
overall,OVERALL,30,Overall30,5863.34,58
overall,OVERALL,31,Overall31,5919.36,55
overall,OVERALL,32,Overall32,5909.68,74
overall,OVERALL,33,Overall33,5862.51,67
overall,OVERALL,34,Overall34,5819.45,76
overall,OVERALL,35,Overall35,5169.79,77
overall,OVERALL,36,Overall36,4956.74,86
overall,OVERALL,37,Overall37,5429.54,68
overall,OVERALL,38,Overall38,5648.35,54
overall,OVERALL,39,Overall39,5451.02,51
overall,OVERALL,40,Overall40,5532.42,52
overall,OVERALL,41,Overall41,5532.36,50
overall,OVERALL,42,Overall42,4730.58,72
overall,OVERALL,43,Overall43,5349.3,67
overall,OVERALL,44,Overall44,5335.59,56
overall,OVERALL,45,Overall45,5355.61,57
overall,OVERALL,46,Overall46,5320.35,60
overall,OVERALL,47,Overall47,5221.38,79
overall,OVERALL,48,Overall48,5245.07,56
overall,OVERALL,49,Overall49,5362.81,57
overall,OVERALL,50,Overall50,5197.85,60
overall,OVERALL,51,Overall51,5098.74,73
overall,OVERALL,52,Overall52,5024.21,63
overall,OVERALL,53,Overall53,5104.34,62
overall,OVERALL,54,Overall54,5099.12,74
overall,OVERALL,55,Overall55,4995.84,74
overall,OVERALL,56,Overall56,4366.16,67
overall,OVERALL,57,Overall57,4997.16,75
overall,OVERALL,58,Overall58,4378.08,71
overall,OVERALL,59,Overall59,4463.32,97
overall,OVERALL,60,Overall60,4902.67,51
overall,OVERALL,61,Overall61,4882.61,61
overall,OVERALL,62,Overall62,4792.8,50
overall,OVERALL,63,Overall63,4763.18,55
overall,OVERALL,64,Overall64,4837.42,60
overall,OVERALL,65,Overall65,4058.6,87
overall,OVERALL,66,Overall66,4724.82,62
overall,OVERALL,67,Overall67,4020.71,76
overall,OVERALL,68,Overall68,4808.84,67
overall,OVERALL,69,Overall69,3916.62,74
overall,OVERALL,70,Overall70,4710.18,65
overall,OVERALL,71,Overall71,4464.36,66
overall,OVERALL,72,Overall72,4578.77,73
overall,OVERALL,73,Overall73,4482.61,51
overall,OVERALL,74,Overall74,4002.52,83
overall,OVERALL,75,Overall75,4452.73,64
overall,OVERALL,76,Overall76,4398.54,79
overall,OVERALL,77,Overall77,4401.02,49
overall,OVERALL,78,Overall78,4442.25,57
overall,OVERALL,79,Overall79,4095.74,74
overall,OVERALL,80,Overall80,4394.92,64
overall,OVERALL,81,Overall81,4382.92,64
overall,OVERALL,82,Overall82,3897.48,87
overall,OVERALL,83,Overall83,4181.46,50
overall,OVERALL,84,Overall84,4298.45,60
overall,OVERALL,85,Overall85,4088.7,74
overall,OVERALL,86,Overall86,4106.57,54
overall,OVERALL,87,Overall87,4141.02,80
overall,OVERALL,88,Overall88,4141.31,49
overall,OVERALL,89,Overall89,4036.7,82
overall,OVERALL,90,Overall90,4156.31,65
overall,OVERALL,91,Overall91,3877.76,50
overall,OVERALL,92,Overall92,3924.0,50
overall,OVERALL,93,Overall93,3942.82,65
overall,OVERALL,94,Overall94,3812.2,56
overall,OVERALL,95,Overall95,3749.39,93
overall,OVERALL,96,Overall96,3637.99,79
overall,OVERALL,97,Overall97,3745.09,68
overall,OVERALL,98,Overall98,3751.74,47
overall,OVERALL,99,Overall99,3792.31,67
overall,OVERALL,100,Overall100,3653.79,66
overall,OVERALL,101,Overall101,3359.36,84
overall,OVERALL,102,Overall102,3543.75,59
overall,OVERALL,103,Overall103,3559.72,76
overall,OVERALL,104,Overall104,3201.51,67
overall,OVERALL,105,Overall105,3286.55,100
overall,OVERALL,106,Overall106,3568.39,49
overall,OVERALL,107,Overall107,3544.92,64
overall,OVERALL,108,Overall108,3103.58,59
overall,OVERALL,109,Overall109,3549.51,73
overall,OVERALL,110,Overall110,3518.5,70
overall,OVERALL,111,Overall111,3481.88,56
overall,OVERALL,112,Overall112,3437.7,92
overall,OVERALL,113,Overall113,3379.09,74
overall,OVERALL,114,Overall114,3412.98,50
overall,OVERALL,115,Overall115,3252.78,72
overall,OVERALL,116,Overall116,3067.64,85
overall,OVERALL,117,Overall117,3220.52,58
overall,OVERALL,118,Overall118,3142.66,68
overall,OVERALL,119,Overall119,3325.2,70
overall,OVERALL,120,Overall120,3163.22,58
overall,OVERALL,121,Overall121,3045.82,95
overall,OVERALL,122,Overall122,3305.63,67
overall,OVERALL,123,Overall123,3211.52,48
overall,OVERALL,124,Overall124,3103.09,77
overall,OVERALL,125,Overall125,3185.61,95
overall,OVERALL,126,Overall126,3025.37,75
overall,OVERALL,127,Overall127,3276.9,61
overall,OVERALL,128,Overall128,3210.48,61
overall,OVERALL,129,Overall129,3165.5,68
overall,OVERALL,130,Overall130,3048.56,78
overall,OVERALL,131,Overall131,3088.45,62
overall,OVERALL,132,Overall132,3123.41,46
overall,OVERALL,133,Overall133,3006.53,53
overall,OVERALL,134,Overall134,3011.72,58
overall,OVERALL,135,Overall135,2959.71,55
overall,OVERALL,136,Overall136,3050.29,48
overall,OVERALL,137,Overall137,3016.06,70
overall,OVERALL,138,Overall138,2893.0,59
overall,OVERALL,139,Overall139,2962.58,71
overall,OVERALL,140,Overall140,2902.14,50
overall,OVERALL,141,Overall141,2660.02,106
overall,OVERALL,142,Overall142,2788.54,84
overall,OVERALL,143,Overall143,2923.41,46
overall,OVERALL,144,Overall144,2886.89,61
overall,OVERALL,145,Overall145,2912.05,62
overall,OVERALL,146,Overall146,2816.09,69
overall,OVERALL,147,Overall147,2577.16,58
overall,OVERALL,148,Overall148,2921.98,60
overall,OVERALL,149,Overall149,2327.67,82
overall,OVERALL,150,Overall150,2774.5,68
overall,OVERALL,151,Overall151,2451.46,61
overall,OVERALL,152,Overall152,2767.22,49
overall,OVERALL,153,Overall153,2765.71,41
overall,OVERALL,154,Overall154,2600.66,68
overall,OVERALL,155,Overall155,2715.17,60
overall,OVERALL,156,Overall156,2733.14,70
overall,OVERALL,157,Overall157,2435.54,87
overall,OVERALL,158,Overall158,2799.07,54
overall,OVERALL,159,Overall159,2698.33,43
overall,OVERALL,160,Overall160,2479.24,72
overall,OVERALL,161,Overall161,2453.67,63
overall,OVERALL,162,Overall162,2361.85,98
overall,OVERALL,163,Overall163,2562.82,76
overall,OVERALL,164,Overall164,2622.82,60
overall,OVERALL,165,Overall165,2573.2,54
overall,OVERALL,166,Overall166,2569.08,53
overall,OVERALL,167,Overall167,2426.64,81
overall,OVERALL,168,Overall168,2259.66,89
overall,OVERALL,169,Overall169,2470.17,59
overall,OVERALL,170,Overall170,2420.88,50
overall,OVERALL,171,Overall171,2514.33,61
overall,OVERALL,172,Overall172,2475.96,68
overall,OVERALL,173,Overall173,2467.85,59
overall,OVERALL,174,Overall174,2162.12,86
overall,OVERALL,175,Overall175,2274.41,70
overall,OVERALL,176,Overall176,2393.67,90
overall,OVERALL,177,Overall177,2477.15,47
overall,OVERALL,178,Overall178,2257.92,92
overall,OVERALL,179,Overall179,2123.7,71
overall,OVERALL,180,Overall180,2068.61,69
overall,OVERALL,181,Overall181,2351.25,55
overall,OVERALL,182,Overall182,1997.0,49
overall,OVERALL,183,Overall183,2112.92,74
overall,OVERALL,184,Overall184,2244.46,63
overall,OVERALL,185,Overall185,2032.51,74
overall,OVERALL,186,Overall186,2254.5,52
overall,OVERALL,187,Overall187,2137.66,76
overall,OVERALL,188,Overall188,2138.1,68
overall,OVERALL,189,Overall189,2127.16,69
overall,OVERALL,190,Overall190,2068.51,98
overall,OVERALL,191,Overall191,1958.15,75
overall,OVERALL,192,Overall192,1878.77,73
overall,OVERALL,193,Overall193,2132.44,66
overall,OVERALL,194,Overall194,2138.7,54
overall,OVERALL,195,Overall195,2041.26,58
overall,OVERALL,196,Overall196,1979.6,75
overall,OVERALL,197,Overall197,1865.94,77
overall,OVERALL,198,Overall198,1909.66,92
overall,OVERALL,199,Overall199,1814.76,74
overall,OVERALL,200,Overall200,1998.41,56
overall,OVERALL,201,Overall201,2016.08,61
overall,OVERALL,202,Overall202,1926.65,66
overall,OVERALL,203,Overall203,1943.97,64
overall,OVERALL,204,Overall204,1823.22,79
overall,OVERALL,205,Overall205,1884.14,64
overall,OVERALL,206,Overall206,1845.96,56
overall,OVERALL,207,Overall207,1768.42,81
overall,OVERALL,208,Overall208,1773.93,88
overall,OVERALL,209,Overall209,1946.74,68
overall,OVERALL,210,Overall210,1893.94,65
overall,OVERALL,211,Overall211,1856.11,55
overall,OVERALL,212,Overall212,1694.24,67
overall,OVERALL,213,Overall213,1827.17,58
overall,OVERALL,214,Overall214,1581.09,64
overall,OVERALL,215,Overall215,1745.75,80
overall,OVERALL,216,Overall216,1806.96,81
overall,OVERALL,217,Overall217,1752.21,63
overall,OVERALL,218,Overall218,1717.55,94
overall,OVERALL,219,Overall219,1789.27,48
overall,OVERALL,220,Overall220,1670.06,109
overall,OVERALL,221,Overall221,1543.33,67
overall,OVERALL,222,Overall222,1612.95,74
overall,OVERALL,223,Overall223,1736.21,56
overall,OVERALL,224,Overall224,1738.81,63
overall,OVERALL,225,Overall225,1738.2,55
overall,OVERALL,226,Overall226,1749.07,58
overall,OVERALL,227,Overall227,1556.39,85
overall,OVERALL,228,Overall228,1576.7,80
overall,OVERALL,229,Overall229,1533.0,57
overall,OVERALL,230,Overall230,1642.64,55
overall,OVERALL,231,Overall231,1877.07,30
overall,OVERALL,232,Overall232,1625.65,63
overall,OVERALL,233,Overall233,1544.1,59
overall,OVERALL,234,Overall234,1480.74,74
overall,OVERALL,235,Overall235,1652.63,59
overall,OVERALL,236,Overall236,1465.25,81
overall,OVERALL,237,Overall237,1558.62,58
overall,OVERALL,238,Overall238,1483.9,79
overall,OVERALL,239,Overall239,1663.59,44
overall,OVERALL,240,Overall240,1571.31,64
overall,OVERALL,241,Overall241,1597.26,77
overall,OVERALL,242,Overall242,1365.58,53
overall,OVERALL,243,Overall243,1531.99,78
overall,OVERALL,244,Overall244,1382.72,72
overall,OVERALL,245,Overall245,1475.09,74
overall,OVERALL,246,Overall246,1370.58,83
overall,OVERALL,247,Overall247,1532.26,50
overall,OVERALL,248,Overall248,1476.75,91
overall,OVERALL,249,Overall249,1438.94,78
overall,OVERALL,250,Overall250,1582.41,71
overall,OVERALL,251,Overall251,1437.86,74
overall,OVERALL,252,Overall252,1483.57,58
overall,OVERALL,253,Overall253,1578.03,60
overall,OVERALL,254,Overall254,1268.52,54
overall,OVERALL,255,Overall255,1472.59,69
overall,OVERALL,256,Overall256,1403.05,63
overall,OVERALL,257,Overall257,1362.41,54
overall,OVERALL,258,Overall258,1481.41,39
overall,OVERALL,259,Overall259,1527.64,58
overall,OVERALL,260,Overall260,1353.39,94
overall,OVERALL,261,Overall261,1357.89,72
overall,OVERALL,262,Overall262,1396.29,58
overall,OVERALL,263,Overall263,1414.38,63
overall,OVERALL,264,Overall264,1316.53,68
overall,OVERALL,265,Overall265,1349.09,47
overall,OVERALL,266,Overall266,1277.6,85
overall,OVERALL,267,Overall267,1255.1,59
overall,OVERALL,268,Overall268,1221.09,69
overall,OVERALL,269,Overall269,1289.55,87
overall,OVERALL,270,Overall270,1440.28,46
overall,OVERALL,271,Overall271,1387.48,84
overall,OVERALL,272,Overall272,1395.5,56
overall,OVERALL,273,Overall273,1186.33,99
overall,OVERALL,274,Overall274,1212.25,73
overall,OVERALL,275,Overall275,1365.17,81
overall,OVERALL,276,Overall276,1326.04,69
overall,OVERALL,277,Overall277,1246.88,90
overall,OVERALL,278,Overall278,1191.57,74
overall,OVERALL,279,Overall279,1275.83,47
overall,OVERALL,280,Overall280,1205.61,56
overall,OVERALL,281,Overall281,1196.95,86
overall,OVERALL,282,Overall282,1208.64,76
overall,OVERALL,283,Overall283,1127.82,99
overall,OVERALL,284,Overall284,1136.63,70
overall,OVERALL,285,Overall285,1258.19,59
overall,OVERALL,286,Overall286,1195.23,57
overall,OVERALL,287,Overall287,1185.06,69
overall,OVERALL,288,Overall288,1170.18,55
overall,OVERALL,289,Overall289,1145.93,67
overall,OVERALL,290,Overall290,1190.19,54
overall,OVERALL,291,Overall291,1107.31,67
overall,OVERALL,292,Overall292,1138.27,66
overall,OVERALL,293,Overall293,1138.52,102
overall,OVERALL,294,Overall294,1096.06,70
overall,OVERALL,295,Overall295,1117.76,88
overall,OVERALL,296,Overall296,1193.53,53
overall,OVERALL,297,Overall297,1418.54,41
overall,OVERALL,298,Overall298,1195.19,42
overall,OVERALL,299,Overall299,1121.73,86
overall,OVERALL,300,Overall300,1162.49,63
overall,OVERALL,301,Overall301,1268.77,22
overall,OVERALL,302,Overall302,1360.08,40
overall,OVERALL,303,Overall303,1113.75,71
overall,OVERALL,304,Overall304,1209.93,44
overall,OVERALL,305,Overall305,1215.0,50
overall,OVERALL,306,Overall306,1107.39,49
overall,OVERALL,307,Overall307,1121.69,55
overall,OVERALL,308,Overall308,1117.67,54
overall,OVERALL,309,Overall309,1129.47,40
overall,OVERALL,310,Overall310,1124.52,50
overall,OVERALL,311,Overall311,1097.65,51
overall,OVERALL,312,Overall312,1159.44,71
overall,OVERALL,313,Overall313,1153.11,47
overall,OVERALL,314,Overall314,1040.2,51
overall,OVERALL,315,Overall315,1115.27,73
overall,OVERALL,316,Overall316,1069.55,58
overall,OVERALL,317,Overall317,1082.2,50
overall,OVERALL,318,Overall318,1030.89,63
overall,OVERALL,319,Overall319,1150.34,29
overall,OVERALL,320,Overall320,975.7,67
overall,OVERALL,321,Overall321,981.73,55
overall,OVERALL,322,Overall322,1093.22,32
overall,OVERALL,323,Overall323,1053.05,63
overall,OVERALL,324,Overall324,1031.23,71
overall,OVERALL,325,Overall325,1040.1,49
overall,OVERALL,326,Overall326,985.87,45
overall,OVERALL,327,Overall327,1154.06,53
overall,OVERALL,328,Overall328,1093.19,53
overall,OVERALL,329,Overall329,971.82,50
overall,OVERALL,330,Overall330,969.58,78
overall,OVERALL,331,Overall331,1002.35,37
overall,OVERALL,332,Overall332,1060.9,30
overall,OVERALL,333,Overall333,998.8,46
overall,OVERALL,334,Overall334,978.83,66
overall,OVERALL,335,Overall335,979.39,66
overall,OVERALL,336,Overall336,952.24,38
overall,OVERALL,337,Overall337,1024.62,47
overall,OVERALL,338,Overall338,899.51,51
overall,OVERALL,339,Overall339,860.92,60
overall,OVERALL,340,Overall340,913.77,66
overall,OVERALL,341,Overall341,1064.65,17
overall,OVERALL,342,Overall342,916.85,54
overall,OVERALL,343,Overall343,1085.95,20
overall,OVERALL,344,Overall344,1116.67,24
overall,OVERALL,345,Overall345,1114.5,16
overall,OVERALL,346,Overall346,1101.3,20
overall,OVERALL,347,Overall347,1035.57,23
overall,OVERALL,348,Overall348,1115.81,21
overall,OVERALL,349,Overall349,1079.45,22
overall,OVERALL,350,Overall350,1003.64,22
overall,OVERALL,351,Overall351,1037.4,20
overall,OVERALL,352,Overall352,990.78,23
overall,OVERALL,353,Overall353,1072.55,20
overall,OVERALL,354,Overall354,1162.92,13
overall,OVERALL,355,Overall355,1023.06,16
overall,OVERALL,356,Overall356,958.95,19
overall,OVERALL,357,Overall357,1064.9,21
overall,OVERALL,358,Overall358,1020.78,23
overall,OVERALL,359,Overall359,1020.69,26
overall,OVERALL,360,Overall360,1039.82,22
overall,OVERALL,361,Overall361,1011.4,30
overall,OVERALL,362,Overall362,979.78,23
overall,OVERALL,363,Overall363,1047.21,19
overall,OVERALL,364,Overall364,921.52,21
overall,OVERALL,365,Overall365,953.25,20
overall,OVERALL,366,Overall366,878.89,19
overall,OVERALL,367,Overall367,975.63,19
overall,OVERALL,368,Overall368,963.33,18
overall,OVERALL,369,Overall369,1037.67,18
overall,OVERALL,370,Overall370,941.3,20
overall,OVERALL,371,Overall371,942.74,19
overall,OVERALL,372,Overall372,1073.0,15
overall,OVERALL,373,Overall373,965.65,20
overall,OVERALL,374,Overall374,877.7,23
overall,OVERALL,375,Overall375,937.59,22
overall,OVERALL,376,Overall376,944.64,14
overall,OVERALL,377,Overall377,965.59,17
overall,OVERALL,378,Overall378,951.61,18
overall,OVERALL,379,Overall379,889.65,17
overall,OVERALL,380,Overall380,1028.29,17
overall,OVERALL,381,Overall381,837.08,26
overall,OVERALL,382,Overall382,911.81,16
overall,OVERALL,383,Overall383,983.94,18
overall,OVERALL,384,Overall384,930.74,19
overall,OVERALL,385,Overall385,873.84,19
overall,OVERALL,386,Overall386,888.72,18
overall,OVERALL,387,Overall387,857.6,20
overall,OVERALL,388,Overall388,898.81,21
overall,OVERALL,389,Overall389,787.73,11
overall,OVERALL,390,Overall390,859.96,23
overall,OVERALL,391,Overall391,886.05,21
overall,OVERALL,392,Overall392,719.05,19
overall,OVERALL,393,Overall393,927.92,13
overall,OVERALL,394,Overall394,829.1,10
overall,OVERALL,395,Overall395,836.31,16
overall,OVERALL,396,Overall396,832.21,14
overall,OVERALL,397,Overall397,777.11,18
overall,OVERALL,398,Overall398,816.64,14
overall,OVERALL,399,Overall399,785.4,10
overall,OVERALL,400,Overall400,763.2,25
overall,OVERALL,401,Overall401,903.38,13
overall,OVERALL,402,Overall402,814.0,16
overall,OVERALL,403,Overall403,854.54,13
overall,OVERALL,404,Overall404,787.17,12
overall,OVERALL,405,Overall405,838.0,19
overall,OVERALL,406,Overall406,755.42,19
overall,OVERALL,407,Overall407,800.0,15
overall,OVERALL,408,Overall408,708.87,15
overall,OVERALL,409,Overall409,710.21,24
overall,OVERALL,410,Overall410,677.47,17
overall,OVERALL,411,Overall411,747.82,17
overall,OVERALL,412,Overall412,692.83,12
overall,OVERALL,413,Overall413,814.42,12
overall,OVERALL,414,Overall414,711.3,10
overall,OVERALL,415,Overall415,812.38,13
overall,OVERALL,416,Overall416,610.6,15
overall,OVERALL,417,Overall417,648.31,13
overall,OVERALL,418,Overall418,783.29,7
overall,OVERALL,419,Overall419,746.2,10
overall,OVERALL,420,Overall420,649.44,16
overall,OVERALL,421,Overall421,817.38,13
overall,OVERALL,422,Overall422,685.14,14
overall,OVERALL,423,Overall423,939.23,13
overall,OVERALL,424,Overall424,631.41,17
overall,OVERALL,425,Overall425,768.0,7
overall,OVERALL,426,Overall426,781.0,11
overall,OVERALL,427,Overall427,746.93,14
overall,OVERALL,428,Overall428,655.27,11
overall,OVERALL,429,Overall429,744.5,16
overall,OVERALL,430,Overall430,773.89,9
overall,OVERALL,431,Overall431,782.27,11
overall,OVERALL,432,Overall432,799.81,16
overall,OVERALL,433,Overall433,619.9,10
overall,OVERALL,434,Overall434,682.5,12
overall,OVERALL,435,Overall435,752.75,8
overall,OVERALL,436,Overall436,585.57,7
overall,OVERALL,437,Overall437,644.83,12
overall,OVERALL,438,Overall438,679.88,8
overall,OVERALL,439,Overall439,689.79,14
overall,OVERALL,440,Overall440,677.43,14
overall,OVERALL,441,Overall441,754.08,12
overall,OVERALL,442,Overall442,675.67,6
overall,OVERALL,443,Overall443,643.18,11
overall,OVERALL,444,Overall444,739.73,11
overall,OVERALL,445,Overall445,696.5,8
overall,OVERALL,446,Overall446,661.91,11
overall,OVERALL,447,Overall447,757.33,9
overall,OVERALL,448,Overall448,618.55,11
overall,OVERALL,449,Overall449,707.36,11
overall,OVERALL,450,Overall450,634.09,11
overall,OVERALL,451,Overall451,718.56,9
overall,OVERALL,452,Overall452,685.33,6
overall,OVERALL,453,Overall453,714.71,7
overall,OVERALL,454,Overall454,593.33,9
overall,OVERALL,455,Overall455,779.25,8
overall,OVERALL,456,Overall456,470.38,8
overall,OVERALL,457,Overall457,602.91,11
overall,OVERALL,458,Overall458,768.0,3
overall,OVERALL,459,Overall459,617.2,10
overall,OVERALL,460,Overall460,736.09,11
overall,OVERALL,461,Overall461,498.57,7
overall,OVERALL,462,Overall462,705.0,8
overall,OVERALL,463,Overall463,511.86,7
overall,OVERALL,464,Overall464,528.17,12
overall,OVERALL,465,Overall465,507.29,7
overall,OVERALL,466,Overall466,639.0,7
overall,OVERALL,467,Overall467,492.1,10
overall,OVERALL,468,Overall468,688.5,10
overall,OVERALL,469,Overall469,606.57,7
overall,OVERALL,470,Overall470,627.5,8
overall,OVERALL,471,Overall471,525.5,8
overall,OVERALL,472,Overall472,367.25,4
overall,OVERALL,473,Overall473,404.17,6
overall,OVERALL,474,Overall474,412.57,7
overall,OVERALL,475,Overall475,309.5,6
overall,OVERALL,476,Overall476,478.43,7
overall,OVERALL,477,Overall477,449.88,8
overall,OVERALL,478,Overall478,554.57,7
overall,OVERALL,479,Overall479,408.29,7
overall,OVERALL,480,Overall480,576.0,4
overall,OVERALL,481,Overall481,570.5,4
overall,OVERALL,482,Overall482,538.5,2
overall,OVERALL,483,Overall483,420.6,5
overall,OVERALL,484,Overall484,169.5,2
overall,OVERALL,485,Overall485,481.75,4
overall,OVERALL,486,Overall486,535.8,5
overall,OVERALL,487,Overall487,274.75,4
overall,OVERALL,488,Overall488,351.0,2
overall,OVERALL,489,Overall489,640.0,2
overall,OVERALL,490,Overall490,442.57,7
overall,OVERALL,491,Overall491,647.67,3
overall,OVERALL,492,Overall492,174.6,5
overall,OVERALL,493,Overall493,224.33,3
overall,OVERALL,494,Overall494,257.33,3
overall,OVERALL,495,Overall495,414.0,2
overall,OVERALL,496,Overall496,416.33,3
overall,OVERALL,497,Overall497,367.56,9
overall,OVERALL,498,Overall498,396.0,6
overall,OVERALL,499,Overall499,239.0,2
overall,OVERALL,501,Overall501,403.8,5
overall,OVERALL,502,Overall502,427.0,2
overall,OVERALL,503,Overall503,15.0,2
overall,OVERALL,504,Overall504,422.0,2
overall,OVERALL,505,Overall505,228.33,3
overall,OVERALL,507,Overall507,505.0,1
overall,OVERALL,508,Overall508,216.25,4
overall,OVERALL,509,Overall509,410.5,2
overall,OVERALL,512,Overall512,273.0,2
overall,OVERALL,515,Overall515,826.0,1
overall,OVERALL,516,Overall516,998.0,1
overall,OVERALL,517,Overall517,258.75,4
overall,OVERALL,519,Overall519,746.5,2
overall,OVERALL,520,Overall520,372.0,1
overall,OVERALL,522,Overall522,409.0,1
overall,OVERALL,523,Overall523,523.0,1
overall,OVERALL,524,Overall524,486.0,2
overall,OVERALL,525,Overall525,495.0,1
overall,OVERALL,526,Overall526,251.5,2
overall,OVERALL,527,Overall527,167.67,3
overall,OVERALL,528,Overall528,470.0,2
overall,OVERALL,529,Overall529,495.0,1
overall,OVERALL,530,Overall530,493.0,1
overall,OVERALL,531,Overall531,449.0,2
overall,OVERALL,534,Overall534,683.0,1
overall,OVERALL,536,Overall536,862.5,2
overall,OVERALL,537,Overall537,532.0,1
overall,OVERALL,539,Overall539,373.0,2
overall,OVERALL,540,Overall540,542.5,2
overall,OVERALL,542,Overall542,217.0,1
overall,OVERALL,543,Overall543,707.0,3
overall,OVERALL,544,Overall544,199.0,1
overall,OVERALL,547,Overall547,402.0,1
overall,OVERALL,548,Overall548,368.0,1
overall,OVERALL,550,Overall550,524.5,2
overall,OVERALL,552,Overall552,192.0,1
overall,OVERALL,555,Overall555,526.0,1
overall,OVERALL,556,Overall556,503.0,1
overall,OVERALL,557,Overall557,455.2,5
overall,OVERALL,559,Overall559,363.0,2
overall,OVERALL,560,Overall560,414.0,1
overall,OVERALL,581,Overall581,410.0,1
overall,OVERALL,583,Overall583,799.0,1
overall,OVERALL,584,Overall584,484.0,1
overall,OVERALL,585,Overall585,532.0,1
overall,OVERALL,589,Overall589,556.0,1
overall,OVERALL,590,Overall590,543.0,1
overall,OVERALL,592,Overall592,556.0,1
overall,OVERALL,598,Overall598,1381.0,1
overall,OVERALL,607,Overall607,571.0,1
overall,OVERALL,662,Overall662,409.0,1
overall,OVERALL,663,Overall663,409.0,1
positional,QB,1,QB1,9991.87,70
positional,QB,2,QB2,9871.64,70
positional,QB,3,QB3,9394.9,70
positional,QB,4,QB4,8534.39,70
positional,QB,5,QB5,8067.21,70
positional,QB,6,QB6,7559.57,70
positional,QB,7,QB7,7170.83,70
positional,QB,8,QB8,6837.17,70
positional,QB,9,QB9,6582.74,70
positional,QB,10,QB10,6249.79,70
positional,QB,11,QB11,5997.21,70
positional,QB,12,QB12,5745.46,70
positional,QB,13,QB13,5459.77,70
positional,QB,14,QB14,5275.29,70
positional,QB,15,QB15,5137.49,70
positional,QB,16,QB16,4992.54,70
positional,QB,17,QB17,4815.24,70
positional,QB,18,QB18,4692.66,70
positional,QB,19,QB19,4549.56,70
positional,QB,20,QB20,4274.04,70
positional,QB,21,QB21,4026.96,70
positional,QB,22,QB22,3885.6,70
positional,QB,23,QB23,3711.86,70
positional,QB,24,QB24,3571.96,70
positional,QB,25,QB25,3410.06,70
positional,QB,26,QB26,3283.23,70
positional,QB,27,QB27,3107.59,70
positional,QB,28,QB28,2958.47,70
positional,QB,29,QB29,2820.26,70
positional,QB,30,QB30,2702.44,70
positional,QB,31,QB31,2549.03,70
positional,QB,32,QB32,2403.06,70
positional,QB,33,QB33,2166.11,70
positional,QB,34,QB34,2034.04,70
positional,QB,35,QB35,1934.84,70
positional,QB,36,QB36,1823.97,70
positional,QB,37,QB37,1731.93,70
positional,QB,38,QB38,1615.84,70
positional,QB,39,QB39,1515.39,70
positional,QB,40,QB40,1424.0,70
positional,QB,41,QB41,1356.84,70
positional,QB,42,QB42,1267.24,70
positional,QB,43,QB43,1179.66,70
positional,QB,44,QB44,1119.46,70
positional,QB,45,QB45,1048.16,70
positional,QB,46,QB46,1025.64,69
positional,QB,47,QB47,987.86,69
positional,QB,48,QB48,956.99,69
positional,QB,49,QB49,915.41,69
positional,QB,50,QB50,866.74,69
positional,QB,51,QB51,794.25,69
positional,QB,52,QB52,769.31,68
positional,QB,53,QB53,741.77,64
positional,QB,54,QB54,696.66,62
positional,QB,55,QB55,670.75,61
positional,QB,56,QB56,640.64,59
positional,QB,57,QB57,645.2,55
positional,QB,58,QB58,615.38,53
positional,QB,59,QB59,592.37,52
positional,QB,60,QB60,625.84,44
positional,QB,61,QB61,623.76,42
positional,QB,62,QB62,594.95,42
positional,QB,63,QB63,561.71,41
positional,QB,64,QB64,575.67,40
positional,QB,65,QB65,546.58,40
positional,QB,66,QB66,516.7,40
positional,QB,67,QB67,506.82,40
positional,QB,68,QB68,475.35,40
positional,QB,69,QB69,467.83,36
positional,QB,70,QB70,456.88,34
positional,QB,71,QB71,454.03,30
positional,QB,72,QB72,469.87,15
positional,QB,73,QB73,463.87,15
positional,QB,74,QB74,464.0,15
positional,QB,75,QB75,396.93,15
positional,QB,76,QB76,453.29,14
positional,QB,77,QB77,467.0,11
positional,QB,78,QB78,467.0,11
positional,QB,79,QB79,528.11,9
positional,QB,80,QB80,395.0,8
positional,QB,81,QB81,395.0,8
positional,QB,82,QB82,398.29,7
positional,QB,83,QB83,400.8,5
positional,QB,84,QB84,400.0,4
positional,QB,85,QB85,467.0,3
positional,QB,86,QB86,467.0,3
positional,QB,87,QB87,467.0,3
positional,QB,88,QB88,604.5,2
positional,QB,89,QB89,799.0,1
positional,RB,1,RB1,8321.97,70
positional,RB,2,RB2,7389.83,70
positional,RB,3,RB3,6931.33,70
positional,RB,4,RB4,6623.07,70
positional,RB,5,RB5,6222.0,70
positional,RB,6,RB6,5986.96,70
positional,RB,7,RB7,5784.4,70
positional,RB,8,RB8,5623.83,70
positional,RB,9,RB9,5497.56,70
positional,RB,10,RB10,5377.53,70
positional,RB,11,RB11,5252.74,70
positional,RB,12,RB12,5125.31,70
positional,RB,13,RB13,5011.59,70
positional,RB,14,RB14,4897.09,70
positional,RB,15,RB15,4785.81,70
positional,RB,16,RB16,4665.46,70
positional,RB,17,RB17,4544.33,70
positional,RB,18,RB18,4448.69,70
positional,RB,19,RB19,4323.59,70
positional,RB,20,RB20,4204.57,70
positional,RB,21,RB21,4115.83,70
positional,RB,22,RB22,3953.77,70
positional,RB,23,RB23,3869.2,70
positional,RB,24,RB24,3795.29,70
positional,RB,25,RB25,3732.1,70
positional,RB,26,RB26,3635.19,70
positional,RB,27,RB27,3504.3,70
positional,RB,28,RB28,3415.76,70
positional,RB,29,RB29,3353.46,70
positional,RB,30,RB30,3287.03,70
positional,RB,31,RB31,3240.3,70
positional,RB,32,RB32,3183.26,70
positional,RB,33,RB33,3107.79,70
positional,RB,34,RB34,3047.23,70
positional,RB,35,RB35,2988.5,70
positional,RB,36,RB36,2907.89,70
positional,RB,37,RB37,2841.91,70
positional,RB,38,RB38,2781.19,70
positional,RB,39,RB39,2738.7,70
positional,RB,40,RB40,2682.19,70
positional,RB,41,RB41,2626.26,70
positional,RB,42,RB42,2567.91,70
positional,RB,43,RB43,2511.46,70
positional,RB,44,RB44,2459.9,70
positional,RB,45,RB45,2386.76,70
positional,RB,46,RB46,2357.31,70
positional,RB,47,RB47,2295.49,70
positional,RB,48,RB48,2238.87,70
positional,RB,49,RB49,2196.07,70
positional,RB,50,RB50,2138.09,70
positional,RB,51,RB51,2097.46,70
positional,RB,52,RB52,2050.33,70
positional,RB,53,RB53,1974.17,70
positional,RB,54,RB54,1924.47,70
positional,RB,55,RB55,1888.81,70
positional,RB,56,RB56,1835.99,70
positional,RB,57,RB57,1798.07,70
positional,RB,58,RB58,1753.17,70
positional,RB,59,RB59,1718.11,70
positional,RB,60,RB60,1679.96,70
positional,RB,61,RB61,1653.5,70
positional,RB,62,RB62,1616.13,70
positional,RB,63,RB63,1590.6,70
positional,RB,64,RB64,1565.01,70
positional,RB,65,RB65,1533.67,70
positional,RB,66,RB66,1490.37,70
positional,RB,67,RB67,1462.39,70
positional,RB,68,RB68,1431.09,70
positional,RB,69,RB69,1370.53,70
positional,RB,70,RB70,1354.51,70
positional,RB,71,RB71,1333.36,70
positional,RB,72,RB72,1311.47,70
positional,RB,73,RB73,1284.9,70
positional,RB,74,RB74,1267.91,70
positional,RB,75,RB75,1235.7,70
positional,RB,76,RB76,1215.33,70
positional,RB,77,RB77,1189.43,70
positional,RB,78,RB78,1161.64,70
positional,RB,79,RB79,1112.6,70
positional,RB,80,RB80,1082.24,70
positional,RB,81,RB81,1062.47,70
positional,RB,82,RB82,1034.57,70
positional,RB,83,RB83,1001.71,70
positional,RB,84,RB84,977.96,70
positional,RB,85,RB85,968.1,69
positional,RB,86,RB86,956.28,69
positional,RB,87,RB87,940.99,69
positional,RB,88,RB88,920.3,69
positional,RB,89,RB89,894.67,69
positional,RB,90,RB90,869.14,69
positional,RB,91,RB91,846.23,69
positional,RB,92,RB92,814.72,69
positional,RB,93,RB93,797.14,69
positional,RB,94,RB94,787.65,69
positional,RB,95,RB95,758.23,69
positional,RB,96,RB96,731.41,69
positional,RB,97,RB97,716.9,69
positional,RB,98,RB98,704.51,69
positional,RB,99,RB99,692.01,69
positional,RB,100,RB100,671.65,69
positional,RB,101,RB101,670.49,69
positional,RB,102,RB102,648.7,69
positional,RB,103,RB103,631.01,69
positional,RB,104,RB104,622.13,69
positional,RB,105,RB105,607.72,69
positional,RB,106,RB106,603.54,69
positional,RB,107,RB107,592.1,69
positional,RB,108,RB108,576.93,69
positional,RB,109,RB109,571.78,68
positional,RB,110,RB110,566.04,68
positional,RB,111,RB111,572.67,67
positional,RB,112,RB112,566.06,67
positional,RB,113,RB113,548.97,67
positional,RB,114,RB114,544.63,67
positional,RB,115,RB115,524.6,67
positional,RB,116,RB116,531.09,67
positional,RB,117,RB117,519.24,66
positional,RB,118,RB118,519.45,65
positional,RB,119,RB119,509.45,64
positional,RB,120,RB120,520.19,62
positional,RB,121,RB121,515.48,60
positional,RB,122,RB122,496.38,60
positional,RB,123,RB123,497.33,60
positional,RB,124,RB124,490.72,57
positional,RB,125,RB125,493.5,56
positional,RB,126,RB126,467.85,54
positional,RB,127,RB127,455.37,54
positional,RB,128,RB128,450.98,53
positional,RB,129,RB129,438.04,51
positional,RB,130,RB130,432.94,51
positional,RB,131,RB131,417.84,50
positional,RB,132,RB132,481.0,20
positional,RB,133,RB133,398.77,13
positional,RB,134,RB134,398.77,13
positional,RB,135,RB135,398.77,13
positional,RB,136,RB136,355.27,11
positional,RB,137,RB137,371.3,10
positional,RB,138,RB138,392.67,9
positional,RB,139,RB139,390.0,8
positional,RB,140,RB140,390.0,8
positional,RB,141,RB141,418.71,7
positional,RB,142,RB142,480.67,6
positional,RB,143,RB143,480.67,6
positional,RB,144,RB144,480.67,6
positional,RB,145,RB145,480.67,6
positional,RB,146,RB146,479.67,6
positional,RB,147,RB147,537.6,5
positional,RB,148,RB148,537.6,5
positional,RB,149,RB149,670.75,4
positional,RB,150,RB150,670.75,4
positional,RB,151,RB151,670.75,4
positional,RB,152,RB152,733.0,3
positional,RB,153,RB153,733.0,3
positional,RB,154,RB154,733.0,3
positional,RB,155,RB155,733.0,3
positional,RB,156,RB156,733.0,3
positional,RB,157,RB157,733.0,3
positional,RB,158,RB158,733.0,3
positional,RB,159,RB159,733.0,3
positional,RB,160,RB160,733.0,3
positional,RB,161,RB161,409.0,2
positional,RB,162,RB162,409.0,2
positional,RB,163,RB163,409.0,2
positional,RB,164,RB164,409.0,2
positional,RB,165,RB165,409.0,2
positional,RB,166,RB166,409.0,2
positional,RB,167,RB167,409.0,2
positional,RB,168,RB168,409.0,2
positional,RB,169,RB169,409.0,2
positional,RB,170,RB170,409.0,2
positional,RB,171,RB171,409.0,2
positional,RB,172,RB172,409.0,2
positional,RB,173,RB173,409.0,2
positional,RB,174,RB174,409.0,2
positional,RB,175,RB175,409.0,2
positional,RB,176,RB176,409.0,2
positional,RB,177,RB177,409.0,2
positional,RB,178,RB178,409.0,2
positional,RB,179,RB179,409.0,2
positional,RB,180,RB180,409.0,2
positional,RB,181,RB181,409.0,2
positional,RB,182,RB182,409.0,2
positional,RB,183,RB183,409.0,2
positional,TE,1,TE1,7573.63,70
positional,TE,2,TE2,6596.27,70
positional,TE,3,TE3,6017.97,70
positional,TE,4,TE4,5574.41,70
positional,TE,5,TE5,5230.01,70
positional,TE,6,TE6,4935.1,70
positional,TE,7,TE7,4516.77,70
positional,TE,8,TE8,4147.14,70
positional,TE,9,TE9,3901.57,70
positional,TE,10,TE10,3728.8,70
positional,TE,11,TE11,3604.67,70
positional,TE,12,TE12,3488.96,70
positional,TE,13,TE13,3358.61,70
positional,TE,14,TE14,3235.37,70
positional,TE,15,TE15,3140.8,70
positional,TE,16,TE16,3053.4,70
positional,TE,17,TE17,2923.31,70
positional,TE,18,TE18,2783.71,70
positional,TE,19,TE19,2686.63,70
positional,TE,20,TE20,2541.59,70
positional,TE,21,TE21,2442.83,70
positional,TE,22,TE22,2358.96,70
positional,TE,23,TE23,2279.07,70
positional,TE,24,TE24,2204.61,70
positional,TE,25,TE25,2135.04,70
positional,TE,26,TE26,2062.54,70
positional,TE,27,TE27,2018.33,70
positional,TE,28,TE28,1930.01,70
positional,TE,29,TE29,1878.97,70
positional,TE,30,TE30,1845.73,70
positional,TE,31,TE31,1809.54,70
positional,TE,32,TE32,1761.5,70
positional,TE,33,TE33,1727.87,70
positional,TE,34,TE34,1696.99,70
positional,TE,35,TE35,1665.14,70
positional,TE,36,TE36,1620.33,70
positional,TE,37,TE37,1576.54,70
positional,TE,38,TE38,1533.61,70
positional,TE,39,TE39,1497.8,70
positional,TE,40,TE40,1454.86,70
positional,TE,41,TE41,1422.57,70
positional,TE,42,TE42,1396.93,70
positional,TE,43,TE43,1341.69,70
positional,TE,44,TE44,1315.49,70
positional,TE,45,TE45,1275.47,70
positional,TE,46,TE46,1254.57,70
positional,TE,47,TE47,1234.79,70
positional,TE,48,TE48,1196.64,70
positional,TE,49,TE49,1172.9,70
positional,TE,50,TE50,1137.54,70
positional,TE,51,TE51,1113.9,70
positional,TE,52,TE52,1094.81,70
positional,TE,53,TE53,1070.5,70
positional,TE,54,TE54,1051.43,70
positional,TE,55,TE55,1048.67,70
positional,TE,56,TE56,1033.09,70
positional,TE,57,TE57,999.77,70
positional,TE,58,TE58,978.64,70
positional,TE,59,TE59,967.9,69
positional,TE,60,TE60,952.68,69
positional,TE,61,TE61,936.35,68
positional,TE,62,TE62,924.79,68
positional,TE,63,TE63,918.79,68
positional,TE,64,TE64,896.49,68
positional,TE,65,TE65,886.08,64
positional,TE,66,TE66,878.4,58
positional,TE,67,TE67,867.49,55
positional,TE,68,TE68,849.65,49
positional,TE,69,TE69,845.16,45
positional,TE,70,TE70,800.89,44
positional,TE,71,TE71,772.67,43
positional,TE,72,TE72,745.49,43
positional,TE,73,TE73,726.2,40
positional,TE,74,TE74,718.08,40
positional,TE,75,TE75,691.59,37
positional,TE,76,TE76,683.3,37
positional,TE,77,TE77,612.91,22
positional,TE,78,TE78,597.95,21
positional,TE,79,TE79,592.58,19
positional,TE,80,TE80,602.74,19
positional,TE,81,TE81,623.31,16
positional,TE,82,TE82,592.94,16
positional,TE,83,TE83,609.71,14
positional,TE,84,TE84,588.67,12
positional,TE,85,TE85,621.3,10
positional,TE,86,TE86,635.56,9
positional,TE,87,TE87,671.29,7
positional,TE,88,TE88,671.29,7
positional,TE,89,TE89,699.33,6
positional,TE,90,TE90,739.8,5
positional,TE,91,TE91,739.8,5
positional,TE,92,TE92,739.8,5
positional,TE,93,TE93,739.8,5
positional,TE,94,TE94,739.8,5
positional,TE,95,TE95,739.8,5
positional,TE,96,TE96,739.8,5
positional,TE,97,TE97,551.6,5
positional,TE,98,TE98,739.8,5
positional,TE,99,TE99,1008.0,2
positional,TE,100,TE100,1008.0,2
positional,TE,101,TE101,1008.0,2
positional,TE,102,TE102,1008.0,2
positional,TE,103,TE103,1008.0,2
positional,TE,104,TE104,1008.0,2
positional,TE,105,TE105,1008.0,2
positional,TE,106,TE106,1008.0,2
positional,TE,107,TE107,1008.0,2
positional,TE,108,TE108,1008.0,2
positional,TE,109,TE109,1008.0,2
positional,TE,110,TE110,1008.0,2
positional,TE,111,TE111,1008.0,2
positional,TE,112,TE112,1008.0,2
positional,TE,113,TE113,1008.0,2
positional,TE,114,TE114,1008.0,2
positional,TE,115,TE115,1008.0,2
positional,TE,116,TE116,1008.0,2
positional,TE,117,TE117,1008.0,2
positional,TE,118,TE118,1008.0,2
positional,TE,119,TE119,1008.0,2
positional,TE,120,TE120,1008.0,2
positional,TE,121,TE121,1008.0,2
positional,TE,122,TE122,1008.0,2
positional,TE,123,TE123,1008.0,2
positional,TE,124,TE124,1008.0,2
positional,TE,125,TE125,1008.0,2
positional,TE,126,TE126,1008.0,2
positional,TE,127,TE127,1008.0,2
positional,TE,128,TE128,1008.0,2
positional,TE,129,TE129,1008.0,2
positional,TE,130,TE130,1008.0,2
positional,TE,131,TE131,1008.0,2
positional,TE,132,TE132,1008.0,2
positional,TE,133,TE133,1008.0,2
positional,TE,134,TE134,1008.0,2
positional,TE,135,TE135,1008.0,2
positional,TE,136,TE136,1008.0,2
positional,TE,137,TE137,1008.0,2
positional,TE,138,TE138,1008.0,2
positional,TE,139,TE139,1008.0,2
positional,TE,140,TE140,1008.0,2
positional,TE,141,TE141,1008.0,2
positional,TE,142,TE142,1008.0,2
positional,TE,143,TE143,1008.0,2
positional,TE,144,TE144,1008.0,2
positional,TE,145,TE145,1008.0,2
positional,TE,146,TE146,1008.0,2
positional,TE,147,TE147,1008.0,2
positional,TE,148,TE148,1008.0,2
positional,TE,149,TE149,1008.0,2
positional,TE,150,TE150,1008.0,2
positional,TE,151,TE151,1008.0,2
positional,TE,152,TE152,1008.0,2
positional,TE,153,TE153,1008.0,2
positional,TE,154,TE154,1008.0,2
positional,TE,155,TE155,1008.0,2
positional,TE,156,TE156,1008.0,2
positional,TE,157,TE157,1008.0,2
positional,TE,158,TE158,1008.0,2
positional,TE,159,TE159,1008.0,2
positional,TE,160,TE160,1008.0,2
positional,TE,161,TE161,1008.0,2
positional,TE,162,TE162,1008.0,2
positional,TE,163,TE163,1008.0,2
positional,TE,164,TE164,1008.0,2
positional,TE,165,TE165,1008.0,2
positional,TE,166,TE166,1008.0,2
positional,TE,167,TE167,1008.0,2
positional,TE,168,TE168,906.0,1
positional,TE,169,TE169,906.0,1
positional,TE,170,TE170,906.0,1
positional,TE,171,TE171,906.0,1
positional,TE,172,TE172,906.0,1
positional,TE,173,TE173,906.0,1
positional,TE,174,TE174,906.0,1
positional,TE,175,TE175,906.0,1
positional,TE,176,TE176,906.0,1
positional,WR,1,WR1,9362.66,70
positional,WR,2,WR2,8689.79,70
positional,WR,3,WR3,7667.21,70
positional,WR,4,WR4,7339.5,70
positional,WR,5,WR5,7094.61,70
positional,WR,6,WR6,6823.17,70
positional,WR,7,WR7,6673.47,70
positional,WR,8,WR8,6414.9,70
positional,WR,9,WR9,6242.81,70
positional,WR,10,WR10,6102.0,70
positional,WR,11,WR11,5937.5,70
positional,WR,12,WR12,5802.64,70
positional,WR,13,WR13,5681.09,70
positional,WR,14,WR14,5604.13,70
positional,WR,15,WR15,5488.66,70
positional,WR,16,WR16,5369.51,70
positional,WR,17,WR17,5255.31,70
positional,WR,18,WR18,5177.79,70
positional,WR,19,WR19,5070.03,70
positional,WR,20,WR20,4987.04,70
positional,WR,21,WR21,4928.73,70
positional,WR,22,WR22,4851.9,70
positional,WR,23,WR23,4793.19,70
positional,WR,24,WR24,4742.36,70
positional,WR,25,WR25,4647.77,70
positional,WR,26,WR26,4582.54,70
positional,WR,27,WR27,4491.73,70
positional,WR,28,WR28,4451.74,70
positional,WR,29,WR29,4375.94,70
positional,WR,30,WR30,4301.44,70
positional,WR,31,WR31,4240.17,70
positional,WR,32,WR32,4165.24,70
positional,WR,33,WR33,4096.36,70
positional,WR,34,WR34,4020.76,70
positional,WR,35,WR35,3936.73,70
positional,WR,36,WR36,3880.71,70
positional,WR,37,WR37,3803.17,70
positional,WR,38,WR38,3712.87,70
positional,WR,39,WR39,3649.83,70
positional,WR,40,WR40,3603.64,70
positional,WR,41,WR41,3540.97,70
positional,WR,42,WR42,3491.09,70
positional,WR,43,WR43,3426.14,70
positional,WR,44,WR44,3372.23,70
positional,WR,45,WR45,3321.81,70
positional,WR,46,WR46,3257.17,70
positional,WR,47,WR47,3190.19,70
positional,WR,48,WR48,3144.97,70
positional,WR,49,WR49,3114.81,70
positional,WR,50,WR50,3066.04,70
positional,WR,51,WR51,3025.3,70
positional,WR,52,WR52,2970.97,70
positional,WR,53,WR53,2913.87,70
positional,WR,54,WR54,2889.23,70
positional,WR,55,WR55,2830.17,70
positional,WR,56,WR56,2790.67,70
positional,WR,57,WR57,2741.24,70
positional,WR,58,WR58,2708.76,70
positional,WR,59,WR59,2667.56,70
positional,WR,60,WR60,2626.09,70
positional,WR,61,WR61,2582.33,70
positional,WR,62,WR62,2529.86,70
positional,WR,63,WR63,2477.31,70
positional,WR,64,WR64,2440.26,70
positional,WR,65,WR65,2405.97,70
positional,WR,66,WR66,2373.39,70
positional,WR,67,WR67,2329.0,70
positional,WR,68,WR68,2278.57,70
positional,WR,69,WR69,2237.6,70
positional,WR,70,WR70,2202.97,70
positional,WR,71,WR71,2159.16,70
positional,WR,72,WR72,2111.56,70
positional,WR,73,WR73,2064.71,70
positional,WR,74,WR74,2030.53,70
positional,WR,75,WR75,1986.99,70
positional,WR,76,WR76,1948.74,70
positional,WR,77,WR77,1913.4,70
positional,WR,78,WR78,1879.94,70
positional,WR,79,WR79,1848.74,70
positional,WR,80,WR80,1816.94,70
positional,WR,81,WR81,1777.76,70
positional,WR,82,WR82,1733.11,70
positional,WR,83,WR83,1709.97,70
positional,WR,84,WR84,1681.53,70
positional,WR,85,WR85,1654.69,70
positional,WR,86,WR86,1620.96,70
positional,WR,87,WR87,1592.59,70
positional,WR,88,WR88,1573.31,70
positional,WR,89,WR89,1531.69,70
positional,WR,90,WR90,1504.3,70
positional,WR,91,WR91,1486.13,70
positional,WR,92,WR92,1462.54,70
positional,WR,93,WR93,1441.51,70
positional,WR,94,WR94,1420.8,70
positional,WR,95,WR95,1390.31,70
positional,WR,96,WR96,1371.56,70
positional,WR,97,WR97,1352.89,70
positional,WR,98,WR98,1344.86,70
positional,WR,99,WR99,1303.97,70
positional,WR,100,WR100,1284.63,70
positional,WR,101,WR101,1256.74,70
positional,WR,102,WR102,1230.77,70
positional,WR,103,WR103,1206.17,70
positional,WR,104,WR104,1194.91,70
positional,WR,105,WR105,1180.94,70
positional,WR,106,WR106,1152.69,70
positional,WR,107,WR107,1144.89,70
positional,WR,108,WR108,1132.57,70
positional,WR,109,WR109,1114.7,70
positional,WR,110,WR110,1095.64,70
positional,WR,111,WR111,1081.17,70
positional,WR,112,WR112,1067.03,70
positional,WR,113,WR113,1043.17,70
positional,WR,114,WR114,1026.31,70
positional,WR,115,WR115,1011.89,70
positional,WR,116,WR116,997.76,70
positional,WR,117,WR117,979.0,70
positional,WR,118,WR118,967.97,70
positional,WR,119,WR119,952.36,70
positional,WR,120,WR120,938.47,70
positional,WR,121,WR121,932.77,70
positional,WR,122,WR122,912.03,70
positional,WR,123,WR123,901.19,70
positional,WR,124,WR124,888.53,70
positional,WR,125,WR125,876.2,70
positional,WR,126,WR126,867.44,70
positional,WR,127,WR127,854.46,70
positional,WR,128,WR128,843.57,70
positional,WR,129,WR129,835.0,70
positional,WR,130,WR130,827.21,70
positional,WR,131,WR131,815.29,70
positional,WR,132,WR132,801.61,70
positional,WR,133,WR133,785.14,70
positional,WR,134,WR134,775.64,70
positional,WR,135,WR135,767.57,70
positional,WR,136,WR136,754.93,69
positional,WR,137,WR137,746.41,69
positional,WR,138,WR138,731.33,69
positional,WR,139,WR139,720.93,69
positional,WR,140,WR140,708.42,69
positional,WR,141,WR141,689.55,69
positional,WR,142,WR142,676.75,69
positional,WR,143,WR143,646.77,69
positional,WR,144,WR144,646.9,69
positional,WR,145,WR145,640.22,69
positional,WR,146,WR146,633.62,69
positional,WR,147,WR147,623.24,68
positional,WR,148,WR148,603.75,68
positional,WR,149,WR149,582.74,68
positional,WR,150,WR150,575.78,68
positional,WR,151,WR151,571.91,68
positional,WR,152,WR152,561.51,68
positional,WR,153,WR153,563.06,67
positional,WR,154,WR154,555.07,67
positional,WR,155,WR155,556.22,65
positional,WR,156,WR156,536.14,65
positional,WR,157,WR157,514.34,64
positional,WR,158,WR158,513.9,62
positional,WR,159,WR159,499.05,62
positional,WR,160,WR160,491.15,62
positional,WR,161,WR161,480.55,62
positional,WR,162,WR162,476.51,61
positional,WR,163,WR163,467.15,61
positional,WR,164,WR164,457.33,61
positional,WR,165,WR165,451.82,61
positional,WR,166,WR166,441.26,61
positional,WR,167,WR167,433.13,60
positional,WR,168,WR168,428.95,59
positional,WR,169,WR169,441.89,56
positional,WR,170,WR170,448.23,52
positional,WR,171,WR171,448.22,49
positional,WR,172,WR172,440.65,49
positional,WR,173,WR173,434.89,47
positional,WR,174,WR174,432.22,45
positional,WR,175,WR175,419.36,44
positional,WR,176,WR176,412.0,42
positional,WR,177,WR177,406.02,42
positional,WR,178,WR178,401.83,41
positional,WR,179,WR179,392.93,41
positional,WR,180,WR180,376.88,41
positional,WR,181,WR181,349.98,40
positional,WR,182,WR182,353.19,37
positional,WR,183,WR183,346.47,36
positional,WR,184,WR184,354.32,34
positional,WR,185,WR185,344.82,33
positional,WR,186,WR186,363.04,27
positional,WR,187,WR187,281.8,10
positional,WR,188,WR188,280.4,10
positional,WR,189,WR189,268.56,9
positional,WR,190,WR190,301.5,8
positional,WR,191,WR191,301.5,8
positional,WR,192,WR192,287.0,7
positional,WR,193,WR193,283.71,7
positional,WR,194,WR194,283.71,7
positional,WR,195,WR195,283.71,7
positional,WR,196,WR196,283.71,7
positional,WR,197,WR197,330.0,6
positional,WR,198,WR198,330.0,6
positional,WR,199,WR199,330.0,6
positional,WR,200,WR200,319.8,5
positional,WR,201,WR201,323.67,3
positional,WR,202,WR202,323.67,3
positional,WR,203,WR203,323.67,3
positional,WR,204,WR204,402.0,1
positional,WR,205,WR205,402.0,1
