name,position,team,ktc_value,ktc_pos_rank,adp_stack_rank,adp_eff_rank,adp_avg,competitor_adjusted_value,redraft_value_index,rebuilder_adjusted_value,rebuild_value_index,as_of,adp_source
Bijan Robinson,RB,ATL,9999,1,2,1.63,1.6,9587,0.9588,10328,1.0329,2026-06-19,fantasypros_bestball_2026
Josh Allen,QB,BUF,9984,1,1,1.0,25.0,10722,1.0739,9687,0.9703,2026-06-19,fantasypros_bestball_2026
Ja'Marr Chase,WR,CIN,9977,1,1,1.0,3.0,10494,1.0518,9769,0.9792,2026-06-19,fantasypros_bestball_2026
Jahmyr Gibbs,RB,DET,9837,2,1,1.0,1.4,9892,1.0056,9815,0.9978,2026-06-19,fantasypros_bestball_2026
Jaxon Smith-Njigba,WR,SEA,9667,2,3,2.88,5.2,9027,0.9338,10180,1.0531,2026-06-19,fantasypros_bestball_2026
Drake Maye,QB,NEP,9423,2,4,4.07,58.0,8689,0.9221,10040,1.0655,2026-06-19,fantasypros_bestball_2026
Brock Bowers,TE,LVR,8968,1,1,1.0,18.4,8993,1.0028,8958,0.9989,2026-06-19,fantasypros_bestball_2026
Puka Nacua,WR,LAR,8688,3,2,1.96,4.0,9991,1.15,8164,0.9397,2026-06-19,fantasypros_bestball_2026
Trey McBride,TE,ARI,8173,2,2,1.63,19.2,8384,1.0258,8088,0.9896,2026-06-19,fantasypros_bestball_2026
Caleb Williams,QB,CHI,8026,3,6,6.15,67.4,7956,0.9913,8176,1.0187,2026-06-19,fantasypros_bestball_2026
Amon-Ra St. Brown,WR,DET,7903,4,4,3.97,7.4,8275,1.0471,7754,0.9811,2026-06-19,fantasypros_bestball_2026
Jayden Daniels,QB,WAS,7812,4,5,4.91,61.6,8422,1.0781,7573,0.9694,2026-06-19,fantasypros_bestball_2026
Justin Jefferson,WR,MIN,7675,5,5,5.15,10.0,7965,1.0378,7559,0.9849,2026-06-19,fantasypros_bestball_2026
Ashton Jeanty,RB,LVR,7670,3,6,5.65,11.4,6895,0.899,8295,1.0815,2026-06-19,fantasypros_bestball_2026
Lamar Jackson,QB,BAL,7644,5,2,2.21,46.2,10106,1.3221,6643,0.869,2026-06-19,fantasypros_bestball_2026
Jeremiyah Love,RB,ARI,7570,4,13,12.89,24.8,5327,0.7037,9369,1.2376,2026-06-19,fantasypros_bestball_2026
Malik Nabers,WR,NYG,7485,6,14,14.12,34.6,5970,0.7976,8790,1.1743,2026-06-19,fantasypros_bestball_2026
Joe Burrow,QB,CIN,7442,6,3,3.05,52.8,9239,1.2415,6711,0.9018,2026-06-19,fantasypros_bestball_2026
CeeDee Lamb,WR,DAL,7255,7,6,5.73,11.2,7822,1.0782,7027,0.9686,2026-06-19,fantasypros_bestball_2026
Drake London,WR,ATL,7120,8,7,7.05,17.2,7528,1.0573,6956,0.977,2026-06-19,fantasypros_bestball_2026
Justin Herbert,QB,LAC,6953,7,9,9.25,80.2,6918,0.995,7005,1.0075,2026-06-19,fantasypros_bestball_2026
De'Von Achane,RB,MIA,6887,5,7,7.35,14.6,6238,0.9058,7409,1.0758,2026-06-19,fantasypros_bestball_2026
Colston Loveland,TE,CHI,6881,3,3,3.01,38.2,6955,1.0108,6851,0.9956,2026-06-19,fantasypros_bestball_2026
Omarion Hampton,RB,LAC,6864,6,10,9.71,16.6,5721,0.8335,7775,1.1327,2026-06-19,fantasypros_bestball_2026
Patrick Mahomes,QB,KCC,6677,8,13,12.94,92.8,6110,0.9151,7222,1.0816,2026-06-19,fantasypros_bestball_2026
Tetairoa McMillan,WR,CAR,6523,9,18,18.4,40.2,5638,0.8643,7373,1.1303,2026-06-19,fantasypros_bestball_2026
Tyler Warren,TE,IND,6513,4,4,3.98,56.4,6498,0.9977,6525,1.0018,2026-06-19,fantasypros_bestball_2026
Jaxson Dart,QB,NYG,6494,9,11,11.22,88.4,6505,1.0017,6508,1.0022,2026-06-19,fantasypros_bestball_2026
Trevor Lawrence,QB,JAC,6321,10,10,9.72,81.4,6810,1.0774,6124,0.9688,2026-06-19,fantasypros_bestball_2026
Jalen Hurts,QB,PHI,6187,11,7,6.88,70.0,7603,1.2289,5604,0.9058,2026-06-19,fantasypros_bestball_2026
Emeka Egbuka,WR,TBB,6045,10,17,16.6,38.0,5764,0.9535,6388,1.0567,2026-06-19,fantasypros_bestball_2026
James Cook,RB,BUF,6043,7,5,5.36,11.2,6931,1.1469,5685,0.9408,2026-06-19,fantasypros_bestball_2026
Bo Nix,QB,DEN,6042,12,16,15.87,104.0,5601,0.927,6427,1.0637,2026-06-19,fantasypros_bestball_2026
Jonathan Taylor,RB,IND,6037,8,4,3.85,7.6,7620,1.2622,5385,0.892,2026-06-19,fantasypros_bestball_2026
Carnell Tate,WR,TEN,5958,11,30,30.24,67.6,4586,0.7697,7375,1.2378,2026-06-19,fantasypros_bestball_2026
George Pickens,WR,DAL,5933,12,10,9.85,24.0,6550,1.104,5683,0.9579,2026-06-19,fantasypros_bestball_2026
Brock Purdy,QB,SFO,5847,13,14,13.9,96.0,5870,1.0039,5839,0.9986,2026-06-19,fantasypros_bestball_2026
Garrett Wilson,WR,NYJ,5708,13,19,18.6,40.2,5619,0.9844,5863,1.0272,2026-06-19,fantasypros_bestball_2026
Jordan Love,QB,GBP,5575,14,18,18.11,114.4,5095,0.9139,5991,1.0746,2026-06-19,fantasypros_bestball_2026
Ladd McConkey,WR,LAC,5565,14,20,19.78,41.2,5549,0.9971,5668,1.0185,2026-06-19,fantasypros_bestball_2026
Nico Collins,WR,HOU,5564,15,9,8.82,22.4,6943,1.2478,4978,0.8947,2026-06-19,fantasypros_bestball_2026
Fernando Mendoza,QB,LVR,5553,15,28,28.12,172.6,3350,0.6033,7429,1.3378,2026-06-19,fantasypros_bestball_2026
Chris Olave,WR,NOS,5518,16,11,11.04,27.6,6382,1.1566,5158,0.9348,2026-06-19,fantasypros_bestball_2026
Quinshon Judkins,RB,CLE,5502,9,20,20.35,50.4,4538,0.8248,6420,1.1668,2026-06-19,fantasypros_bestball_2026
Tucker Kraft,TE,GBP,5483,5,5,5.24,77.0,5693,1.0383,5399,0.9847,2026-06-19,fantasypros_bestball_2026
Harold Fannin,TE,CLE,5480,6,6,6.11,82.0,5540,1.0109,5456,0.9956,2026-06-19,fantasypros_bestball_2026
DeVonta Smith,WR,PHI,5470,17,12,12.4,30.6,6232,1.1393,5154,0.9422,2026-06-19,fantasypros_bestball_2026
Kenneth Walker III,RB,KCC,5448,10,11,10.79,17.8,5648,1.0367,5369,0.9855,2026-06-19,fantasypros_bestball_2026
Jordyn Tyson,WR,NOS,5441,18,34,33.9,77.0,4091,0.7519,6676,1.227,2026-06-19,fantasypros_bestball_2026
TreVeyon Henderson,RB,NEP,5426,11,22,22.28,53.2,4162,0.767,6543,1.2059,2026-06-19,fantasypros_bestball_2026
Cam Ward,QB,TEN,5395,16,24,23.78,141.6,4150,0.7692,6450,1.1956,2026-06-19,fantasypros_bestball_2026
Luther Burden,WR,CHI,5376,19,21,20.91,44.6,5353,0.9957,5400,1.0045,2026-06-19,fantasypros_bestball_2026
Breece Hall,RB,NYJ,5366,12,14,14.24,30.4,5168,0.9631,5531,1.0307,2026-06-19,fantasypros_bestball_2026
Rome Odunze,WR,CHI,5357,20,28,28.34,61.4,4844,0.9042,5833,1.0889,2026-06-19,fantasypros_bestball_2026
Makai Lemon,WR,PHI,5068,21,38,38.4,90.0,3861,0.7618,6222,1.2277,2026-06-19,fantasypros_bestball_2026
Chase Brown,RB,CIN,5054,13,9,9.31,16.4,5759,1.1395,4765,0.9428,2026-06-19,fantasypros_bestball_2026
Sam LaPorta,TE,DET,5048,7,8,7.67,86.6,5004,0.9913,5084,1.0071,2026-06-19,fantasypros_bestball_2026
Christian McCaffrey,RB,SFO,4976,14,3,3.19,6.0,7749,1.5573,3668,0.7371,2026-06-19,fantasypros_bestball_2026
Kyle Pitts,TE,ATL,4965,8,7,7.09,84.8,5142,1.0356,4894,0.9857,2026-06-19,fantasypros_bestball_2026
A.J. Brown,WR,NEP,4950,22,8,8.31,21.8,7170,1.4485,3809,0.7695,2026-06-19,fantasypros_bestball_2026
Tee Higgins,WR,CIN,4929,23,16,16.4,38.0,5780,1.1727,4565,0.9262,2026-06-19,fantasypros_bestball_2026
Marvin Harrison Jr.,WR,ARI,4927,24,32,31.96,71.8,4293,0.8713,5512,1.1187,2026-06-19,fantasypros_bestball_2026
Saquon Barkley,RB,PHI,4926,15,8,7.69,14.8,6208,1.2603,4370,0.8871,2026-06-19,fantasypros_bestball_2026
Dak Prescott,QB,DAL,4922,17,8,7.98,74.8,7236,1.4701,3880,0.7883,2026-06-19,fantasypros_bestball_2026
Brian Thomas Jr.,WR,JAC,4879,25,31,30.87,69.0,4383,0.8983,5323,1.091,2026-06-19,fantasypros_bestball_2026
Zay Flowers,WR,BAL,4852,26,15,15.12,36.8,5887,1.2133,4363,0.8992,2026-06-19,fantasypros_bestball_2026
Tyler Shough,QB,NOS,4848,18,19,19.4,117.4,4930,1.0169,4819,0.994,2026-06-19,fantasypros_bestball_2026
Kyren Williams,RB,LAR,4830,16,15,14.88,31.8,5099,1.0557,4722,0.9776,2026-06-19,fantasypros_bestball_2026
Jadarian Price,RB,SEA,4816,17,26,25.69,60.4,3728,0.7741,5710,1.1856,2026-06-19,fantasypros_bestball_2026
C.J. Stroud,QB,HOU,4813,19,23,23.06,140.0,4306,0.8947,5239,1.0885,2026-06-19,fantasypros_bestball_2026
Cam Skattebo,RB,NYG,4790,18,19,18.79,41.8,4738,0.9891,4832,1.0088,2026-06-19,fantasypros_bestball_2026
Baker Mayfield,QB,TBB,4754,20,20,19.6,117.4,4901,1.0309,4695,0.9876,2026-06-19,fantasypros_bestball_2026
Jaylen Waddle,WR,DEN,4744,27,24,24.23,52.4,5143,1.0841,4582,0.9659,2026-06-19,fantasypros_bestball_2026
Bucky Irving,RB,TBB,4698,19,24,23.91,55.6,3956,0.8421,5293,1.1266,2026-06-19,fantasypros_bestball_2026
Jameson Williams,WR,DET,4697,28,26,26.0,53.4,5043,1.0737,4557,0.9702,2026-06-19,fantasypros_bestball_2026
Jared Goff,QB,DET,4690,21,15,15.14,101.4,5729,1.2215,4251,0.9064,2026-06-19,fantasypros_bestball_2026
Rashee Rice,WR,KCC,4620,29,13,12.6,30.6,6193,1.3405,3735,0.8084,2026-06-19,fantasypros_bestball_2026
Kenyon Sadiq,TE,NYJ,4608,9,20,19.82,147.8,3115,0.676,5795,1.2576,2026-06-19,fantasypros_bestball_2026
Sam Darnold,QB,SEA,4593,22,22,22.2,137.8,4482,0.9758,4682,1.0194,2026-06-19,fantasypros_bestball_2026
Javonte Williams,RB,DAL,4518,20,16,16.34,34.4,4926,1.0903,4351,0.963,2026-06-19,fantasypros_bestball_2026
KC Concepcion,WR,CLE,4499,30,52,51.88,124.2,3294,0.7322,5592,1.2429,2026-06-19,fantasypros_bestball_2026
Travis Etienne,RB,NOS,4480,21,17,16.63,34.6,4907,1.0953,4304,0.9607,2026-06-19,fantasypros_bestball_2026
Bryce Young,QB,CAR,4372,23,26,25.84,153.6,3762,0.8605,4856,1.1107,2026-06-19,fantasypros_bestball_2026
Kyler Murray,QB,MIN,4136,24,17,17.0,109.2,5216,1.2611,3670,0.8873,2026-06-19,fantasypros_bestball_2026
Oronde Gadsden,TE,LAC,4068,10,16,16.38,141.4,3400,0.8358,4635,1.1394,2026-06-19,fantasypros_bestball_2026
Eli Stowers,TE,PHI,4060,11,30,30.05,205.2,2480,0.6108,5382,1.3256,2026-06-19,fantasypros_bestball_2026
Derrick Henry,RB,BAL,4043,22,12,12.03,21.6,5534,1.3688,3355,0.8298,2026-06-19,fantasypros_bestball_2026
Bhayshul Tuten,RB,JAC,4026,23,25,25.13,58.8,3757,0.9332,4244,1.0541,2026-06-19,fantasypros_bestball_2026
Alec Pierce,WR,IND,4018,31,36,35.93,81.0,3970,0.9881,4110,1.0229,2026-06-19,fantasypros_bestball_2026
Jordan Addison,WR,MIN,3990,32,44,44.34,103.2,3564,0.8932,4497,1.1271,2026-06-19,fantasypros_bestball_2026
Christian Watson,WR,GBP,3890,33,29,28.68,62.0,4815,1.2378,3508,0.9018,2026-06-19,fantasypros_bestball_2026
Daniel Jones,QB,IND,3888,25,25,24.96,147.0,3843,0.9884,3924,1.0093,2026-06-19,fantasypros_bestball_2026
Malik Willis,QB,MIA,3864,26,21,21.13,131.0,4673,1.2094,3527,0.9128,2026-06-19,fantasypros_bestball_2026
Isaiah Likely,TE,NYG,3812,12,12,12.2,114.8,3915,1.027,3771,0.9892,2026-06-19,fantasypros_bestball_2026
Josh Jacobs,RB,GBP,3795,24,18,18.11,39.2,4808,1.2669,3367,0.8872,2026-06-19,fantasypros_bestball_2026
George Kittle,TE,SFO,3747,13,9,9.25,106.6,4499,1.2007,3438,0.9175,2026-06-19,fantasypros_bestball_2026
Matthew Stafford,QB,LAR,3747,27,12,11.96,90.4,6352,1.6952,2348,0.6266,2026-06-19,fantasypros_bestball_2026
Omar Cooper Jr.,WR,NYJ,3743,34,60,60.32,157.4,2892,0.7726,4708,1.2578,2026-06-19,fantasypros_bestball_2026
Parker Washington,WR,JAC,3684,35,33,33.12,75.2,4184,1.1357,3482,0.9452,2026-06-19,fantasypros_bestball_2026
Jake Ferguson,TE,DAL,3682,14,13,12.68,115.4,3869,1.0508,3607,0.9796,2026-06-19,fantasypros_bestball_2026
Josh Downs,WR,IND,3655,36,47,47.04,107.0,3445,0.9425,3979,1.0886,2026-06-19,fantasypros_bestball_2026
Matthew Golden,WR,GBP,3645,37,50,50.36,120.4,3345,0.9177,4054,1.1122,2026-06-19,fantasypros_bestball_2026
D.J. Moore,WR,BUF,3637,38,23,22.67,50.2,5207,1.4317,2786,0.766,2026-06-19,fantasypros_bestball_2026
Dalton Kincaid,TE,BUF,3622,15,11,11.0,113.0,4141,1.1433,3408,0.9409,2026-06-19,fantasypros_bestball_2026
Michael Wilson,WR,ARI,3611,39,39,38.6,90.0,3851,1.0665,3515,0.9734,2026-06-19,fantasypros_bestball_2026
Ty Simpson,QB,LAR,3599,28,61,61.06,345.5,855,0.2376,5607,1.5579,2026-06-19,fantasypros_bestball_2026
D'Andre Swift,RB,CHI,3579,25,23,22.73,53.6,4135,1.1554,3354,0.9371,2026-06-19,fantasypros_bestball_2026
Kyle Monangai,RB,CHI,3548,26,33,33.05,92.8,3307,0.9321,3788,1.0676,2026-06-19,fantasypros_bestball_2026
Wan'Dale Robinson,WR,TEN,3523,40,48,47.77,108.0,3424,0.9719,3677,1.0437,2026-06-19,fantasypros_bestball_2026
Quentin Johnston,WR,LAC,3505,41,42,41.67,98.6,3672,1.0476,3439,0.9812,2026-06-19,fantasypros_bestball_2026
Terry McLaurin,WR,WAS,3476,42,22,22.37,50.0,5220,1.5017,2373,0.6827,2026-06-19,fantasypros_bestball_2026
Denzel Boston,WR,CLE,3470,43,62,62.32,164.6,2795,0.8055,4124,1.1885,2026-06-19,fantasypros_bestball_2026
DK Metcalf,WR,PIT,3455,44,35,35.2,80.0,4003,1.1586,3209,0.9288,2026-06-19,fantasypros_bestball_2026
Jayden Reed,WR,GBP,3416,45,41,41.37,98.4,3687,1.0793,3305,0.9675,2026-06-19,fantasypros_bestball_2026
Jayden Higgins,WR,HOU,3406,46,54,53.75,131.8,3147,0.924,3643,1.0696,2026-06-19,fantasypros_bestball_2026
David Montgomery,RB,HOU,3403,27,21,20.77,51.0,4509,1.325,2933,0.8619,2026-06-19,fantasypros_bestball_2026
Brenton Strange,TE,JAC,3388,16,19,19.24,146.8,3152,0.9303,3582,1.0573,2026-06-19,fantasypros_bestball_2026
RJ Harvey,RB,DEN,3386,28,31,30.7,81.4,3425,1.0115,3380,0.9982,2026-06-19,fantasypros_bestball_2026
Ricky Pearsall,WR,SFO,3362,47,46,46.13,105.8,3491,1.0384,3310,0.9845,2026-06-19,fantasypros_bestball_2026
Blake Corum,RB,LAR,3358,29,35,34.77,98.4,3218,0.9583,3501,1.0426,2026-06-19,fantasypros_bestball_2026
Travis Hunter,WR,JAC,3354,48,65,65.15,173.3,2658,0.7925,3954,1.1789,2026-06-19,fantasypros_bestball_2026
Michael Pittman,WR,PIT,3350,49,43,42.95,100.6,3625,1.0821,3233,0.9651,2026-06-19,fantasypros_bestball_2026
Davante Adams,WR,LAR,3335,50,25,25.08,53.0,5090,1.5262,1978,0.5931,2026-06-19,fantasypros_bestball_2026
Zach Charbonnet,RB,SEA,3320,30,49,49.4,157.0,2431,0.7322,4129,1.2437,2026-06-19,fantasypros_bestball_2026
Jonathon Brooks,RB,CAR,3309,31,37,37.17,108.8,3017,0.9118,3567,1.078,2026-06-19,fantasypros_bestball_2026
Xavier Worthy,WR,KCC,3305,51,49,48.85,111.8,3395,1.0272,3269,0.9891,2026-06-19,fantasypros_bestball_2026
Chuba Hubbard,RB,CAR,3303,32,27,27.25,72.6,3580,1.0839,3188,0.9652,2026-06-19,fantasypros_bestball_2026
Mike Evans,WR,SFO,3292,52,27,26.64,53.8,4975,1.5112,1969,0.5981,2026-06-19,fantasypros_bestball_2026
Jaylen Warren,RB,PIT,3231,33,28,28.16,75.4,3543,1.0966,3101,0.9598,2026-06-19,fantasypros_bestball_2026
Chigoziem Okonkwo,TE,WAS,3225,17,17,16.83,141.8,3336,1.0344,3180,0.986,2026-06-19,fantasypros_bestball_2026
Jonah Coleman,RB,DEN,3196,34,48,48.26,155.8,2475,0.7744,3811,1.1924,2026-06-19,fantasypros_bestball_2026
Mark Andrews,TE,BAL,3194,18,15,14.69,123.4,3665,1.1475,3002,0.9399,2026-06-19,fantasypros_bestball_2026
AJ Barner,TE,SEA,3162,20,25,24.63,184.4,2739,0.8662,3491,1.104,2026-06-19,fantasypros_bestball_2026
T.J. Hockenson,TE,MIN,3162,19,22,21.72,153.4,2964,0.9374,3320,1.05,2026-06-19,fantasypros_bestball_2026
Rico Dowdle,RB,PIT,3157,35,32,32.01,87.2,3378,1.07,3067,0.9715,2026-06-19,fantasypros_bestball_2026
Romeo Doubs,WR,NEP,3155,53,51,50.68,120.8,3332,1.0561,3083,0.9772,2026-06-19,fantasypros_bestball_2026
Jakobi Meyers,WR,JAC,3108,54,45,44.66,103.4,3548,1.1416,2908,0.9356,2026-06-19,fantasypros_bestball_2026
Jalen Coker,WR,CAR,3107,55,55,55.06,137.2,3107,1.0,3107,1.0,2026-06-19,fantasypros_bestball_2026
Michael Penix Jr.,QB,ATL,3098,29,34,33.65,227.8,2424,0.7824,3622,1.1691,2026-06-19,fantasypros_bestball_2026
Courtland Sutton,WR,DEN,3073,56,37,36.72,82.4,3940,1.2821,2532,0.824,2026-06-19,fantasypros_bestball_2026
Jalen McMillan,WR,TBB,3071,57,58,58.21,151.6,2983,0.9713,3141,1.0228,2026-06-19,fantasypros_bestball_2026
Terrance Ferguson,TE,LAR,3070,21,31,31.0,213.4,2421,0.7886,3554,1.1577,2026-06-19,fantasypros_bestball_2026
Gunnar Helm,TE,TEN,3061,22,24,24.39,184.2,2760,0.9017,3296,1.0768,2026-06-19,fantasypros_bestball_2026
Chris Bell,WR,MIA,3029,58,86,85.62,222.4,2117,0.6989,3721,1.2285,2026-06-19,fantasypros_bestball_2026
Antonio Williams,WR,WAS,3025,59,66,65.71,173.8,2644,0.874,3312,1.0949,2026-06-19,fantasypros_bestball_2026
Dallas Goedert,TE,PHI,2985,23,14,14.16,121.0,3713,1.2439,2658,0.8905,2026-06-19,fantasypros_bestball_2026
Germie Bernard,WR,PIT,2966,60,81,81.16,213.4,2231,0.7522,3507,1.1824,2026-06-19,fantasypros_bestball_2026
Jacory Croskey-Merritt,RB,WAS,2959,36,41,41.02,125.8,2813,0.9507,3092,1.0449,2026-06-19,fantasypros_bestball_2026
J.K. Dobbins,RB,DEN,2957,37,36,35.94,102.8,3065,1.0365,2914,0.9855,2026-06-19,fantasypros_bestball_2026
Rhamondre Stevenson,RB,NEP,2925,38,29,28.78,76.6,3515,1.2017,2658,0.9087,2026-06-19,fantasypros_bestball_2026
Nicholas Singleton,RB,TEN,2922,39,57,56.62,181.6,2106,0.7207,3590,1.2286,2026-06-19,fantasypros_bestball_2026
Travis Kelce,TE,KCC,2922,24,10,10.17,111.2,4191,1.4343,2267,0.7758,2026-06-19,fantasypros_bestball_2026
Chris Godwin,WR,TBB,2920,61,40,39.9,93.2,3756,1.2863,2362,0.8089,2026-06-19,fantasypros_bestball_2026
Khalil Shakir,WR,BUF,2908,62,53,53.27,130.6,3172,1.0908,2790,0.9594,2026-06-19,fantasypros_bestball_2026
Kenneth Gainwell,RB,TBB,2905,40,34,34.23,97.2,3246,1.1174,2761,0.9504,2026-06-19,fantasypros_bestball_2026
David Njoku,TE,LAC,2834,25,26,26.28,190.2,2641,0.9319,2986,1.0536,2026-06-19,fantasypros_bestball_2026
Tony Pollard,RB,TEN,2820,41,30,30.27,80.6,3441,1.2202,2528,0.8965,2026-06-19,fantasypros_bestball_2026
Elijah Arroyo,TE,SEA,2818,26,47,47.04,305.0,1685,0.5979,3600,1.2775,2026-06-19,fantasypros_bestball_2026
Woody Marks,RB,HOU,2796,42,44,44.11,140.6,2680,0.9585,2888,1.0329,2026-06-19,fantasypros_bestball_2026
Rachaad White,RB,WAS,2783,43,38,37.79,111.2,2986,1.0729,2698,0.9695,2026-06-19,fantasypros_bestball_2026
Dylan Sampson,RB,CLE,2774,44,51,50.91,161.2,2370,0.8544,3071,1.1071,2026-06-19,fantasypros_bestball_2026
Rashid Shaheed,WR,SEA,2770,63,57,56.8,143.8,3041,1.0978,2655,0.9585,2026-06-19,fantasypros_bestball_2026
Elijah Sarratt,WR,BAL,2766,64,99,98.64,273.7,1705,0.6164,3551,1.2838,2026-06-19,fantasypros_bestball_2026
Tyler Allgeier,RB,ARI,2761,45,47,46.92,150.2,2538,0.9192,2936,1.0634,2026-06-19,fantasypros_bestball_2026
Tua Tagovailoa,QB,ATL,2752,30,31,31.05,199.0,2650,0.9629,2833,1.0294,2026-06-19,fantasypros_bestball_2026
Mason Taylor,TE,NYJ,2750,27,41,41.23,272.8,1922,0.6989,3310,1.2036,2026-06-19,fantasypros_bestball_2026
Cade Otton,TE,TBB,2747,28,27,26.85,191.2,2599,0.9461,2865,1.043,2026-06-19,fantasypros_bestball_2026
Tre Harris,WR,LAC,2742,65,71,71.0,187.0,2512,0.9161,2907,1.0602,2026-06-19,fantasypros_bestball_2026
J.J. McCarthy,QB,MIN,2735,31,40,39.8,277.5,1783,0.6519,3464,1.2665,2026-06-19,fantasypros_bestball_2026
Isaac TeSlaa,WR,DET,2732,66,68,68.04,181.4,2586,0.9466,2845,1.0414,2026-06-19,fantasypros_bestball_2026
Juwan Johnson,TE,NOS,2718,29,18,17.76,142.8,3260,1.1994,2459,0.9047,2026-06-19,fantasypros_bestball_2026
Jaylin Noel,WR,HOU,2716,67,90,90.1,251.6,2025,0.7456,3182,1.1716,2026-06-19,fantasypros_bestball_2026
Max Klare,TE,LAR,2714,30,55,55.26,323.5,1330,0.4901,3625,1.3357,2026-06-19,fantasypros_bestball_2026
Malachi Fields,WR,NYG,2712,68,85,85.0,222.2,2146,0.7913,3075,1.1338,2026-06-19,fantasypros_bestball_2026
De'Zhaun Stribling,WR,SFO,2705,69,78,78.13,205.2,2299,0.8499,2971,1.0983,2026-06-19,fantasypros_bestball_2026
Shedeur Sanders,QB,CLE,2704,32,33,33.35,227.2,2446,0.9046,2908,1.0754,2026-06-19,fantasypros_bestball_2026
Zachariah Branch,WR,ATL,2692,70,75,74.69,197.2,2397,0.8904,2904,1.0788,2026-06-19,fantasypros_bestball_2026
Tory Horton,WR,SEA,2676,71,95,94.71,269.5,1813,0.6775,3230,1.207,2026-06-19,fantasypros_bestball_2026
Tyrone Tracy,RB,NYG,2671,46,42,42.2,130.6,2759,1.0329,2635,0.9865,2026-06-19,fantasypros_bestball_2026
Jacoby Brissett,QB,ARI,2660,33,30,29.61,174.8,2834,1.0654,2589,0.9733,2026-06-19,fantasypros_bestball_2026
Braelon Allen,RB,NYJ,2659,47,60,60.3,194.0,1977,0.7435,3130,1.1771,2026-06-19,fantasypros_bestball_2026
Jake Tonges,TE,SFO,2653,31,33,32.76,226.4,2356,0.8881,2884,1.0871,2026-06-19,fantasypros_bestball_2026
Mac Jones,QB,SFO,2653,34,57,56.76,336.5,1014,0.3822,3755,1.4154,2026-06-19,fantasypros_bestball_2026
Jordan Mason,RB,MIN,2633,48,39,39.26,118.8,2934,1.1143,2498,0.9487,2026-06-19,fantasypros_bestball_2026
Hunter Henry,TE,NEP,2631,32,21,20.97,150.4,2998,1.1395,2457,0.9339,2026-06-19,fantasypros_bestball_2026
Jerry Jeudy,WR,CLE,2626,72,67,66.94,177.0,2612,0.9947,2637,1.0042,2026-06-19,fantasypros_bestball_2026
Troy Franklin,WR,DEN,2625,73,83,82.71,217.0,2194,0.8358,2891,1.1013,2026-06-19,fantasypros_bestball_2026
Chris Rodriguez,RB,JAC,2621,49,43,42.73,132.2,2736,1.0439,2572,0.9813,2026-06-19,fantasypros_bestball_2026
Jauan Jennings,WR,MIN,2612,74,59,58.93,154.0,2964,1.1348,2423,0.9276,2026-06-19,fantasypros_bestball_2026
Pat Freiermuth,TE,PIT,2612,33,29,28.68,194.6,2524,0.9663,2682,1.0268,2026-06-19,fantasypros_bestball_2026
Dalton Schultz,TE,HOU,2611,34,23,23.03,169.8,2866,1.0977,2490,0.9537,2026-06-19,fantasypros_bestball_2026
Tyjae Spears,RB,TEN,2600,50,50,49.6,157.0,2424,0.9323,2740,1.0538,2026-06-19,fantasypros_bestball_2026
Kayshon Boutte,WR,NEP,2575,75,80,79.65,206.8,2262,0.8784,2796,1.0858,2026-06-19,fantasypros_bestball_2026
Emmett Johnson,RB,KCC,2570,51,55,55.09,178.8,2172,0.8451,2863,1.114,2026-06-19,fantasypros_bestball_2026
Theo Johnson,TE,NYG,2563,35,40,40.08,270.2,1953,0.762,2999,1.1701,2026-06-19,fantasypros_bestball_2026
Michael Mayer,TE,LVR,2559,36,43,42.69,275.2,1865,0.7288,3027,1.1829,2026-06-19,fantasypros_bestball_2026
Kaytron Allen,RB,WAS,2554,52,58,58.33,188.0,2040,0.7987,2912,1.1402,2026-06-19,fantasypros_bestball_2026
Chris Brazzell II,WR,CAR,2552,76,91,90.85,254.4,1999,0.7833,2866,1.123,2026-06-19,fantasypros_bestball_2026
Tank Dell,WR,HOU,2533,77,77,77.02,202.8,2323,0.9171,2701,1.0663,2026-06-19,fantasypros_bestball_2026
Malik Washington,WR,MIA,2528,78,70,70.16,186.4,2534,1.0024,2525,0.9988,2026-06-19,fantasypros_bestball_2026
Elic Ayomanor,WR,TEN,2512,79,118,118.07,293.0,1349,0.537,3221,1.2822,2026-06-19,fantasypros_bestball_2026
Adonai Mitchell,WR,NYJ,2510,80,74,74.37,196.8,2409,0.9598,2591,1.0323,2026-06-19,fantasypros_bestball_2026
Skyler Bell,WR,BUF,2508,81,123,123.13,299.0,1237,0.4932,3272,1.3046,2026-06-19,fantasypros_bestball_2026
Tre Tucker,WR,LVR,2496,82,63,62.68,165.4,2757,1.1046,2333,0.9347,2026-06-19,fantasypros_bestball_2026
Ted Hurst,WR,TBB,2490,83,89,88.89,247.0,2045,0.8213,2778,1.1157,2026-06-19,fantasypros_bestball_2026
Keaton Mitchell,RB,LAC,2483,53,45,45.26,145.4,2628,1.0584,2420,0.9746,2026-06-19,fantasypros_bestball_2026
Pat Bryant,WR,DEN,2483,84,92,91.99,260.5,1885,0.7592,2852,1.1486,2026-06-19,fantasypros_bestball_2026
Tank Bigsby,RB,PHI,2473,54,54,54.06,174.6,2237,0.9046,2661,1.076,2026-06-19,fantasypros_bestball_2026
Jack Bech,WR,LVR,2470,85,98,98.29,273.6,1711,0.6927,2884,1.1676,2026-06-19,fantasypros_bestball_2026
Keon Coleman,WR,BUF,2423,86,88,88.29,244.4,2054,0.8477,2704,1.116,2026-06-19,fantasypros_bestball_2026
Chimere Dike,WR,TEN,2416,87,97,96.96,273.0,1748,0.7235,2799,1.1585,2026-06-19,fantasypros_bestball_2026
Ja'Tavion Sanders,TE,CAR,2412,37,46,45.99,299.3,1702,0.7056,2865,1.1878,2026-06-19,fantasypros_bestball_2026
Ollie Gordon,RB,MIA,2410,55,88,88.0,293.0,1165,0.4834,3196,1.3261,2026-06-19,fantasypros_bestball_2026
Jalen Nailor,WR,LVR,2406,88,61,60.64,157.8,2876,1.1953,2007,0.8342,2026-06-19,fantasypros_bestball_2026
Cole Kmet,TE,CHI,2400,38,49,48.95,310.7,1593,0.6637,2894,1.2058,2026-06-19,fantasypros_bestball_2026
Dontayvion Wicks,WR,PHI,2399,89,87,86.83,228.8,2085,0.8691,2650,1.1046,2026-06-19,fantasypros_bestball_2026
Ja'Kobi Lane,WR,BAL,2394,90,111,110.87,286.0,1517,0.6337,2808,1.1729,2026-06-19,fantasypros_bestball_2026
Brian Robinson,RB,ATL,2360,56,53,52.7,168.8,2297,0.9733,2410,1.0212,2026-06-19,fantasypros_bestball_2026
Kyle Williams,WR,NEP,2355,91,153,153.16,345.5,868,0.3686,3233,1.3728,2026-06-19,fantasypros_bestball_2026
Kaleb Johnson,RB,PIT,2346,57,91,92.62,302.0,1129,0.4812,3092,1.318,2026-06-19,fantasypros_bestball_2026
Isiah Pacheco,RB,DET,2316,58,46,45.77,146.4,2587,1.117,2183,0.9426,2026-06-19,fantasypros_bestball_2026
Greg Dulcich,TE,MIA,2299,39,28,28.12,193.4,2549,1.1087,2181,0.9487,2026-06-19,fantasypros_bestball_2026
Sean Tucker,RB,TBB,2286,59,56,56.34,181.4,2115,0.9252,2422,1.0595,2026-06-19,fantasypros_bestball_2026
Mike Washington Jr.,RB,LVR,2283,60,59,58.68,188.6,2024,0.8866,2490,1.0907,2026-06-19,fantasypros_bestball_2026
Colby Parkinson,TE,LAR,2262,40,32,32.09,221.4,2380,1.0522,2210,0.977,2026-06-19,fantasypros_bestball_2026
Darnell Washington,TE,PIT,2261,41,39,39.01,266.2,2007,0.8877,2464,1.0898,2026-06-19,fantasypros_bestball_2026
Trey Benson,RB,ARI,2260,61,101,101.22,329.0,916,0.4053,3061,1.3544,2026-06-19,fantasypros_bestball_2026
Aaron Jones,RB,MIN,2253,62,40,39.78,120.4,2912,1.2925,1794,0.7963,2026-06-19,fantasypros_bestball_2026
Geno Smith,QB,NYJ,2247,35,29,29.33,174.6,2914,1.2968,1966,0.8749,2026-06-19,fantasypros_bestball_2026
Anthony Richardson,QB,IND,2224,36,49,48.6,315.0,1336,0.6007,2828,1.2716,2026-06-19,fantasypros_bestball_2026
Jalen Milroe,QB,SEA,2224,37,50,50.13,317.0,1261,0.567,2855,1.2837,2026-06-19,fantasypros_bestball_2026
Jaylen Wright,RB,MIA,2208,63,70,69.8,230.8,1777,0.8048,2464,1.1159,2026-06-19,fantasypros_bestball_2026
Luke Musgrave,TE,GBP,2206,42,54,53.78,316.5,1401,0.6351,2676,1.2131,2026-06-19,fantasypros_bestball_2026
Evan Engram,TE,DEN,2205,43,36,35.73,250.8,2250,1.0204,2185,0.9909,2026-06-19,fantasypros_bestball_2026
Brandon Aiyuk,WR,SFO,2202,92,72,72.08,187.6,2463,1.1185,2035,0.9242,2026-06-19,fantasypros_bestball_2026
Kimani Vidal,RB,LAC,2182,64,63,62.81,205.2,1898,0.8698,2409,1.104,2026-06-19,fantasypros_bestball_2026
Deshaun Watson,QB,CLE,2158,38,32,32.14,218.0,2551,1.1821,1992,0.9231,2026-06-19,fantasypros_bestball_2026
Tez Johnson,WR,TBB,2137,93,150,150.4,341.5,895,0.4188,2858,1.3374,2026-06-19,fantasypros_bestball_2026
Jordan James,RB,SFO,2135,65,64,65.09,209.2,1823,0.8539,2384,1.1166,2026-06-19,fantasypros_bestball_2026
Ben Sinnott,TE,WAS,2134,44,59,59.4,338.0,1214,0.5689,2641,1.2376,2026-06-19,fantasypros_bestball_2026
MarShawn Lloyd,RB,GBP,2130,66,65,65.6,215.2,1864,0.8751,2342,1.0995,2026-06-19,fantasypros_bestball_2026
Stefon Diggs,WR,FA,2127,94,56,56.08,141.2,3059,1.4382,951,0.4471,2026-06-19,fantasypros_bestball_2026
Marvin Mims,WR,DEN,2125,95,146,145.66,324.3,952,0.448,2774,1.3054,2026-06-19,fantasypros_bestball_2026
Jaydon Blue,RB,DAL,2080,67,69,69.36,230.6,1787,0.8591,2304,1.1077,2026-06-19,fantasypros_bestball_2026
Justin Joly,TE,DEN,2078,45,50,50.4,312.0,1555,0.7483,2429,1.1689,2026-06-19,fantasypros_bestball_2026
Carson Beck,QB,ARI,2077,39,44,43.67,294.7,1543,0.7429,2463,1.1858,2026-06-19,fantasypros_bestball_2026
Darnell Mooney,WR,NYG,2072,96,79,79.2,206.4,2271,1.096,1958,0.945,2026-06-19,fantasypros_bestball_2026
Justin Fields,QB,KCC,2072,40,47,47.02,310.3,1410,0.6805,2515,1.2138,2026-06-19,fantasypros_bestball_2026
Dawson Knox,TE,BUF,2056,46,48,48.26,309.7,1611,0.7836,2397,1.1659,2026-06-19,fantasypros_bestball_2026
Rashod Bateman,WR,BAL,2051,97,93,93.19,266.8,1831,0.8927,2227,1.0858,2026-06-19,fantasypros_bestball_2026
LeQuint Allen,RB,JAC,2042,68,85,84.72,284.8,1243,0.6087,2520,1.2341,2026-06-19,fantasypros_bestball_2026
Devin Neal,RB,NOS,2040,69,98,97.92,324.0,1003,0.4917,2656,1.302,2026-06-19,fantasypros_bestball_2026
DJ Giddens,RB,IND,2030,70,89,88.88,293.7,1134,0.5586,2553,1.2576,2026-06-19,fantasypros_bestball_2026
Trevor Etienne,RB,CAR,2029,71,100,99.6,325.5,961,0.4736,2646,1.3041,2026-06-19,fantasypros_bestball_2026
Emanuel Wilson,RB,SEA,2026,72,61,60.67,194.8,1965,0.9699,2075,1.0242,2026-06-19,fantasypros_bestball_2026
Alvin Kamara,RB,NOS,2021,73,52,52.32,168.0,2322,1.1489,1823,0.902,2026-06-19,fantasypros_bestball_2026
Deebo Samuel,WR,FA,2017,98,64,64.29,172.2,2687,1.3322,1293,0.6411,2026-06-19,fantasypros_bestball_2026
Jaylin Lane,WR,WAS,2004,99,134,134.06,313.0,1153,0.5753,2406,1.2006,2026-06-19,fantasypros_bestball_2026
Will Howard,QB,PIT,1994,41,60,60.0,343.5,876,0.4393,2662,1.335,2026-06-19,fantasypros_bestball_2026
Isaiah Bond,WR,CLE,1981,100,126,125.9,301.0,1202,0.6068,2345,1.1837,2026-06-19,fantasypros_bestball_2026
Demario Douglas,WR,NEP,1969,101,145,144.91,323.5,963,0.4891,2486,1.2626,2026-06-19,fantasypros_bestball_2026
Dont'e Thornton,WR,LVR,1966,102,140,139.6,317.0,1058,0.5381,2401,1.2213,2026-06-19,fantasypros_bestball_2026
Ray Davis,RB,BUF,1951,74,62,62.29,203.8,1921,0.9846,1975,1.0123,2026-06-19,fantasypros_bestball_2026
Aaron Rodgers,QB,PIT,1947,42,27,27.24,168.8,3561,1.829,1088,0.5588,2026-06-19,fantasypros_bestball_2026
Oscar Delp,TE,NOS,1944,47,53,52.6,314.5,1463,0.7526,2275,1.1703,2026-06-19,fantasypros_bestball_2026
Christian Kirk,WR,SFO,1940,103,84,84.37,222.0,2161,1.1139,1805,0.9304,2026-06-19,fantasypros_bestball_2026
Kirk Cousins,QB,LVR,1926,43,35,34.91,237.8,2138,1.1101,1833,0.9517,2026-06-19,fantasypros_bestball_2026
Xavier Legette,WR,CAR,1922,104,144,144.29,323.0,979,0.5094,2382,1.2393,2026-06-19,fantasypros_bestball_2026
Tyreek Hill,WR,FA,1888,105,76,76.03,200.2,2354,1.2468,1467,0.777,2026-06-19,fantasypros_bestball_2026
Calvin Ridley,WR,TEN,1876,106,73,72.63,188.0,2453,1.3076,1260,0.6716,2026-06-19,fantasypros_bestball_2026
Demond Claiborne,RB,MIN,1871,75,67,67.25,224.8,1841,0.984,1895,1.0128,2026-06-19,fantasypros_bestball_2026
Noah Gray,TE,KCC,1867,48,67,67.05,349.5,995,0.5329,2376,1.2726,2026-06-19,fantasypros_bestball_2026
Eli Raridon,TE,NEP,1856,49,44,44.14,288.0,1784,0.9612,1913,1.0307,2026-06-19,fantasypros_bestball_2026
Cade Klubnik,QB,NYJ,1853,44,54,53.07,328.0,1109,0.5985,2311,1.2472,2026-06-19,fantasypros_bestball_2026
Daniel Bellinger,TE,TEN,1844,50,58,58.0,332.5,1239,0.6719,2231,1.2099,2026-06-19,fantasypros_bestball_2026
Kevin Coleman,WR,MIA,1842,107,120,119.94,295.0,1284,0.6971,2148,1.1661,2026-06-19,fantasypros_bestball_2026
Mike Gesicki,TE,CIN,1827,51,34,34.31,247.2,2308,1.2633,1554,0.8506,2026-06-19,fantasypros_bestball_2026
Drew Allar,QB,PIT,1825,45,,,,,,3282,1.7984,2026-06-19,fantasypros_bestball_2026
Jalen Royals,WR,KCC,1825,108,131,132.93,307.5,1159,0.6351,2152,1.1792,2026-06-19,fantasypros_bestball_2026
Tyquan Thornton,WR,KCC,1809,109,102,102.4,276.5,1641,0.9071,1943,1.0741,2026-06-19,fantasypros_bestball_2026
Kendre Miller,RB,NOS,1801,76,108,107.98,338.5,751,0.417,2407,1.3365,2026-06-19,fantasypros_bestball_2026
Cade Stover,TE,HOU,1796,52,,,,,,3230,1.7984,2026-06-19,fantasypros_bestball_2026
Isaiah Davis,RB,NYJ,1795,77,109,109.02,338.5,751,0.4184,2385,1.3287,2026-06-19,fantasypros_bestball_2026
Brashard Smith,RB,KCC,1789,78,112,112.37,385.0,705,0.3941,2395,1.3387,2026-06-19,fantasypros_bestball_2026
Cedric Tillman,WR,CLE,1781,110,136,136.22,315.0,1108,0.6221,2106,1.1825,2026-06-19,fantasypros_bestball_2026
Jalen Tolbert,WR,MIA,1776,111,117,117.07,292.3,1369,0.7708,2040,1.1486,2026-06-19,fantasypros_bestball_2026
Ryan Flournoy,WR,DAL,1776,112,69,69.18,185.0,2559,1.4409,603,0.3395,2026-06-19,fantasypros_bestball_2026
Quinn Ewers,QB,MIA,1774,46,43,43.07,294.0,1587,0.8946,1923,1.084,2026-06-19,fantasypros_bestball_2026
James Conner,RB,ARI,1759,79,66,66.6,216.2,1869,1.0625,1705,0.9693,2026-06-19,fantasypros_bestball_2026
Kaelon Black,RB,SFO,1754,80,68,67.88,226.8,1818,1.0365,1723,0.9823,2026-06-19,fantasypros_bestball_2026
Noah Fant,TE,NOS,1740,53,74,72.88,362.0,638,0.3667,2390,1.3736,2026-06-19,fantasypros_bestball_2026
Cooper Kupp,WR,SEA,1736,113,82,82.22,216.2,2204,1.2696,1283,0.7391,2026-06-19,fantasypros_bestball_2026
Riley Leonard,QB,IND,1725,47,65,65.0,393.0,732,0.4243,2289,1.327,2026-06-19,fantasypros_bestball_2026
Joe Milton,QB,DAL,1720,48,58,57.92,338.5,977,0.568,2160,1.2558,2026-06-19,fantasypros_bestball_2026
Luke McCaffrey,WR,WAS,1700,114,106,104.73,281.5,1640,0.9647,1748,1.0282,2026-06-19,fantasypros_bestball_2026
Savion Williams,WR,GBP,1685,115,116,116.0,291.3,1384,0.8214,1923,1.1412,2026-06-19,fantasypros_bestball_2026
Tyler Higbee,TE,LAR,1684,54,70,70.24,355.5,772,0.4584,2210,1.3124,2026-06-19,fantasypros_bestball_2026
Jarquez Hunter,RB,LAR,1658,81,106,105.71,334.5,790,0.4765,2107,1.2708,2026-06-19,fantasypros_bestball_2026
Tahj Brooks,RB,CIN,1654,82,102,102.0,330.0,904,0.5466,2016,1.2189,2026-06-19,fantasypros_bestball_2026
Andrei Iosivas,WR,CIN,1652,116,125,125.16,300.7,1217,0.7367,1890,1.1441,2026-06-19,fantasypros_bestball_2026
Marquise Brown,WR,PHI,1646,117,128,128.3,303.7,1164,0.7072,1889,1.1476,2026-06-19,fantasypros_bestball_2026
Jahan Dotson,WR,ATL,1637,118,127,126.75,301.5,1183,0.7227,1889,1.1539,2026-06-19,fantasypros_bestball_2026
Spencer Rattler,QB,NOS,1636,49,39,39.21,275.0,1804,1.1027,1559,0.9529,2026-06-19,fantasypros_bestball_2026
Tommy Tremble,TE,CAR,1628,55,62,62.97,341.0,1134,0.6966,1922,1.1806,2026-06-19,fantasypros_bestball_2026
Garrett Nussmeier,QB,KCC,1625,50,,,,,,2922,1.7982,2026-06-19,fantasypros_bestball_2026
Xavier Hutchinson,WR,HOU,1615,119,137,136.87,315.5,1095,0.678,1817,1.1251,2026-06-19,fantasypros_bestball_2026
Erick All,TE,CIN,1611,56,45,45.02,294.0,1737,1.0782,1551,0.9628,2026-06-19,fantasypros_bestball_2026
Will Shipley,RB,PHI,1608,83,97,96.93,323.0,1019,0.6337,1890,1.1754,2026-06-19,fantasypros_bestball_2026
Najee Harris,RB,FA,1593,84,84,84.22,284.0,1268,0.796,1852,1.1626,2026-06-19,fantasypros_bestball_2026
Elijah Higgins,TE,ARI,1572,57,73,72.76,358.0,639,0.4065,2118,1.3473,2026-06-19,fantasypros_bestball_2026
Jordan Whittington,WR,LAR,1569,120,105,103.94,280.5,1607,1.0242,1548,0.9866,2026-06-19,fantasypros_bestball_2026
Joshua Palmer,WR,BUF,1566,121,139,139.4,317.0,1060,0.6769,1751,1.1181,2026-06-19,fantasypros_bestball_2026
Darius Slayton,WR,NYG,1556,122,130,129.9,305.3,1132,0.7275,1790,1.1504,2026-06-19,fantasypros_bestball_2026
Tutu Atwell,WR,MIA,1555,123,152,151.7,342.0,886,0.5698,1813,1.1659,2026-06-19,fantasypros_bestball_2026
Roman Wilson,WR,PIT,1554,124,133,134.05,309.0,1153,0.742,1727,1.1113,2026-06-19,fantasypros_bestball_2026
KeAndre Lambert-Smith,WR,LAC,1549,125,148,147.87,335.0,924,0.5965,1781,1.1498,2026-06-19,fantasypros_bestball_2026
Isaac Guerendo,RB,SFO,1538,85,105,105.0,334.0,805,0.5234,1886,1.2263,2026-06-19,fantasypros_bestball_2026
Mitchell Evans,TE,CAR,1533,58,76,75.87,368.0,604,0.394,2061,1.3444,2026-06-19,fantasypros_bestball_2026
Luke Schoonmaker,TE,DAL,1526,59,64,62.99,343.0,1135,0.7438,1802,1.1809,2026-06-19,fantasypros_bestball_2026
Michael Trigg,TE,DAL,1525,60,56,55.94,325.0,1313,0.861,1694,1.1108,2026-06-19,fantasypros_bestball_2026
Jimmy Horn,WR,CAR,1524,126,,,,,,2740,1.7979,2026-06-19,fantasypros_bestball_2026
Jerome Ford,RB,WAS,1523,86,103,102.83,331.0,882,0.5791,1811,1.1891,2026-06-19,fantasypros_bestball_2026
Audric Estime,RB,NOS,1500,87,95,94.78,317.0,1077,0.718,1730,1.1533,2026-06-19,fantasypros_bestball_2026
Damien Martinez,RB,GBP,1495,88,94,94.04,315.5,1095,0.7324,1738,1.1625,2026-06-19,fantasypros_bestball_2026
Treylon Burks,WR,WAS,1495,127,109,109.25,285.0,1553,1.0388,1461,0.9773,2026-06-19,fantasypros_bestball_2026
Devaughn Vele,WR,NOS,1488,128,108,107.75,282.8,1586,1.0659,1425,0.9577,2026-06-19,fantasypros_bestball_2026
Brenen Thompson,WR,LAC,1474,129,103,102.6,276.5,1636,1.1099,1341,0.9098,2026-06-19,fantasypros_bestball_2026
Roschon Johnson,RB,CHI,1452,89,,,,,,2611,1.7982,2026-06-19,fantasypros_bestball_2026
Calvin Austin III,WR,NYG,1442,130,142,141.6,318.5,1012,0.7018,1621,1.1241,2026-06-19,fantasypros_bestball_2026
Jaleel McLaughlin,RB,DEN,1442,90,79,79.24,273.0,1457,1.0104,1435,0.9951,2026-06-19,fantasypros_bestball_2026
Ja'Lynn Polk,WR,NOS,1438,131,165,165.13,400.0,706,0.491,1737,1.2079,2026-06-19,fantasypros_bestball_2026
John Metchie,WR,CAR,1432,132,104,103.7,277.0,1612,1.1257,1273,0.889,2026-06-19,fantasypros_bestball_2026
Devontez Walker,WR,BAL,1402,133,101,101.2,276.3,1658,1.1826,1144,0.816,2026-06-19,fantasypros_bestball_2026
Tahj Washington,WR,MIA,1398,134,,,,,,2514,1.7983,2026-06-19,fantasypros_bestball_2026
Tyson Bagent,QB,CHI,1395,51,63,62.87,356.5,810,0.5806,1717,1.2308,2026-06-19,fantasypros_bestball_2026
Dyami Brown,WR,WAS,1392,135,112,112.0,287.0,1503,1.0797,1312,0.9425,2026-06-19,fantasypros_bestball_2026
Charlie Kolar,TE,LAC,1384,61,42,41.83,273.5,1891,1.3663,1069,0.7724,2026-06-19,fantasypros_bestball_2026
Brevin Jordan,TE,HOU,1377,62,,,,,,2476,1.7981,2026-06-19,fantasypros_bestball_2026
Jared Wiley,TE,KCC,1373,63,,,,,,2469,1.7983,2026-06-19,fantasypros_bestball_2026
Chris Brooks,RB,GBP,1371,91,72,71.8,235.6,1743,1.2713,1140,0.8315,2026-06-19,fantasypros_bestball_2026
Justice Hill,RB,BAL,1364,92,71,70.7,231.4,1761,1.2911,1097,0.8043,2026-06-19,fantasypros_bestball_2026
Malik Davis,RB,DAL,1360,93,76,76.05,266.5,1536,1.1294,1259,0.9257,2026-06-19,fantasypros_bestball_2026
Zavion Thomas,WR,CHI,1356,136,100,100.22,275.7,1673,1.2338,986,0.7271,2026-06-19,fantasypros_bestball_2026
Jonnu Smith,TE,FA,1355,64,68,68.3,353.0,931,0.6871,1661,1.2258,2026-06-19,fantasypros_bestball_2026
Bryce Lance,WR,NOS,1333,137,124,124.07,300.0,1229,0.922,1416,1.0623,2026-06-19,fantasypros_bestball_2026
George Holani,RB,SEA,1328,94,73,73.07,248.2,1714,1.2907,1072,0.8072,2026-06-19,fantasypros_bestball_2026
Kendrick Bourne,WR,ARI,1328,138,135,134.07,313.3,1153,0.8682,1468,1.1054,2026-06-19,fantasypros_bestball_2026
Caleb Douglas,WR,MIA,1319,139,107,107.09,282.3,1600,1.213,1035,0.7847,2026-06-19,fantasypros_bestball_2026
Dillon Gabriel,QB,CLE,1319,52,,,,,,2372,1.7983,2026-06-19,fantasypros_bestball_2026
Zach Ertz,TE,FA,1315,65,57,56.81,327.0,1283,0.9757,1341,1.0198,2026-06-19,fantasypros_bestball_2026
Konata Mumpfield,WR,LAR,1312,140,129,128.75,304.0,1157,0.8819,1436,1.0945,2026-06-19,fantasypros_bestball_2026
Jameis Winston,QB,NYG,1311,53,62,61.71,347.0,839,0.64,1611,1.2288,2026-06-19,fantasypros_bestball_2026
Davis Mills,QB,HOU,1302,54,55,55.25,334.5,1043,0.8011,1506,1.1567,2026-06-19,fantasypros_bestball_2026
Raheim Sanders,RB,CLE,1301,95,,,,,,2339,1.7978,2026-06-19,fantasypros_bestball_2026
Will Levis,QB,TEN,1287,55,,,,,,2314,1.798,2026-06-19,fantasypros_bestball_2026
Keenan Allen,WR,FA,1275,141,110,110.0,285.5,1531,1.2008,1025,0.8039,2026-06-19,fantasypros_bestball_2026
Brock Wright,TE,DET,1272,66,,,,,,2287,1.798,2026-06-19,fantasypros_bestball_2026
Eli Heidenreich,RB,PIT,1270,96,86,86.08,289.3,1202,0.9465,1324,1.0425,2026-06-19,fantasypros_bestball_2026
Davis Allen,TE,LAR,1267,67,,,,,,2278,1.7979,2026-06-19,fantasypros_bestball_2026
Marcus Mariota,QB,WAS,1260,56,64,64.01,375.0,761,0.604,1577,1.2516,2026-06-19,fantasypros_bestball_2026
Tai Felton,WR,MIN,1251,142,157,157.32,373.0,818,0.6539,1435,1.1471,2026-06-19,fantasypros_bestball_2026
Tanner McKee,QB,PHI,1241,57,52,51.85,322.5,1074,0.8654,1374,1.1072,2026-06-19,fantasypros_bestball_2026
Devin Singletary,RB,NYG,1239,97,96,96.31,322.3,1036,0.8362,1401,1.1308,2026-06-19,fantasypros_bestball_2026
Sam Roush,TE,CHI,1238,68,52,52.4,314.5,1475,1.1914,1108,0.895,2026-06-19,fantasypros_bestball_2026
Olamide Zaccheaus,WR,ATL,1237,143,151,150.6,341.5,893,0.7219,1433,1.1584,2026-06-19,fantasypros_bestball_2026
Xavier Restrepo,WR,TEN,1237,144,,,,,,2224,1.7979,2026-06-19,fantasypros_bestball_2026
Ty Johnson,RB,BUF,1227,98,80,79.69,273.5,1448,1.1801,1094,0.8916,2026-06-19,fantasypros_bestball_2026
Rasheen Ali,RB,BAL,1222,99,111,110.71,359.0,726,0.5941,1494,1.2226,2026-06-19,fantasypros_bestball_2026
Tyler Huntley,QB,BAL,1210,58,56,56.2,336.0,1022,0.8446,1360,1.124,2026-06-19,fantasypros_bestball_2026
Malachi Corley,WR,CLE,1208,145,,,,,,2172,1.798,2026-06-19,fantasypros_bestball_2026
Jalin Hyatt,WR,NYG,1200,146,169,169.0,405.0,688,0.5733,1404,1.17,2026-06-19,fantasypros_bestball_2026
Kameron Johnson,WR,TBB,1199,147,,,,,,2156,1.7982,2026-06-19,fantasypros_bestball_2026
Efton Chism,WR,NEP,1177,148,94,94.25,269.0,1817,1.5438,0,0.0,2026-06-19,fantasypros_bestball_2026
Deion Burks,WR,IND,1169,149,113,112.87,288.0,1471,1.2583,812,0.6946,2026-06-19,fantasypros_bestball_2026
Phil Mafah,RB,DAL,1165,100,92,92.63,310.0,1129,0.9691,1194,1.0249,2026-06-19,fantasypros_bestball_2026
Donovan Edwards,RB,MIA,1158,101,,,,,,2082,1.7979,2026-06-19,fantasypros_bestball_2026
Emari Demercado,RB,KCC,1156,102,87,87.25,292.3,1175,1.0164,1146,0.9913,2026-06-19,fantasypros_bestball_2026
Elijah Moore,WR,PHI,1153,150,164,164.08,398.0,714,0.6193,1345,1.1665,2026-06-19,fantasypros_bestball_2026
Trey Palmer,WR,NOS,1148,151,,,,,,2064,1.7979,2026-06-19,fantasypros_bestball_2026
KaVontae Turpin,WR,DAL,1144,152,96,96.29,272.5,1763,1.5411,0,0.0,2026-06-19,fantasypros_bestball_2026
Adam Randall,RB,BAL,1140,103,82,82.34,281.0,1331,1.1675,1015,0.8904,2026-06-19,fantasypros_bestball_2026
Greg Dortch,WR,DET,1132,153,114,114.3,290.0,1428,1.2615,748,0.6608,2026-06-19,fantasypros_bestball_2026
Matthew Hibner,TE,BAL,1130,69,63,62.98,342.0,1134,1.0035,1128,0.9982,2026-06-19,fantasypros_bestball_2026
Gabriel Davis,WR,BUF,1129,154,,,,,,2030,1.7981,2026-06-19,fantasypros_bestball_2026
Gardner Minshew,QB,ARI,1117,59,48,48.4,315.0,1351,1.2095,1007,0.9015,2026-06-19,fantasypros_bestball_2026
Trey Lance,QB,LAC,1110,60,,,,,,1996,1.7982,2026-06-19,fantasypros_bestball_2026
Mack Hollins,WR,NEP,1101,155,154,153.82,347.0,863,0.7838,1291,1.1726,2026-06-19,fantasypros_bestball_2026
Jacob Cowing,WR,SFO,1100,156,161,161.0,391.0,751,0.6827,1332,1.2109,2026-06-19,fantasypros_bestball_2026
Jordan Watkins,WR,SFO,1100,157,,,,,,1978,1.7982,2026-06-19,fantasypros_bestball_2026
Joe Flacco,QB,CIN,1093,61,59,59.08,341.5,889,0.8134,1256,1.1491,2026-06-19,fantasypros_bestball_2026
Javon Baker,WR,SFO,1084,158,,,,,,1949,1.798,2026-06-19,fantasypros_bestball_2026
Tyler Goodson,RB,ATL,1084,104,,,,,,1949,1.798,2026-06-19,fantasypros_bestball_2026
Kalel Mullings,RB,TEN,1072,105,,,,,,1928,1.7985,2026-06-19,fantasypros_bestball_2026
Kenny Pickett,QB,CAR,1068,62,,,,,,1920,1.7978,2026-06-19,fantasypros_bestball_2026
Bam Knight,RB,ARI,1065,106,,,,,,1915,1.7981,2026-06-19,fantasypros_bestball_2026
Jake Bobo,WR,SEA,1064,159,160,160.34,390.0,770,0.7237,1295,1.2171,2026-06-19,fantasypros_bestball_2026
Jonathan Mingo,WR,DAL,1057,160,,,,,,1901,1.7985,2026-06-19,fantasypros_bestball_2026
Jack Endries,TE,CIN,1056,70,72,72.0,357.0,650,0.6155,1372,1.2992,2026-06-19,fantasypros_bestball_2026
Joe Mixon,RB,FA,1052,107,81,81.01,277.3,1366,1.2985,799,0.7595,2026-06-19,fantasypros_bestball_2026
Sam Howell,QB,DAL,1051,63,,,,,,1890,1.7983,2026-06-19,fantasypros_bestball_2026
Kenny McIntosh,RB,SEA,1026,108,77,76.87,268.0,1521,1.4825,540,0.5263,2026-06-19,fantasypros_bestball_2026
Isaiah Hodgins,WR,NYG,1019,161,,,,,,1832,1.7978,2026-06-19,fantasypros_bestball_2026
Dameon Pierce,RB,PHI,999,109,,,,,,1796,1.7978,2026-06-19,fantasypros_bestball_2026
Taylen Green,QB,CLE,999,64,46,45.89,305.0,1428,1.4294,742,0.7427,2026-06-19,fantasypros_bestball_2026
Tyrell Shavers,WR,BUF,993,162,,,,,,1786,1.7986,2026-06-19,fantasypros_bestball_2026
David Bell,WR,CLE,991,163,,,,,,1782,1.7982,2026-06-19,fantasypros_bestball_2026
Arian Smith,WR,NYJ,989,165,,,,,,1778,1.7978,2026-06-19,fantasypros_bestball_2026
Nick Westbrook-Ikhine,WR,IND,989,164,132,132.94,308.5,1159,1.1719,823,0.8322,2026-06-19,fantasypros_bestball_2026
Bo Melton,WR,GBP,987,166,,,,,,1775,1.7984,2026-06-19,fantasypros_bestball_2026
Skyy Moore,WR,GBP,981,167,,,,,,1764,1.7982,2026-06-19,fantasypros_bestball_2026
Seth McGowan,RB,IND,980,110,104,104.27,333.5,821,0.8378,1107,1.1296,2026-06-19,fantasypros_bestball_2026
Israel Abanikanda,RB,DAL,979,111,,,,,,1760,1.7978,2026-06-19,fantasypros_bestball_2026
Tyler Badie,RB,DEN,976,112,,,,,,1755,1.7982,2026-06-19,fantasypros_bestball_2026
Michael Carter,RB,TEN,973,113,90,89.73,295.0,1118,1.149,868,0.8921,2026-06-19,fantasypros_bestball_2026
Drew Lock,QB,SEA,969,65,45,45.17,302.0,1466,1.5129,652,0.6729,2026-06-19,fantasypros_bestball_2026
Lil'Jordan Humphrey,WR,DEN,964,168,,,,,,1733,1.7977,2026-06-19,fantasypros_bestball_2026
Zach Wilson,QB,NOS,957,66,,,,,,1721,1.7983,2026-06-19,fantasypros_bestball_2026
CJ Daniels,WR,LAR,949,169,147,147.33,334.0,934,0.9842,961,1.0126,2026-06-19,fantasypros_bestball_2026
Mason Tipton,WR,NOS,946,170,,,,,,1701,1.7981,2026-06-19,fantasypros_bestball_2026
Sione Vaki,RB,DET,939,114,,,,,,1688,1.7977,2026-06-19,fantasypros_bestball_2026
Tyler Scott,WR,LAR,914,171,,,,,,1644,1.7987,2026-06-19,fantasypros_bestball_2026
J'Mari Taylor,RB,JAC,900,115,,,,,,1618,1.7978,2026-06-19,fantasypros_bestball_2026
Le'Veon Moss,RB,MIA,896,116,,,,,,1611,1.798,2026-06-19,fantasypros_bestball_2026
Hassan Haskins,RB,LAC,889,117,,,,,,1599,1.7987,2026-06-19,fantasypros_bestball_2026
Jamari Thrash,WR,CLE,875,172,,,,,,1573,1.7977,2026-06-19,fantasypros_bestball_2026
Darren Waller,TE,FA,867,71,69,68.76,353.5,888,1.0242,858,0.9896,2026-06-19,fantasypros_bestball_2026
Grant Calcaterra,TE,PHI,855,72,,,,,,1537,1.7977,2026-06-19,fantasypros_bestball_2026
Jeremy Ruckert,TE,NYJ,854,73,,,,,,1536,1.7986,2026-06-19,fantasypros_bestball_2026
Xavier Gipson,WR,NYG,850,173,,,,,,1528,1.7976,2026-06-19,fantasypros_bestball_2026
Jawhar Jordan,RB,HOU,849,118,99,99.4,325.5,970,1.1425,775,0.9128,2026-06-19,fantasypros_bestball_2026
Tyler Conklin,TE,DET,849,74,38,38.1,262.0,2089,2.4605,0,0.0,2026-06-19,fantasypros_bestball_2026
Thomas Fidone,TE,NYG,846,75,,,,,,1521,1.7979,2026-06-19,fantasypros_bestball_2026
Harrison Bryant,TE,SEA,843,76,,,,,,1516,1.7983,2026-06-19,fantasypros_bestball_2026
Cyrus Allen,WR,KCC,842,174,122,121.6,297.0,1258,1.4941,0,0.0,2026-06-19,fantasypros_bestball_2026
Demarcus Robinson,WR,SFO,838,175,,,,,,1507,1.7983,2026-06-19,fantasypros_bestball_2026
Frank Gore Jr.,RB,BUF,829,119,78,78.08,271.0,1493,1.801,0,0.0,2026-06-19,fantasypros_bestball_2026
Cole Payton,QB,PHI,810,67,,,,,,1457,1.7988,2026-06-19,fantasypros_bestball_2026
Jam Miller,RB,NEP,801,120,107,107.2,337.5,768,0.9588,827,1.0325,2026-06-19,fantasypros_bestball_2026
Bub Means,WR,NOS,797,176,,,,,,1433,1.798,2026-06-19,fantasypros_bestball_2026
Kendall Milton,RB,CIN,782,121,,,,,,1406,1.798,2026-06-19,fantasypros_bestball_2026
Zavier Scott,RB,MIN,777,122,113,112.66,386.0,702,0.9035,837,1.0772,2026-06-19,fantasypros_bestball_2026
Brenden Rice,WR,GBP,770,177,,,,,,1385,1.7987,2026-06-19,fantasypros_bestball_2026
Alexander Mattison,RB,MIA,767,123,,,,,,1379,1.7979,2026-06-19,fantasypros_bestball_2026
Ty Chandler,RB,NOS,724,124,,,,,,1302,1.7983,2026-06-19,fantasypros_bestball_2026
Kareem Hunt,RB,FA,717,125,93,92.64,313.7,1129,1.5746,294,0.41,2026-06-19,fantasypros_bestball_2026
Barion Brown,WR,NOS,691,178,,,,,,1243,1.7988,2026-06-19,fantasypros_bestball_2026
Tyler Johnson,WR,DAL,654,179,,,,,,1176,1.7982,2026-06-19,fantasypros_bestball_2026
Ainias Smith,WR,CAR,630,180,,,,,,1133,1.7984,2026-06-19,fantasypros_bestball_2026
Samaje Perine,RB,CIN,602,126,75,75.24,264.6,1580,2.6246,0,0.0,2026-06-19,fantasypros_bestball_2026
Mason Rudolph,QB,PIT,576,68,37,36.91,259.0,1994,3.4618,0,0.0,2026-06-19,fantasypros_bestball_2026
Deuce Vaughn,RB,FA,558,127,,,,,,1003,1.7975,2026-06-19,fantasypros_bestball_2026
Johnny Wilson,WR,PHI,536,181,,,,,,964,1.7985,2026-06-19,fantasypros_bestball_2026
Kyle McCord,QB,GBP,533,69,,,,,,958,1.7974,2026-06-19,fantasypros_bestball_2026
AJ Dillon,RB,CAR,532,128,,,,,,957,1.7989,2026-06-19,fantasypros_bestball_2026
Terrell Jennings,RB,NEP,531,129,,,,,,955,1.7985,2026-06-19,fantasypros_bestball_2026
Van Jefferson,WR,WAS,529,182,149,148.85,337.0,912,1.724,123,0.2325,2026-06-19,fantasypros_bestball_2026
Aidan O'Connell,QB,LVR,527,70,,,,,,948,1.7989,2026-06-19,fantasypros_bestball_2026
Elijah Mitchell,RB,PHI,519,130,,,,,,933,1.7977,2026-06-19,fantasypros_bestball_2026
Derius Davis,WR,LAC,511,183,,,,,,919,1.7984,2026-06-19,fantasypros_bestball_2026
Tyrod Taylor,QB,GBP,511,71,,,,,,919,1.7984,2026-06-19,fantasypros_bestball_2026
LaJohntay Wester,WR,BAL,500,184,,,,,,899,1.798,2026-06-19,fantasypros_bestball_2026
Julius Chestnut,RB,TEN,494,131,,,,,,888,1.7976,2026-06-19,fantasypros_bestball_2026
Kalif Raymond,WR,CHI,489,185,119,118.8,293.5,1327,2.7137,0,0.0,2026-06-19,fantasypros_bestball_2026
Malik Heath,WR,ATL,489,186,,,,,,879,1.7975,2026-06-19,fantasypros_bestball_2026
