name,position,ktc_player_id,ktc_slug,sleeper_id,team,rank_basis,history_days,history_start,history_end
Aaron Jones,RB,301,aaron-jones-301,4199,MIN,sf,2273,2020-04-01,2026-06-21
Aaron Rodgers,QB,235,aaron-rodgers-235,96,PIT,sf,2218,2020-05-26,2026-06-21
Adam Randall,RB,2026,adam-randall-2026,,BAL,sf,54,2026-04-28,2026-06-21
Adam Trautman,TE,566,adam-trautman-566,6869,DEN,sf_tep,2267,2020-04-07,2026-06-21
Adonai Mitchell,WR,1597,adonai-mitchell-1597,11625,NYJ,sf,854,2024-02-16,2026-06-21
Aidan O'Connell,QB,1412,aidan-o-connell-1412,10866,LVR,sf,1197,2023-03-10,2026-06-21
Ainias Smith,WR,1624,ainias-smith-1624,,CAR,sf,800,2024-04-10,2026-06-21
AJ Barner,TE,1629,aj-barner-1629,,SEA,sf_tep,779,2024-05-01,2026-06-21
A.J. Brown,WR,217,aj-brown-217,5859,NEP,sf,2273,2020-04-01,2026-06-21
AJ Dillon,RB,631,aj-dillon-631,6828,CAR,sf,2267,2020-04-07,2026-06-21
Alec Pierce,WR,1285,alec-pierce-1285,8142,IND,sf,1573,2022-02-27,2026-06-21
Alexander Mattison,RB,326,alexander-mattison-326,5987,MIA,sf,2273,2020-04-01,2026-06-21
Alvin Kamara,RB,282,alvin-kamara-282,4035,NOS,sf,2273,2020-04-01,2026-06-21
Amon-Ra St. Brown,WR,1010,amon-ra-st-brown-1010,7547,DET,sf,1922,2021-03-18,2026-06-21
Andrei Iosivas,WR,1422,andrei-iosivas-1422,10226,CIN,sf,1197,2023-03-10,2026-06-21
Anthony Richardson,QB,1405,anthony-richardson-1405,9229,IND,sf,1197,2023-03-10,2026-06-21
Antonio Williams,WR,1974,antonio-williams-1974,,WAS,sf,123,2026-02-18,2026-06-21
Arian Smith,WR,1815,arian-smith-1815,,NYJ,sf,411,2025-05-04,2026-06-21
Ashton Jeanty,RB,1742,ashton-jeanty-1742,,LVR,sf,491,2025-02-13,2026-06-21
Audric Estime,RB,1566,audric-estime-1566,11579,NOS,sf,854,2024-02-16,2026-06-21
Baker Mayfield,QB,215,baker-mayfield-215,4892,TBB,sf,2218,2020-05-26,2026-06-21
Bam Knight,RB,1186,bam-knight-1186,,ARI,sf,1573,2022-02-27,2026-06-21
Barion Brown,WR,2003,barion-brown-2003,,NOS,sf,123,2026-02-18,2026-06-21
Ben Sinnott,TE,1615,ben-sinnott-1615,,WAS,sf_tep,854,2024-02-16,2026-06-21
Bhayshul Tuten,RB,1752,bhayshul-tuten-1752,,JAC,sf,491,2025-02-13,2026-06-21
Bijan Robinson,RB,1414,bijan-robinson-1414,9509,ATL,sf,1197,2023-03-10,2026-06-21
Blake Corum,RB,1564,blake-corum-1564,11586,LAR,sf,854,2024-02-16,2026-06-21
Bo Melton,WR,1244,bo-melton-1244,8204,GBP,sf,1573,2022-02-27,2026-06-21
Bo Nix,QB,1553,bo-nix-1553,11563,DEN,sf,854,2024-02-16,2026-06-21
Braelon Allen,RB,1567,braelon-allen-1567,11576,NYJ,sf,854,2024-02-16,2026-06-21
Brandon Aiyuk,WR,538,brandon-aiyuk-538,6803,SFO,sf,2267,2020-04-07,2026-06-21
Brashard Smith,RB,1749,brashard-smith-1749,,KCC,sf,491,2025-02-13,2026-06-21
Breece Hall,RB,1224,breece-hall-1224,8155,NYJ,sf,1573,2022-02-27,2026-06-21
Brenden Rice,WR,1594,brenden-rice-1594,11621,GBP,sf,854,2024-02-16,2026-06-21
Brenen Thompson,WR,1991,brenen-thompson-1991,,LAC,sf,56,2026-04-26,2026-06-21
Brenton Strange,TE,1461,brenton-strange-1461,9480,JAC,sf_tep,1146,2023-04-30,2026-06-21
Brevin Jordan,TE,1052,brevin-jordan-1052,7568,HOU,sf_tep,1922,2021-03-18,2026-06-21
Brian Robinson,RB,1232,brian-robinson-1232,8154,ATL,sf,1573,2022-02-27,2026-06-21
Brian Thomas Jr.,WR,1589,brian-thomas-jr-1589,11631,JAC,sf,854,2024-02-16,2026-06-21
Brock Bowers,TE,1612,brock-bowers-1612,11604,LVR,sf_tep,854,2024-02-16,2026-06-21
Brock Purdy,QB,1214,brock-purdy-1214,8183,SFO,sf,1573,2022-02-27,2026-06-21
Brock Wright,TE,1162,brock-wright-1162,7891,DET,sf_tep,1693,2021-10-30,2026-06-21
Bryce Lance,WR,1981,bryce-lance-1981,,NOS,sf,110,2026-03-03,2026-06-21
Bryce Young,QB,1456,bryce-young-1456,9228,CAR,sf,1197,2023-03-10,2026-06-21
Bub Means,WR,1634,bub-means-1634,,NOS,sf,779,2024-05-01,2026-06-21
Bucky Irving,RB,1569,bucky-irving-1569,11584,TBB,sf,854,2024-02-16,2026-06-21
Cade Klubnik,QB,1929,cade-klubnik-1929,,NYJ,sf,123,2026-02-18,2026-06-21
Cade Otton,TE,1261,cade-otton-1261,8111,TBB,sf_tep,1573,2022-02-27,2026-06-21
Cade Stover,TE,1613,cade-stover-1613,,HOU,sf_tep,854,2024-02-16,2026-06-21
Caleb Douglas,WR,2016,caleb-douglas-2016,,MIA,sf,54,2026-04-28,2026-06-21
Caleb Williams,QB,1550,caleb-williams-1550,11560,CHI,sf,854,2024-02-16,2026-06-21
Calvin Austin III,WR,1262,calvin-austin-iii-1262,8125,NYG,sf,1573,2022-02-27,2026-06-21
Calvin Ridley,WR,293,calvin-ridley-293,4981,TEN,sf,2273,2020-04-01,2026-06-21
Cam Skattebo,RB,1745,cam-skattebo-1745,,NYG,sf,491,2025-02-13,2026-06-21
Cam Ward,QB,1730,cam-ward-1730,,TEN,sf,491,2025-02-13,2026-06-21
Carnell Tate,WR,1959,carnell-tate-1959,,TEN,sf,123,2026-02-18,2026-06-21
Carson Beck,QB,1928,carson-beck-1928,,ARI,sf,103,2026-03-10,2026-06-21
Cedric Tillman,WR,1444,cedric-tillman-1444,10444,CLE,sf,1197,2023-03-10,2026-06-21
CeeDee Lamb,WR,546,ceedee-lamb-546,6786,DAL,sf,2267,2020-04-07,2026-06-21
Charlie Kolar,TE,1254,charlie-kolar-1254,8127,LAC,sf_tep,1573,2022-02-27,2026-06-21
Chase Brown,RB,1396,chase-brown-1396,9224,CIN,sf,1197,2023-03-10,2026-06-21
Chigoziem Okonkwo,TE,1320,chigoziem-okonkwo-1320,8210,WAS,sf_tep,1509,2022-05-02,2026-06-21
Chimere Dike,WR,1814,chimere-dike-1814,,TEN,sf,415,2025-04-30,2026-06-21
Chris Bell,WR,1968,chris-bell-1968,,MIA,sf,123,2026-02-18,2026-06-21
Chris Brazzell II,WR,1971,chris-brazzell-ii-1971,,CAR,sf,123,2026-02-18,2026-06-21
Chris Brooks,RB,1490,chris-brooks-1490,11370,GBP,sf,1128,2023-05-18,2026-06-21
Chris Godwin,WR,299,chris-godwin-299,4037,TBB,sf,2273,2020-04-01,2026-06-21
Chris Olave,WR,1271,chris-olave-1271,8144,NOS,sf,1573,2022-02-27,2026-06-21
Chris Rodriguez,RB,1389,chris-rodriguez-1389,10219,JAC,sf,1197,2023-03-10,2026-06-21
Christian Kirk,WR,221,christian-kirk-221,4950,SFO,sf,2273,2020-04-01,2026-06-21
Christian McCaffrey,RB,283,christian-mccaffrey-283,4034,SFO,sf,2273,2020-04-01,2026-06-21
Christian Watson,WR,1248,christian-watson-1248,8167,GBP,sf,1573,2022-02-27,2026-06-21
Chuba Hubbard,RB,1014,chuba-hubbard-1014,7594,CAR,sf,1922,2021-03-18,2026-06-21
CJ Daniels,WR,1966,cj-daniels-1966,,LAR,sf,123,2026-02-18,2026-06-21
C.J. Stroud,QB,1403,cj-stroud-1403,9758,HOU,sf,1197,2023-03-10,2026-06-21
Colby Parkinson,TE,565,colby-parkinson-565,6865,LAR,sf_tep,2267,2020-04-01,2026-06-21
Cole Kmet,TE,569,cole-kmet-569,6826,CHI,sf_tep,2267,2020-04-07,2026-06-21
Cole Payton,QB,2027,cole-payton-2027,,PHI,sf,53,2026-04-29,2026-06-21
Colston Loveland,TE,1804,colston-loveland-1804,,CHI,sf_tep,491,2025-02-13,2026-06-21
Cooper Kupp,WR,310,cooper-kupp-310,4039,SEA,sf,2273,2020-04-01,2026-06-21
Courtland Sutton,WR,226,courtland-sutton-226,5045,DEN,sf,2273,2020-04-01,2026-06-21
Cyrus Allen,WR,1980,cyrus-allen-1980,,KCC,sf,47,2026-05-05,2026-06-21
D'Andre Swift,RB,639,d-andre-swift-639,6790,CHI,sf,2267,2020-04-07,2026-06-21
Dak Prescott,QB,371,dak-prescott-371,3294,DAL,sf,2218,2020-05-26,2026-06-21
Dallas Goedert,TE,382,dallas-goedert-382,5022,PHI,sf_tep,2273,2020-04-01,2026-06-21
Dalton Kincaid,TE,1428,dalton-kincaid-1428,10236,BUF,sf_tep,1197,2023-03-10,2026-06-21
Dalton Schultz,TE,487,dalton-schultz-487,5001,HOU,sf_tep,2273,2020-04-01,2026-06-21
Dameon Pierce,RB,1207,dameon-pierce-1207,8129,PHI,sf,1573,2022-02-27,2026-06-21
Damien Martinez,RB,1754,damien-martinez-1754,,GBP,sf,491,2025-02-13,2026-06-21
Daniel Bellinger,TE,1322,daniel-bellinger-1322,8225,TEN,sf_tep,1509,2022-05-02,2026-06-21
Daniel Jones,QB,87,daniel-jones-87,5870,IND,sf,2218,2020-05-26,2026-06-21
Darius Slayton,WR,77,darius-slayton-77,6149,NYG,sf,2273,2020-04-01,2026-06-21
Darnell Mooney,WR,911,darnell-mooney-911,7090,NYG,sf,2217,2020-05-27,2026-06-21
Darnell Washington,TE,1431,darnell-washington-1431,9479,PIT,sf_tep,1197,2023-03-10,2026-06-21
Darren Waller,TE,349,darren-waller-349,2505,FA,sf_tep,2273,2020-04-01,2026-06-21
Davante Adams,WR,277,davante-adams-277,2133,LAR,sf,2273,2020-04-01,2026-06-21
David Bell,WR,1275,david-bell-1275,8118,CLE,sf,1573,2022-02-27,2026-06-21
David Montgomery,RB,288,david-montgomery-288,5892,HOU,sf,2273,2020-04-01,2026-06-21
David Njoku,TE,252,david-njoku-252,4033,LAC,sf_tep,2273,2020-04-01,2026-06-21
Davis Allen,TE,1434,davis-allen-1434,10214,LAR,sf_tep,1197,2023-03-10,2026-06-21
Davis Mills,QB,1029,davis-mills-1029,7585,HOU,sf,1916,2021-03-21,2026-06-21
Dawson Knox,TE,88,dawson-knox-88,5906,BUF,sf_tep,2273,2020-04-01,2026-06-21
De'Von Achane,RB,1398,de-von-achane-1398,9226,MIA,sf,1197,2023-03-10,2026-06-21
De'Zhaun Stribling,WR,1976,de-zhaun-stribling-1976,,SFO,sf,61,2026-04-21,2026-06-21
Deebo Samuel,WR,383,deebo-samuel-383,5872,FA,sf,2273,2020-04-01,2026-06-21
Deion Burks,WR,1972,deion-burks-1972,,IND,sf,123,2026-02-18,2026-06-21
Demarcus Robinson,WR,52,demarcus-robinson-52,3286,SFO,sf,2273,2020-04-01,2026-06-21
Demario Douglas,WR,1468,demario-douglas-1468,9501,NEP,sf,1144,2023-05-02,2026-06-21
Demond Claiborne,RB,1943,demond-claiborne-1943,,MIN,sf,123,2026-02-18,2026-06-21
Denzel Boston,WR,1962,denzel-boston-1962,,CLE,sf,123,2026-02-18,2026-06-21
Derius Davis,WR,1473,derius-davis-1473,10234,LAC,sf,1144,2023-05-02,2026-06-21
Derrick Henry,RB,296,derrick-henry-296,3198,BAL,sf,2273,2020-04-01,2026-06-21
Deshaun Watson,QB,261,deshaun-watson-261,4017,CLE,sf,2218,2020-05-26,2026-06-21
Deuce Vaughn,RB,1391,deuce-vaughn-1391,9505,FA,sf,1197,2023-03-10,2026-06-21
Devaughn Vele,WR,1643,devaughn-vele-1643,,NOS,sf,779,2024-05-01,2026-06-21
Devin Neal,RB,1746,devin-neal-1746,,NOS,sf,491,2025-02-13,2026-06-21
Devin Singletary,RB,238,devin-singletary-238,6130,NYG,sf,2273,2020-04-01,2026-06-21
DeVonta Smith,WR,1005,devonta-smith-1005,7525,PHI,sf,1922,2021-03-18,2026-06-21
Devontez Walker,WR,1592,devontez-walker-1592,11629,BAL,sf,854,2024-02-16,2026-06-21
Dillon Gabriel,QB,1737,dillon-gabriel-1737,,CLE,sf,491,2025-02-13,2026-06-21
DJ Giddens,RB,1760,dj-giddens-1760,,IND,sf,491,2025-02-13,2026-06-21
D.J. Moore,WR,304,dj-moore-304,4983,BUF,sf,2273,2020-04-01,2026-06-21
DK Metcalf,WR,224,dk-metcalf-224,5846,PIT,sf,2273,2020-04-01,2026-06-21
Donovan Edwards,RB,1757,donovan-edwards-1757,,MIA,sf,491,2025-02-13,2026-06-21
Dont'e Thornton,WR,1787,dont-e-thornton-1787,,LVR,sf,417,2025-02-13,2026-06-21
Dontayvion Wicks,WR,1448,dontayvion-wicks-1448,9486,PHI,sf,1197,2023-03-10,2026-06-21
Drake London,WR,1268,drake-london-1268,8112,ATL,sf,1573,2022-02-27,2026-06-21
Drake Maye,QB,1551,drake-maye-1551,11564,NEP,sf,854,2024-02-16,2026-06-21
Drew Allar,QB,1930,drew-allar-1930,,PIT,sf,61,2026-04-21,2026-06-21
Drew Lock,QB,33,drew-lock-33,5854,SEA,sf,2218,2020-05-26,2026-06-21
Dyami Brown,WR,1069,dyami-brown-1069,7587,WAS,sf,1922,2021-03-18,2026-06-21
Dylan Sampson,RB,1747,dylan-sampson-1747,,CLE,sf,491,2025-02-13,2026-06-21
Efton Chism,WR,1838,efton-chism-1838,,NEP,sf,381,2025-06-03,2026-06-21
Eli Heidenreich,RB,2036,eli-heidenreich-2036,,PIT,sf,54,2026-04-28,2026-06-21
Eli Raridon,TE,2018,eli-raridon-2018,,NEP,sf_tep,55,2026-04-27,2026-06-21
Eli Stowers,TE,2006,eli-stowers-2006,,PHI,sf_tep,123,2026-02-18,2026-06-21
Elic Ayomanor,WR,1773,elic-ayomanor-1773,,TEN,sf,491,2025-02-13,2026-06-21
Elijah Arroyo,TE,1808,elijah-arroyo-1808,,SEA,sf_tep,491,2025-02-13,2026-06-21
Elijah Higgins,TE,1469,elijah-higgins-1469,10231,ARI,sf_tep,1144,2023-05-02,2026-06-21
Elijah Mitchell,RB,1013,elijah-mitchell-1013,7561,PHI,sf,1916,2021-03-21,2026-06-21
Elijah Moore,WR,1012,elijah-moore-1012,7596,PHI,sf,1922,2021-03-18,2026-06-21
Elijah Sarratt,WR,1967,elijah-sarratt-1967,,BAL,sf,123,2026-02-18,2026-06-21
Emanuel Wilson,RB,1515,emanuel-wilson-1515,11435,SEA,sf,1023,2023-08-31,2026-06-21
Emari Demercado,RB,1481,emari-demercado-1481,11199,KCC,sf,1135,2023-05-11,2026-06-21
Emeka Egbuka,WR,1781,emeka-egbuka-1781,,TBB,sf,491,2025-02-13,2026-06-21
Emmett Johnson,RB,1936,emmett-johnson-1936,,KCC,sf,123,2026-02-18,2026-06-21
Erick All,TE,1616,erick-all-1616,,CIN,sf_tep,854,2024-02-16,2026-06-21
Evan Engram,TE,229,evan-engram-229,4066,DEN,sf_tep,2273,2020-04-01,2026-06-21
Fernando Mendoza,QB,1924,fernando-mendoza-1924,,LVR,sf,123,2026-02-18,2026-06-21
Frank Gore Jr.,RB,1570,frank-gore-jr-1570,11573,BUF,sf,854,2024-02-16,2026-06-21
Gabriel Davis,WR,533,gabriel-davis-533,6943,BUF,sf,2267,2020-04-07,2026-06-21
Gardner Minshew,QB,47,gardner-minshew-47,6011,ARI,sf,2218,2020-05-26,2026-06-21
Garrett Nussmeier,QB,1927,garrett-nussmeier-1927,,KCC,sf,123,2026-02-18,2026-06-21
Garrett Wilson,WR,1270,garrett-wilson-1270,8146,NYJ,sf,1573,2022-02-27,2026-06-21
Geno Smith,QB,671,geno-smith-671,1373,NYJ,sf,2212,2020-05-26,2026-06-21
George Holani,RB,1579,george-holani-1579,,SEA,sf,631,2024-02-16,2026-06-21
George Kittle,TE,298,george-kittle-298,4217,SFO,sf_tep,2273,2020-04-01,2026-06-21
George Pickens,WR,1279,george-pickens-1279,8137,DAL,sf,1573,2022-02-27,2026-06-21
Germie Bernard,WR,1965,germie-bernard-1965,,PIT,sf,123,2026-02-18,2026-06-21
Grant Calcaterra,TE,1263,grant-calcaterra-1263,,PHI,sf_tep,1573,2022-02-27,2026-06-21
Greg Dortch,WR,10,greg-dortch-10,5970,DET,sf,2273,2020-04-01,2026-06-21
Greg Dulcich,TE,1256,greg-dulcich-1256,8172,MIA,sf_tep,1573,2022-02-27,2026-06-21
Gunnar Helm,TE,1805,gunnar-helm-1805,,TEN,sf_tep,491,2025-02-13,2026-06-21
Harold Fannin,TE,1803,harold-fannin-1803,,CLE,sf_tep,491,2025-02-13,2026-06-21
Harrison Bryant,TE,752,harrison-bryant-752,6850,SEA,sf_tep,2267,2020-04-07,2026-06-21
Hassan Haskins,RB,1191,hassan-haskins-1191,8123,LAC,sf,1573,2022-02-27,2026-06-21
Hunter Henry,TE,212,hunter-henry-212,3214,NEP,sf_tep,2273,2020-04-01,2026-06-21
Isaac Guerendo,RB,1626,isaac-guerendo-1626,,SFO,sf,783,2024-04-27,2026-06-21
Isaac TeSlaa,WR,1813,isaac-teslaa-1813,,DET,sf,417,2025-04-28,2026-06-21
Isaiah Bond,WR,1776,isaiah-bond-1776,,CLE,sf,491,2025-02-13,2026-06-21
Isaiah Davis,RB,1635,isaiah-davis-1635,,NYJ,sf,779,2024-05-01,2026-06-21
Isaiah Hodgins,WR,561,isaiah-hodgins-561,6920,NYG,sf,2267,2020-04-07,2026-06-21
Isaiah Likely,TE,1257,isaiah-likely-1257,8131,NYG,sf_tep,1573,2022-02-27,2026-06-21
Isiah Pacheco,RB,1266,isiah-pacheco-1266,8205,DET,sf,1573,2022-02-27,2026-06-21
Israel Abanikanda,RB,1383,israel-abanikanda-1383,9227,DAL,sf,1197,2023-03-10,2026-06-21
J'Mari Taylor,RB,1949,j-mari-taylor-1949,,JAC,sf,123,2026-02-18,2026-06-21
Ja'Kobi Lane,WR,1979,ja-kobi-lane-1979,,BAL,sf,123,2026-02-18,2026-06-21
Ja'Lynn Polk,WR,1602,ja-lynn-polk-1602,11619,NOS,sf,854,2024-02-16,2026-06-21
Ja'Marr Chase,WR,1004,ja-marr-chase-1004,7564,CIN,sf,1922,2021-03-18,2026-06-21
Ja'Tavion Sanders,TE,1614,ja-tavion-sanders-1614,11600,CAR,sf_tep,854,2024-02-16,2026-06-21
Jack Bech,WR,1778,jack-bech-1778,,LVR,sf,491,2025-02-13,2026-06-21
Jack Endries,TE,2007,jack-endries-2007,,CIN,sf_tep,123,2026-02-18,2026-06-21
Jacob Cowing,WR,1611,jacob-cowing-1611,,SFO,sf,854,2024-02-16,2026-06-21
Jacoby Brissett,QB,20,jacoby-brissett-20,3257,ARI,sf,2218,2020-05-26,2026-06-21
Jacory Croskey-Merritt,RB,1832,jacory-croskey-merritt-1832,,WAS,sf,409,2025-05-06,2026-06-21
Jadarian Price,RB,1935,jadarian-price-1935,,SEA,sf,123,2026-02-18,2026-06-21
Jahan Dotson,WR,1272,jahan-dotson-1272,8119,ATL,sf,1573,2022-02-27,2026-06-21
Jahmyr Gibbs,RB,1415,jahmyr-gibbs-1415,9221,DET,sf,1197,2023-03-10,2026-06-21
Jake Bobo,WR,1488,jake-bobo-1488,10867,SEA,sf,1128,2023-05-18,2026-06-21
Jake Ferguson,TE,1258,jake-ferguson-1258,8110,DAL,sf_tep,1573,2022-02-27,2026-06-21
Jake Tonges,TE,1356,jake-tonges-1356,,SFO,sf_tep,1172,2022-09-17,2026-06-21
Jakobi Meyers,WR,13,jakobi-meyers-13,5947,JAC,sf,2273,2020-04-01,2026-06-21
Jaleel McLaughlin,RB,1486,jaleel-mclaughlin-1486,11439,DEN,sf,1129,2023-05-17,2026-06-21
Jalen Coker,WR,1653,jalen-coker-1653,,CAR,sf,770,2024-05-10,2026-06-21
Jalen Hurts,QB,595,jalen-hurts-595,6904,PHI,sf,2218,2020-05-26,2026-06-21
Jalen McMillan,WR,1599,jalen-mcmillan-1599,11618,TBB,sf,854,2024-02-16,2026-06-21
Jalen Milroe,QB,1733,jalen-milroe-1733,,SEA,sf,491,2025-02-13,2026-06-21
Jalen Nailor,WR,1245,jalen-nailor-1245,8180,LVR,sf,1573,2022-02-27,2026-06-21
Jalen Royals,WR,1786,jalen-royals-1786,,KCC,sf,491,2025-02-13,2026-06-21
Jalen Tolbert,WR,1247,jalen-tolbert-1247,8117,MIA,sf,1573,2022-02-27,2026-06-21
Jalin Hyatt,WR,1399,jalin-hyatt-1399,9497,NYG,sf,1197,2023-03-10,2026-06-21
Jam Miller,RB,1948,jam-miller-1948,,NEP,sf,123,2026-02-18,2026-06-21
Jamari Thrash,WR,1595,jamari-thrash-1595,,CLE,sf,854,2024-02-16,2026-06-21
Jameis Winston,QB,413,jameis-winston-413,2306,NYG,sf,2218,2020-05-26,2026-06-21
James Conner,RB,268,james-conner-268,4137,ARI,sf,2273,2020-04-01,2026-06-21
James Cook,RB,1231,james-cook-1231,8138,BUF,sf,1573,2022-02-27,2026-06-21
Jameson Williams,WR,1273,jameson-williams-1273,8148,DET,sf,1573,2022-02-27,2026-06-21
Jared Goff,QB,388,jared-goff-388,3163,DET,sf,2218,2020-05-26,2026-06-21
Jared Wiley,TE,1619,jared-wiley-1619,,KCC,sf_tep,854,2024-02-16,2026-06-21
Jarquez Hunter,RB,1764,jarquez-hunter-1764,,LAR,sf,424,2025-02-13,2026-06-21
Jauan Jennings,WR,576,jauan-jennings-576,7049,MIN,sf,2267,2020-04-01,2026-06-21
Javon Baker,WR,1608,javon-baker-1608,11645,SFO,sf,854,2024-02-16,2026-06-21
Javonte Williams,RB,1033,javonte-williams-1033,7588,DAL,sf,1922,2021-03-18,2026-06-21
Jawhar Jordan,RB,1641,jawhar-jordan-1641,,HOU,sf,779,2024-05-01,2026-06-21
Jaxon Smith-Njigba,WR,1437,jaxon-smith-njigba-1437,9488,SEA,sf,1197,2023-03-10,2026-06-21
Jaxson Dart,QB,1732,jaxson-dart-1732,,NYG,sf,491,2025-02-13,2026-06-21
Jayden Daniels,QB,1552,jayden-daniels-1552,11566,WAS,sf,854,2024-02-16,2026-06-21
Jayden Higgins,WR,1783,jayden-higgins-1783,,HOU,sf,491,2025-02-13,2026-06-21
Jayden Reed,WR,1419,jayden-reed-1419,10222,GBP,sf,1197,2023-03-10,2026-06-21
Jaydon Blue,RB,1769,jaydon-blue-1769,,DAL,sf,491,2025-02-13,2026-06-21
Jaylen Waddle,WR,1007,jaylen-waddle-1007,7526,DEN,sf,1922,2021-03-18,2026-06-21
Jaylen Warren,RB,1201,jaylen-warren-1201,8228,PIT,sf,1573,2022-02-27,2026-06-21
Jaylen Wright,RB,1581,jaylen-wright-1581,11643,MIA,sf,854,2024-02-16,2026-06-21
Jaylin Lane,WR,1816,jaylin-lane-1816,,WAS,sf,413,2025-05-02,2026-06-21
Jaylin Noel,WR,1780,jaylin-noel-1780,,HOU,sf,491,2025-02-13,2026-06-21
Jeremiyah Love,RB,1934,jeremiyah-love-1934,,ARI,sf,123,2026-02-18,2026-06-21
Jeremy Ruckert,TE,1255,jeremy-ruckert-1255,8145,NYJ,sf_tep,1573,2022-02-27,2026-06-21
Jerome Ford,RB,1229,jerome-ford-1229,8143,WAS,sf,1573,2022-02-27,2026-06-21
Jerry Jeudy,WR,545,jerry-jeudy-545,6783,CLE,sf,2267,2020-04-07,2026-06-21
Jimmy Horn,WR,1824,jimmy-horn-1824,,CAR,sf,389,2025-05-26,2026-06-21
J.J. McCarthy,QB,1555,jj-mccarthy-1555,11565,MIN,sf,854,2024-02-16,2026-06-21
J.K. Dobbins,RB,636,jk-dobbins-636,6806,DEN,sf,2267,2020-04-07,2026-06-21
Joe Burrow,QB,601,joe-burrow-601,6770,CIN,sf,2218,2020-05-26,2026-06-21
Joe Flacco,QB,722,joe-flacco-722,19,CIN,sf,2212,2020-05-26,2026-06-21
Joe Milton,QB,1556,joe-milton-1556,11557,DAL,sf,854,2024-02-16,2026-06-21
Joe Mixon,RB,273,joe-mixon-273,4018,FA,sf,2273,2020-04-01,2026-06-21
John Metchie,WR,1276,john-metchie-1276,8147,CAR,sf,1573,2022-02-27,2026-06-21
Johnny Wilson,WR,1596,johnny-wilson-1596,11636,PHI,sf,854,2024-02-16,2026-06-21
Jonah Coleman,RB,1939,jonah-coleman-1939,,DEN,sf,123,2026-02-18,2026-06-21
Jonathan Mingo,WR,1450,jonathan-mingo-1450,10225,DAL,sf,1197,2023-03-10,2026-06-21
Jonathan Taylor,RB,634,jonathan-taylor-634,6813,IND,sf,2267,2020-04-07,2026-06-21
Jonathon Brooks,RB,1568,jonathon-brooks-1568,11583,CAR,sf,854,2024-02-16,2026-06-21
Jonnu Smith,TE,84,jonnu-smith-84,4144,FA,sf_tep,2273,2020-04-01,2026-06-21
Jordan Addison,WR,1420,jordan-addison-1420,9756,MIN,sf,1197,2023-03-10,2026-06-21
Jordan James,RB,1755,jordan-james-1755,,SFO,sf,491,2025-02-13,2026-06-21
Jordan Love,QB,596,jordan-love-596,6804,GBP,sf,2218,2020-05-26,2026-06-21
Jordan Mason,RB,1330,jordan-mason-1330,8408,MIN,sf,1486,2022-05-25,2026-06-21
Jordan Watkins,WR,1817,jordan-watkins-1817,,SFO,sf,375,2025-06-09,2026-06-21
Jordan Whittington,WR,1604,jordan-whittington-1604,,LAR,sf,854,2024-02-16,2026-06-21
Jordyn Tyson,WR,1960,jordyn-tyson-1960,,NOS,sf,123,2026-02-18,2026-06-21
Josh Allen,QB,365,josh-allen-365,4984,BUF,sf,2218,2020-05-26,2026-06-21
Josh Downs,WR,1440,josh-downs-1440,9500,IND,sf,1197,2023-03-10,2026-06-21
Josh Jacobs,RB,303,josh-jacobs-303,5850,GBP,sf,2273,2020-04-01,2026-06-21
Joshua Palmer,WR,1065,joshua-palmer-1065,,BUF,sf,1916,2021-03-21,2026-06-21
Julius Chestnut,RB,1325,julius-chestnut-1325,8254,TEN,sf,1498,2022-05-13,2026-06-21
Justice Hill,RB,368,justice-hill-368,5995,BAL,sf,2273,2020-04-01,2026-06-21
Justin Fields,QB,1015,justin-fields-1015,7591,KCC,sf,1922,2021-03-18,2026-06-21
Justin Herbert,QB,599,justin-herbert-599,6797,LAC,sf,2218,2020-05-26,2026-06-21
Justin Jefferson,WR,542,justin-jefferson-542,6794,MIN,sf,2267,2020-04-07,2026-06-21
Juwan Johnson,TE,575,juwan-johnson-575,7002,NOS,sf_tep,2267,2020-04-01,2026-06-21
Kaelon Black,RB,1947,kaelon-black-1947,,SFO,sf,60,2026-04-21,2026-06-21
Kaleb Johnson,RB,1748,kaleb-johnson-1748,,PIT,sf,491,2025-02-13,2026-06-21
Kalel Mullings,RB,1750,kalel-mullings-1750,,TEN,sf,416,2025-02-13,2026-06-21
Kalif Raymond,WR,822,kalif-raymond-822,3634,CHI,sf,2267,2020-04-01,2026-06-21
Kameron Johnson,WR,1701,kameron-johnson-1701,,TBB,sf,422,2024-08-30,2026-06-21
Kareem Hunt,RB,214,kareem-hunt-214,4098,FA,sf,2273,2020-04-01,2026-06-21
KaVontae Turpin,WR,1336,kavontae-turpin-1336,8917,DAL,sf,1419,2022-07-31,2026-06-21
Kayshon Boutte,WR,1446,kayshon-boutte-1446,9504,NEP,sf,1197,2023-03-10,2026-06-21
Kaytron Allen,RB,1940,kaytron-allen-1940,,WAS,sf,123,2026-02-18,2026-06-21
KC Concepcion,WR,1963,kc-concepcion-1963,,CLE,sf,123,2026-02-18,2026-06-21
KeAndre Lambert-Smith,WR,1818,keandre-lambert-smith-1818,,LAC,sf,401,2025-05-14,2026-06-21
Keaton Mitchell,RB,1393,keaton-mitchell-1393,9511,LAC,sf,1197,2023-03-10,2026-06-21
Keenan Allen,WR,265,keenan-allen-265,1479,FA,sf,2273,2020-04-01,2026-06-21
Kendall Milton,RB,1577,kendall-milton-1577,,CIN,sf,854,2024-02-16,2026-06-21
Kendre Miller,RB,1386,kendre-miller-1386,9757,NOS,sf,1197,2023-03-10,2026-06-21
Kendrick Bourne,WR,153,kendrick-bourne-153,4454,ARI,sf,2273,2020-04-01,2026-06-21
Kenneth Gainwell,RB,1032,kenneth-gainwell-1032,7567,TBB,sf,1922,2021-03-18,2026-06-21
Kenneth Walker III,RB,1227,kenneth-walker-iii-1227,8151,KCC,sf,1573,2022-02-27,2026-06-21
Kenny McIntosh,RB,1385,kenny-mcintosh-1385,10216,SEA,sf,1197,2023-03-10,2026-06-21
Kenny Pickett,QB,1208,kenny-pickett-1208,8160,CAR,sf,1573,2022-02-27,2026-06-21
Kenyon Sadiq,TE,2005,kenyon-sadiq-2005,,NYJ,sf_tep,123,2026-02-18,2026-06-21
Keon Coleman,WR,1588,keon-coleman-1588,11637,BUF,sf,854,2024-02-16,2026-06-21
Kevin Coleman,WR,1990,kevin-coleman-1990,,MIA,sf,123,2026-02-18,2026-06-21
Khalil Shakir,WR,1278,khalil-shakir-1278,8134,BUF,sf,1573,2022-02-27,2026-06-21
Kimani Vidal,RB,1636,kimani-vidal-1636,,LAC,sf,779,2024-05-01,2026-06-21
Kirk Cousins,QB,396,kirk-cousins-396,1166,LVR,sf,2218,2020-05-26,2026-06-21
Konata Mumpfield,WR,1830,konata-mumpfield-1830,,LAR,sf,317,2025-08-06,2026-06-21
Kyle McCord,QB,1738,kyle-mccord-1738,,GBP,sf,491,2025-02-13,2026-06-21
Kyle Monangai,RB,1766,kyle-monangai-1766,,CHI,sf,424,2025-02-13,2026-06-21
Kyle Pitts,TE,1051,kyle-pitts-1051,7553,ATL,sf_tep,1922,2021-03-18,2026-06-21
Kyle Williams,WR,1812,kyle-williams-1812,,NEP,sf,419,2025-04-26,2026-06-21
Kyler Murray,QB,379,kyler-murray-379,5849,MIN,sf,2218,2020-05-26,2026-06-21
Kyren Williams,RB,1226,kyren-williams-1226,8150,LAR,sf,1573,2022-02-27,2026-06-21
Ladd McConkey,WR,1598,ladd-mcconkey-1598,11635,LAC,sf,854,2024-02-16,2026-06-21
LaJohntay Wester,WR,1823,lajohntay-wester-1823,,BAL,sf,314,2025-08-09,2026-06-21
Lamar Jackson,QB,372,lamar-jackson-372,4881,BAL,sf,2218,2020-05-26,2026-06-21
Le'Veon Moss,RB,1941,le-veon-moss-1941,,MIA,sf,123,2026-02-18,2026-06-21
LeQuint Allen,RB,1761,lequint-allen-1761,,JAC,sf,491,2025-02-13,2026-06-21
Lil'Jordan Humphrey,WR,177,lil-jordan-humphrey-177,5938,DEN,sf,2273,2020-04-01,2026-06-21
Luke McCaffrey,WR,1606,luke-mccaffrey-1606,11650,WAS,sf,854,2024-02-16,2026-06-21
Luke Musgrave,TE,1430,luke-musgrave-1430,9481,GBP,sf_tep,1197,2023-03-10,2026-06-21
Luke Schoonmaker,TE,1382,luke-schoonmaker-1382,10871,DAL,sf_tep,1197,2023-03-10,2026-06-21
Luther Burden,WR,1770,luther-burden-1770,,CHI,sf,491,2025-02-13,2026-06-21
Mac Jones,QB,1018,mac-jones-1018,7527,SFO,sf,1922,2021-03-18,2026-06-21
Mack Hollins,WR,767,mack-hollins-767,,NEP,sf,2267,2020-04-01,2026-06-21
Makai Lemon,WR,1961,makai-lemon-1961,,PHI,sf,123,2026-02-18,2026-06-21
Malachi Corley,WR,1607,malachi-corley-1607,11617,CLE,sf,854,2024-02-16,2026-06-21
Malachi Fields,WR,1973,malachi-fields-1973,,NYG,sf,123,2026-02-18,2026-06-21
Malik Davis,RB,1197,malik-davis-1197,8800,DAL,sf,1573,2022-02-27,2026-06-21
Malik Nabers,WR,1586,malik-nabers-1586,11632,NYG,sf,854,2024-02-16,2026-06-21
Malik Washington,WR,1623,malik-washington-1623,11610,MIA,sf,808,2024-04-02,2026-06-21
Malik Willis,QB,1210,malik-willis-1210,8161,MIA,sf,1573,2022-02-27,2026-06-21
Marcus Mariota,QB,23,marcus-mariota-23,2307,WAS,sf,2218,2020-05-26,2026-06-21
Mark Andrews,TE,366,mark-andrews-366,5012,BAL,sf_tep,2273,2020-04-01,2026-06-21
Marquise Brown,WR,311,marquise-brown-311,5848,PHI,sf,2273,2020-04-01,2026-06-21
MarShawn Lloyd,RB,1575,marshawn-lloyd-1575,11581,GBP,sf,854,2024-02-16,2026-06-21
Marvin Harrison Jr.,WR,1585,marvin-harrison-jr-1585,11628,ARI,sf,854,2024-02-16,2026-06-21
Marvin Mims,WR,1442,marvin-mims-1442,9494,DEN,sf,1197,2023-03-10,2026-06-21
Mason Rudolph,QB,110,mason-rudolph-110,4972,PIT,sf,2218,2020-05-26,2026-06-21
Mason Taylor,TE,1806,mason-taylor-1806,,NYJ,sf_tep,491,2025-02-13,2026-06-21
Mason Tipton,WR,1686,mason-tipton-1686,,NOS,sf,686,2024-08-02,2026-06-21
Matthew Golden,WR,1775,matthew-golden-1775,,GBP,sf,491,2025-02-13,2026-06-21
Matthew Hibner,TE,2020,matthew-hibner-2020,,BAL,sf_tep,46,2026-05-06,2026-06-21
Matthew Stafford,QB,356,matthew-stafford-356,421,LAR,sf,2218,2020-05-26,2026-06-21
Max Klare,TE,2009,max-klare-2009,,LAR,sf_tep,123,2026-02-18,2026-06-21
Michael Carter,RB,1035,michael-carter-1035,7607,TEN,sf,1922,2021-03-18,2026-06-21
Michael Mayer,TE,1427,michael-mayer-1427,9482,LVR,sf_tep,1197,2023-03-10,2026-06-21
Michael Penix Jr.,QB,1554,michael-penix-jr-1554,11559,ATL,sf,854,2024-02-16,2026-06-21
Michael Pittman,WR,536,michael-pittman-536,6819,PIT,sf,2267,2020-04-07,2026-06-21
Michael Trigg,TE,2008,michael-trigg-2008,,DAL,sf_tep,123,2026-02-18,2026-06-21
Michael Wilson,WR,1421,michael-wilson-1421,10232,ARI,sf,1197,2023-03-10,2026-06-21
Mike Evans,WR,275,mike-evans-275,2216,SFO,sf,2273,2020-04-01,2026-06-21
Mike Gesicki,TE,330,mike-gesicki-330,4993,CIN,sf_tep,2273,2020-04-01,2026-06-21
Mike Washington Jr.,RB,1944,mike-washington-jr-1944,,LVR,sf,123,2026-02-18,2026-06-21
Mitchell Evans,TE,1809,mitchell-evans-1809,,CAR,sf_tep,251,2025-02-13,2026-06-21
Najee Harris,RB,1031,najee-harris-1031,7528,FA,sf,1922,2021-03-18,2026-06-21
Nicholas Singleton,RB,1938,nicholas-singleton-1938,,TEN,sf,123,2026-02-18,2026-06-21
Nick Westbrook-Ikhine,WR,950,nick-westbrook-ikhine-950,7496,IND,sf,2083,2020-10-02,2026-06-21
Nico Collins,WR,1040,nico-collins-1040,7569,HOU,sf,1916,2021-03-21,2026-06-21
Noah Fant,TE,243,noah-fant-243,5857,NOS,sf_tep,2273,2020-04-01,2026-06-21
Noah Gray,TE,1059,noah-gray-1059,7828,KCC,sf_tep,1916,2021-03-21,2026-06-21
Olamide Zaccheaus,WR,609,olamide-zaccheaus-609,6271,ATL,sf,2273,2020-04-01,2026-06-21
Ollie Gordon,RB,1759,ollie-gordon-1759,,MIA,sf,491,2025-02-13,2026-06-21
Omar Cooper Jr.,WR,1964,omar-cooper-jr-1964,,NYJ,sf,123,2026-02-18,2026-06-21
Omarion Hampton,RB,1744,omarion-hampton-1744,,LAC,sf,491,2025-02-13,2026-06-21
Oronde Gadsden,TE,1799,oronde-gadsden-1799,,LAC,sf_tep,491,2025-02-13,2026-06-21
Oscar Delp,TE,2013,oscar-delp-2013,,NOS,sf_tep,61,2026-04-21,2026-06-21
Parker Washington,WR,1445,parker-washington-1445,9487,JAC,sf,1197,2023-03-10,2026-06-21
Pat Bryant,WR,1782,pat-bryant-1782,,DEN,sf,424,2025-02-13,2026-06-21
Pat Freiermuth,TE,1053,pat-freiermuth-1053,7600,PIT,sf_tep,1922,2021-03-18,2026-06-21
Patrick Mahomes,QB,272,patrick-mahomes-272,4046,KCC,sf,2218,2020-05-26,2026-06-21
Phil Mafah,RB,1763,phil-mafah-1763,,DAL,sf,491,2025-02-13,2026-06-21
Puka Nacua,WR,1426,puka-nacua-1426,9493,LAR,sf,1197,2023-03-10,2026-06-21
Quentin Johnston,WR,1441,quentin-johnston-1441,9754,LAC,sf,1197,2023-03-10,2026-06-21
Quinn Ewers,QB,1734,quinn-ewers-1734,,MIA,sf,491,2025-02-13,2026-06-21
Quinshon Judkins,RB,1751,quinshon-judkins-1751,,CLE,sf,491,2025-02-13,2026-06-21
Rachaad White,RB,1180,rachaad-white-1180,8136,WAS,sf,1573,2022-02-27,2026-06-21
Raheim Sanders,RB,1762,raheim-sanders-1762,,CLE,sf,491,2025-02-13,2026-06-21
Rashee Rice,WR,1447,rashee-rice-1447,10229,KCC,sf,1197,2023-03-10,2026-06-21
Rasheen Ali,RB,1631,rasheen-ali-1631,,BAL,sf,779,2024-05-01,2026-06-21
Rashid Shaheed,WR,1360,rashid-shaheed-1360,8676,SEA,sf,1343,2022-10-15,2026-06-21
Rashod Bateman,WR,1070,rashod-bateman-1070,7571,BAL,sf,1922,2021-03-18,2026-06-21
Ray Davis,RB,1574,ray-davis-1574,11575,BUF,sf,854,2024-02-16,2026-06-21
Ray-Ray McCloud,WR,646,ray-ray-mccloud-646,,NYG,sf,2267,2020-04-01,2026-06-21
Rhamondre Stevenson,RB,1036,rhamondre-stevenson-1036,7611,NEP,sf,1922,2021-03-18,2026-06-21
Ricky Pearsall,WR,1593,ricky-pearsall-1593,11638,SFO,sf,854,2024-02-16,2026-06-21
Rico Dowdle,RB,555,rico-dowdle-555,7021,PIT,sf,2267,2020-04-01,2026-06-21
Riley Leonard,QB,1735,riley-leonard-1735,,IND,sf,491,2025-02-13,2026-06-21
RJ Harvey,RB,1768,rj-harvey-1768,,DEN,sf,491,2025-02-13,2026-06-21
Roman Wilson,WR,1600,roman-wilson-1600,11630,PIT,sf,854,2024-02-16,2026-06-21
Rome Odunze,WR,1587,rome-odunze-1587,11620,CHI,sf,854,2024-02-16,2026-06-21
Romeo Doubs,WR,1238,romeo-doubs-1238,8121,NEP,sf,1573,2022-02-27,2026-06-21
Roschon Johnson,RB,1390,roschon-johnson-1390,10235,CHI,sf,1197,2023-03-10,2026-06-21
Ryan Flournoy,WR,1642,ryan-flournoy-1642,,DAL,sf,779,2024-05-01,2026-06-21
Sam Darnold,QB,331,sam-darnold-331,4943,SEA,sf,2218,2020-05-26,2026-06-21
Sam Howell,QB,1209,sam-howell-1209,8162,DAL,sf,1573,2022-02-27,2026-06-21
Sam LaPorta,TE,1429,sam-laporta-1429,10859,DET,sf_tep,1197,2023-03-10,2026-06-21
Sam Roush,TE,2011,sam-roush-2011,,CHI,sf_tep,56,2026-04-26,2026-06-21
Samaje Perine,RB,785,samaje-perine-785,4147,CIN,sf,2273,2020-04-01,2026-06-21
Saquon Barkley,RB,1,saquon-barkley-1,4866,PHI,sf,2273,2020-04-01,2026-06-21
Savion Williams,WR,1796,savion-williams-1796,,GBP,sf,425,2025-02-13,2026-06-21
Sean Tucker,RB,1400,sean-tucker-1400,9506,TBB,sf,1197,2023-03-10,2026-06-21
Seth McGowan,RB,1937,seth-mcgowan-1937,,IND,sf,123,2026-02-18,2026-06-21
Shedeur Sanders,QB,1731,shedeur-sanders-1731,,CLE,sf,491,2025-02-13,2026-06-21
Sione Vaki,RB,1627,sione-vaki-1627,,DET,sf,779,2024-05-01,2026-06-21
Skyler Bell,WR,1970,skyler-bell-1970,,BUF,sf,123,2026-02-18,2026-06-21
Skyy Moore,WR,1283,skyy-moore-1283,8168,GBP,sf,1573,2022-02-27,2026-06-21
Spencer Rattler,QB,1557,spencer-rattler-1557,11562,NOS,sf,854,2024-02-16,2026-06-21
Stefon Diggs,WR,262,stefon-diggs-262,2449,FA,sf,2273,2020-04-01,2026-06-21
Tahj Brooks,RB,1758,tahj-brooks-1758,,CIN,sf,424,2025-02-13,2026-06-21
Tahj Washington,WR,1644,tahj-washington-1644,,MIA,sf,779,2024-05-01,2026-06-21
Tai Felton,WR,1797,tai-felton-1797,,MIN,sf,425,2025-02-13,2026-06-21
Tank Bigsby,RB,1401,tank-bigsby-1401,9225,PHI,sf,1197,2023-03-10,2026-06-21
Tank Dell,WR,1438,tank-dell-1438,9502,HOU,sf,1197,2023-03-10,2026-06-21
Tanner McKee,QB,1218,tanner-mckee-1218,,PHI,sf,1463,2022-02-27,2026-06-21
Taylen Green,QB,2029,taylen-green-2029,,CLE,sf,53,2026-04-29,2026-06-21
Ted Hurst,WR,1982,ted-hurst-1982,,TBB,sf,123,2026-02-18,2026-06-21
Tee Higgins,WR,543,tee-higgins-543,6801,CIN,sf,2267,2020-04-07,2026-06-21
Terrance Ferguson,TE,1807,terrance-ferguson-1807,,LAR,sf_tep,491,2025-02-13,2026-06-21
Terrell Jennings,RB,1720,terrell-jennings-1720,,NEP,sf,356,2024-10-14,2026-06-21
Terry McLaurin,WR,328,terry-mclaurin-328,5927,WAS,sf,2273,2020-04-01,2026-06-21
Tetairoa McMillan,WR,1771,tetairoa-mcmillan-1771,,CAR,sf,491,2025-02-13,2026-06-21
Tez Johnson,WR,1779,tez-johnson-1779,,TBB,sf,491,2025-02-13,2026-06-21
Theo Johnson,TE,1620,theo-johnson-1620,,NYG,sf_tep,854,2024-02-16,2026-06-21
Thomas Fidone,TE,1827,thomas-fidone-1827,,NYG,sf_tep,338,2025-07-16,2026-06-21
T.J. Hockenson,TE,247,tj-hockenson-247,5844,MIN,sf_tep,2273,2020-04-01,2026-06-21
Tommy Tremble,TE,1054,tommy-tremble-1054,7694,CAR,sf_tep,1916,2021-03-21,2026-06-21
Tony Pollard,RB,344,tony-pollard-344,5967,TEN,sf,2273,2020-04-01,2026-06-21
Tory Horton,WR,1798,tory-horton-1798,,SEA,sf,491,2025-02-13,2026-06-21
Travis Etienne,RB,1030,travis-etienne-1030,7543,NOS,sf,1922,2021-03-18,2026-06-21
Travis Hunter,WR,1774,travis-hunter-1774,,JAC,sf,491,2025-02-13,2026-06-21
Travis Kelce,TE,264,travis-kelce-264,1466,KCC,sf_tep,2273,2020-04-01,2026-06-21
Tre Harris,WR,1772,tre-harris-1772,,LAC,sf,491,2025-02-13,2026-06-21
Tre Tucker,WR,1460,tre-tucker-1460,10213,LVR,sf,1146,2023-04-30,2026-06-21
TreVeyon Henderson,RB,1743,treveyon-henderson-1743,,NEP,sf,491,2025-02-13,2026-06-21
Trevor Etienne,RB,1756,trevor-etienne-1756,,CAR,sf,491,2025-02-13,2026-06-21
Trevor Lawrence,QB,1094,trevor-lawrence-1094,7523,JAC,sf,1922,2021-03-18,2026-06-21
Trey Benson,RB,1565,trey-benson-1565,11589,ARI,sf,854,2024-02-16,2026-06-21
Trey Lance,QB,1017,trey-lance-1017,7610,LAC,sf,1922,2021-03-18,2026-06-21
Trey McBride,TE,1253,trey-mcbride-1253,8130,ARI,sf_tep,1573,2022-02-27,2026-06-21
Trey Palmer,WR,1452,trey-palmer-1452,9492,NOS,sf,1197,2023-03-10,2026-06-21
Treylon Burks,WR,1269,treylon-burks-1269,8135,WAS,sf,1573,2022-02-27,2026-06-21
Troy Franklin,WR,1590,troy-franklin-1590,11627,DEN,sf,854,2024-02-16,2026-06-21
Tua Tagovailoa,QB,600,tua-tagovailoa-600,6768,ATL,sf,2218,2020-05-26,2026-06-21
Tucker Kraft,TE,1418,tucker-kraft-1418,9484,GBP,sf_tep,1197,2023-03-10,2026-06-21
Tutu Atwell,WR,1078,tutu-atwell-1078,7562,MIA,sf,1922,2021-03-18,2026-06-21
Ty Chandler,RB,1182,ty-chandler-1182,8230,NOS,sf,1573,2022-02-27,2026-06-21
Ty Johnson,RB,6,ty-johnson-6,6039,BUF,sf,2273,2020-04-01,2026-06-21
Ty Simpson,QB,1925,ty-simpson-1925,,LAR,sf,123,2026-02-18,2026-06-21
Tyjae Spears,RB,1417,tyjae-spears-1417,9508,TEN,sf,1197,2023-03-10,2026-06-21
Tyler Allgeier,RB,1228,tyler-allgeier-1228,8132,ARI,sf,1573,2022-02-27,2026-06-21
Tyler Badie,RB,1206,tyler-badie-1206,8208,DEN,sf,1573,2022-02-27,2026-06-21
Tyler Conklin,TE,489,tyler-conklin-489,5133,DET,sf_tep,2267,2020-04-01,2026-06-21
Tyler Goodson,RB,1189,tyler-goodson-1189,,ATL,sf,1573,2022-02-27,2026-06-21
Tyler Higbee,TE,159,tyler-higbee-159,3271,LAR,sf_tep,2273,2020-04-01,2026-06-21
Tyler Huntley,QB,618,tyler-huntley-618,7083,BAL,sf,2212,2020-05-26,2026-06-21
Tyler Johnson,WR,572,tyler-johnson-572,6960,DAL,sf,2267,2020-04-07,2026-06-21
Tyler Scott,WR,1436,tyler-scott-1436,9490,LAR,sf,1197,2023-03-10,2026-06-21
Tyler Shough,QB,1739,tyler-shough-1739,,NOS,sf,491,2025-02-13,2026-06-21
Tyler Warren,TE,1802,tyler-warren-1802,,IND,sf_tep,491,2025-02-13,2026-06-21
Tyquan Thornton,WR,1246,tyquan-thornton-1246,8188,KCC,sf,1573,2022-02-27,2026-06-21
Tyreek Hill,WR,286,tyreek-hill-286,3321,FA,sf,2273,2020-04-01,2026-06-21
Tyrell Shavers,WR,1524,tyrell-shavers-1524,,BUF,sf,752,2023-08-31,2026-06-21
Tyrod Taylor,QB,647,tyrod-taylor-647,827,GBP,sf,2218,2020-05-26,2026-06-21
Tyrone Tracy,RB,1632,tyrone-tracy-1632,,NYG,sf,779,2024-05-01,2026-06-21
Tyson Bagent,QB,1478,tyson-bagent-1478,11256,CHI,sf,1136,2023-05-10,2026-06-21
Van Jefferson,WR,578,van-jefferson-578,6853,WAS,sf,2267,2020-04-07,2026-06-21
Wan'Dale Robinson,WR,1274,wan-dale-robinson-1274,8126,TEN,sf,1573,2022-02-27,2026-06-21
Will Howard,QB,1736,will-howard-1736,,PIT,sf,491,2025-02-13,2026-06-21
Will Levis,QB,1402,will-levis-1402,9999,TEN,sf,1197,2023-03-10,2026-06-21
Will Shipley,RB,1572,will-shipley-1572,11577,PHI,sf,854,2024-02-16,2026-06-21
Woody Marks,RB,1753,woody-marks-1753,,HOU,sf,491,2025-02-13,2026-06-21
Xavier Gipson,WR,1504,xavier-gipson-1504,11306,NYG,sf,1070,2023-07-15,2026-06-21
Xavier Hutchinson,WR,1454,xavier-hutchinson-1454,10218,HOU,sf,1197,2023-03-10,2026-06-21
Xavier Legette,WR,1610,xavier-legette-1610,11626,CAR,sf,854,2024-02-16,2026-06-21
Xavier Restrepo,WR,1777,xavier-restrepo-1777,,TEN,sf,491,2025-02-13,2026-06-21
Xavier Worthy,WR,1591,xavier-worthy-1591,11624,KCC,sf,854,2024-02-16,2026-06-21
Zach Charbonnet,RB,1384,zach-charbonnet-1384,9753,SEA,sf,1197,2023-03-10,2026-06-21
Zach Ertz,TE,305,zach-ertz-305,1339,FA,sf_tep,2273,2020-04-01,2026-06-21
Zach Wilson,QB,1016,zach-wilson-1016,7538,NOS,sf,1922,2021-03-18,2026-06-21
Zachariah Branch,WR,1969,zachariah-branch-1969,,ATL,sf,123,2026-02-18,2026-06-21
Zavier Scott,RB,1898,zavier-scott-1898,,MIN,sf,275,2025-09-19,2026-06-21
Zavion Thomas,WR,1983,zavion-thomas-1983,,CHI,sf,57,2026-04-25,2026-06-21
Zay Flowers,WR,1443,zay-flowers-1443,9997,BAL,sf,1197,2023-03-10,2026-06-21
