basis,name,position,base_value,mult_flat,mult_curve,value_flat,value_curve,divergence,rank_flat,rank_curve,rank_shift
ktc,Bijan Robinson,RB,9999,1.296,1.604,12959,16040,+23.8%,1,1,0
ktc,Jahmyr Gibbs,RB,9999,1.296,1.604,12959,16040,+23.8%,2,2,0
ktc,Josh Allen,QB,9992,0.967,0.826,9662,8250,-14.6%,4,10,-6
ktc,Ja'Marr Chase,WR,9975,0.853,0.848,8509,8461,-0.6%,9,7,2
ktc,Jaxon Smith-Njigba,WR,9314,0.853,0.85,7945,7917,-0.4%,13,12,1
ktc,Drake Maye,QB,9216,0.967,0.837,8912,7718,-13.4%,7,13,-6
ktc,Puka Nacua,WR,8891,0.853,0.851,7584,7568,-0.2%,15,14,1
ktc,Brock Bowers,TE,9071,0.936,0.903,8490,8187,-3.6%,10,11,-1
ktc,Amon-Ra St. Brown,WR,7898,0.853,0.854,6737,6747,+0.1%,27,23,4
ktc,Caleb Williams,QB,7898,0.967,0.86,7637,6795,-11.0%,14,21,-7
ktc,Ashton Jeanty,RB,7586,1.296,1.458,9831,11063,+12.5%,3,3,0
ktc,Justin Jefferson,WR,7546,0.853,0.855,6437,6455,+0.3%,31,27,4
ktc,Lamar Jackson,QB,7545,0.967,0.867,7296,6543,-10.3%,17,25,-8
ktc,Jayden Daniels,QB,7524,0.967,0.868,7276,6528,-10.3%,19,26,-7
ktc,Jeremiyah Love,RB,7414,1.296,1.447,9609,10727,+11.6%,5,4,1
ktc,Joe Burrow,QB,7401,0.967,0.87,7157,6440,-10.0%,21,28,-7
ktc,Malik Nabers,WR,7332,0.853,0.856,6254,6277,+0.4%,33,31,2
ktc,Trey McBride,TE,8098,0.936,0.917,7580,7426,-2.0%,16,15,1
ktc,CeeDee Lamb,WR,7174,0.853,0.857,6119,6146,+0.4%,36,34,2
ktc,Justin Herbert,QB,7098,0.967,0.877,6864,6222,-9.4%,24,33,-9
ktc,Omarion Hampton,RB,7043,1.296,1.421,9128,10011,+9.7%,6,5,1
ktc,Drake London,WR,6962,0.853,0.857,5939,5970,+0.5%,42,36,6
ktc,De'Von Achane,RB,6829,1.296,1.406,8850,9604,+8.5%,8,6,2
ktc,Tetairoa McMillan,WR,6356,0.853,0.86,5422,5465,+0.8%,49,44,5
ktc,Emeka Egbuka,WR,6334,0.853,0.86,5403,5446,+0.8%,50,45,5
ktc,Colston Loveland,TE,7007,0.936,0.936,6559,6557,-0.0%,28,24,4
ktc,Patrick Mahomes,QB,6307,0.967,0.895,6099,5644,-7.5%,37,39,-2
ktc,Jaxson Dart,QB,6263,0.967,0.896,6056,5612,-7.3%,39,41,-2
ktc,Trevor Lawrence,QB,6246,0.967,0.896,6040,5599,-7.3%,40,42,-2
ktc,Jonathan Taylor,RB,6190,1.296,1.36,8022,8416,+4.9%,11,8,3
ktc,James Cook,RB,6137,1.296,1.356,7954,8319,+4.6%,12,9,3
ktc,Jalen Hurts,QB,6134,0.967,0.899,5932,5516,-7.0%,43,43,0
ktc,George Pickens,WR,6106,0.853,0.861,5208,5256,+0.9%,54,49,5
ktc,Carnell Tate,WR,5976,0.853,0.861,5098,5148,+1.0%,56,52,4
ktc,Tyler Warren,TE,6594,0.936,0.944,6172,6223,+0.8%,35,32,3
ktc,Bo Nix,QB,5929,0.967,0.905,5733,5363,-6.5%,44,46,-2
ktc,Brock Purdy,QB,5804,0.967,0.908,5612,5270,-6.1%,46,48,-2
ktc,Kenneth Walker III,RB,5625,1.296,1.315,7290,7399,+1.5%,18,16,2
ktc,Ladd McConkey,WR,5624,0.853,0.863,4797,4853,+1.2%,60,59,1
ktc,Chris Olave,WR,5610,0.853,0.863,4785,4842,+1.2%,61,60,1
ktc,Nico Collins,WR,5556,0.853,0.863,4739,4796,+1.2%,64,62,2
ktc,Quinshon Judkins,RB,5546,1.296,1.309,7188,7260,+1.0%,20,17,3
ktc,Garrett Wilson,WR,5516,0.853,0.863,4705,4763,+1.2%,66,64,2
ktc,DeVonta Smith,WR,5483,0.853,0.864,4677,4735,+1.2%,67,65,2
ktc,Luther Burden,WR,5480,0.853,0.864,4674,4733,+1.2%,68,66,2
ktc,Jordan Love,QB,5434,0.967,0.919,5255,4991,-5.0%,52,56,-4
ktc,Chase Brown,RB,5391,1.296,1.296,6987,6988,+0.0%,22,18,4
ktc,Fernando Mendoza,QB,5389,0.967,0.92,5211,4957,-4.9%,53,58,-5
ktc,Jordyn Tyson,WR,5329,0.853,0.864,4546,4606,+1.3%,73,68,5
ktc,TreVeyon Henderson,RB,5313,1.296,1.29,6886,6852,-0.5%,23,19,4
ktc,Breece Hall,RB,5288,1.296,1.288,6853,6809,-0.6%,25,20,5
ktc,Christian McCaffrey,RB,5268,1.296,1.286,6827,6774,-0.8%,26,22,4
ktc,Rome Odunze,WR,5231,0.853,0.865,4462,4524,+1.4%,78,69,9
ktc,Cam Ward,QB,5231,0.967,0.925,5058,4837,-4.4%,57,61,-4
ktc,Saquon Barkley,RB,5047,1.296,1.267,6541,6395,-2.2%,29,29,0
ktc,Zay Flowers,WR,5027,0.853,0.866,4288,4353,+1.5%,82,75,7
ktc,Makai Lemon,WR,5012,0.853,0.866,4275,4340,+1.5%,83,76,7
ktc,A.J. Brown,WR,4994,0.853,0.866,4260,4325,+1.5%,84,77,7
ktc,Kyren Williams,RB,4990,1.296,1.262,6467,6298,-2.6%,30,30,0
ktc,Rashee Rice,WR,4968,0.853,0.866,4238,4303,+1.5%,85,78,7
ktc,Tee Higgins,WR,4964,0.853,0.866,4234,4300,+1.5%,86,79,7
ktc,Dak Prescott,QB,4947,0.967,0.934,4784,4619,-3.4%,62,67,-5
ktc,Tucker Kraft,TE,5513,0.936,0.968,5160,5335,+3.4%,55,47,8
ktc,Jaylen Waddle,WR,4855,0.853,0.867,4141,4208,+1.6%,89,80,9
ktc,Jadarian Price,RB,4855,1.296,1.25,6292,6070,-3.5%,32,35,-3
ktc,Tyler Shough,QB,4814,0.967,0.938,4655,4517,-3.0%,69,70,-1
ktc,Brian Thomas Jr.,WR,4810,0.853,0.867,4103,4170,+1.6%,91,83,8
ktc,Marvin Harrison Jr.,WR,4797,0.853,0.867,4092,4159,+1.7%,92,84,8
ktc,Cam Skattebo,RB,4789,1.296,1.244,6207,5959,-4.0%,34,37,-3
ktc,Harold Fannin,TE,5336,0.936,0.972,4994,5187,+3.9%,58,51,7
ktc,Jared Goff,QB,4748,0.967,0.94,4591,4465,-2.7%,70,72,-2
ktc,Jameson Williams,WR,4725,0.853,0.867,4030,4099,+1.7%,94,85,9
ktc,C.J. Stroud,QB,4720,0.967,0.941,4564,4444,-2.6%,72,73,-1
ktc,Bucky Irving,RB,4682,1.296,1.235,6068,5781,-4.7%,38,38,0
ktc,Baker Mayfield,QB,4664,0.967,0.943,4510,4400,-2.4%,75,74,1
ktc,Sam LaPorta,TE,5155,0.936,0.977,4825,5035,+4.4%,59,54,5
ktc,Javonte Williams,RB,4587,1.296,1.226,5945,5624,-5.4%,41,40,1
ktc,Kyle Pitts,TE,5063,0.936,0.979,4739,4958,+4.6%,65,57,8
ktc,Sam Darnold,QB,4377,0.967,0.954,4233,4175,-1.3%,87,82,5
ktc,Travis Etienne,RB,4357,1.296,1.204,5647,5248,-7.1%,45,50,-5
ktc,KC Concepcion,WR,4345,0.853,0.87,3706,3779,+2.0%,105,97,8
ktc,Bhayshul Tuten,RB,4288,1.296,1.198,5557,5136,-7.6%,47,53,-6
ktc,Derrick Henry,RB,4199,1.296,1.189,5442,4993,-8.2%,48,55,-7
ktc,Josh Jacobs,RB,4067,1.296,1.176,5271,4783,-9.2%,51,63,-12
ktc,Kenyon Sadiq,TE,4504,0.936,0.995,4216,4484,+6.4%,88,71,17
ktc,Bryce Young,QB,3943,0.967,0.972,3813,3831,+0.5%,100,94,6
ktc,Kyler Murray,QB,3937,0.967,0.972,3807,3826,+0.5%,101,95,6
ktc,Christian Watson,WR,3918,0.853,0.872,3342,3418,+2.3%,124,108,16
ktc,Daniel Jones,QB,3882,0.967,0.974,3754,3782,+0.7%,103,96,7
ktc,Alec Pierce,WR,3876,0.853,0.873,3306,3382,+2.3%,127,109,18
ktc,Jordan Addison,WR,3876,0.853,0.873,3306,3382,+2.3%,128,110,18
ktc,Matthew Stafford,QB,3868,0.967,0.975,3740,3771,+0.8%,104,100,4
ktc,Parker Washington,WR,3862,0.853,0.873,3294,3371,+2.3%,129,112,17
ktc,Michael Wilson,WR,3729,0.853,0.874,3181,3258,+2.4%,133,118,15
ktc,D'Andre Swift,RB,3685,1.296,1.137,4776,4189,-12.3%,63,81,-18
ktc,Malik Willis,QB,3682,0.967,0.983,3560,3620,+1.7%,113,104,9
ktc,Matthew Golden,WR,3598,0.853,0.875,3069,3147,+2.5%,135,126,9
ktc,D.J. Moore,WR,3568,0.853,0.875,3044,3121,+2.6%,136,127,9
ktc,Terry McLaurin,WR,3538,0.853,0.875,3018,3096,+2.6%,139,129,10
ktc,Josh Downs,WR,3534,0.853,0.875,3015,3092,+2.6%,140,130,10
ktc,Omar Cooper Jr.,WR,3525,0.853,0.875,3007,3085,+2.6%,142,131,11
ktc,Jonathon Brooks,RB,3524,1.296,1.119,4567,3945,-13.6%,71,87,-16
ktc,Denzel Boston,WR,3524,0.853,0.875,3006,3084,+2.6%,143,132,11
ktc,Quentin Johnston,WR,3514,0.853,0.875,2997,3075,+2.6%,145,133,12
ktc,Kyle Monangai,RB,3495,1.296,1.116,4530,3901,-13.9%,74,90,-16
ktc,Blake Corum,RB,3477,1.296,1.114,4506,3874,-14.0%,76,92,-16
ktc,DK Metcalf,WR,3466,0.853,0.876,2956,3035,+2.6%,148,136,12
ktc,David Montgomery,RB,3462,1.296,1.113,4487,3852,-14.2%,77,93,-16
ktc,Ty Simpson,QB,3442,0.967,0.995,3328,3425,+2.9%,126,106,20
ktc,Oronde Gadsden,TE,3882,0.936,1.016,3634,3946,+8.6%,108,86,22
ktc,Jayden Higgins,WR,3419,0.853,0.876,2916,2995,+2.7%,152,137,15
ktc,Wan'Dale Robinson,WR,3414,0.853,0.876,2912,2991,+2.7%,153,138,15
ktc,RJ Harvey,RB,3413,1.296,1.107,4423,3779,-14.6%,79,98,-19
ktc,Zach Charbonnet,RB,3409,1.296,1.107,4418,3773,-14.6%,80,99,-19
ktc,Isaiah Likely,TE,3859,0.936,1.017,3612,3925,+8.7%,109,88,21
ktc,Davante Adams,WR,3399,0.853,0.876,2899,2978,+2.7%,156,139,17
ktc,Mike Evans,WR,3396,0.853,0.876,2897,2975,+2.7%,157,140,17
ktc,George Kittle,TE,3836,0.936,1.018,3590,3905,+8.8%,110,89,21
ktc,Travis Hunter,WR,3374,0.853,0.876,2878,2957,+2.7%,160,141,19
ktc,Eli Stowers,TE,3824,0.936,1.019,3579,3895,+8.8%,111,91,20
ktc,Jayden Reed,WR,3367,0.853,0.876,2872,2951,+2.7%,161,142,19
ktc,Xavier Worthy,WR,3362,0.853,0.876,2868,2946,+2.7%,162,143,19
ktc,Michael Pittman,WR,3360,0.853,0.876,2866,2945,+2.7%,163,144,19
ktc,Jaylen Warren,RB,3315,1.296,1.096,4296,3633,-15.4%,81,103,-22
ktc,Jake Ferguson,TE,3643,0.936,1.025,3410,3736,+9.6%,117,101,16
ktc,Dalton Kincaid,TE,3636,0.936,1.026,3403,3730,+9.6%,119,102,17
ktc,De'Zhaun Stribling,WR,3190,0.853,0.878,2721,2800,+2.9%,173,159,14
ktc,Jalen Coker,WR,3173,0.853,0.878,2707,2786,+2.9%,174,162,12
ktc,Chuba Hubbard,RB,3169,1.296,1.079,4107,3420,-16.7%,90,107,-17
ktc,Rico Dowdle,RB,3131,1.296,1.075,4058,3365,-17.1%,93,113,-20
ktc,Jonah Coleman,RB,3090,1.296,1.07,4005,3306,-17.5%,95,116,-21
ktc,Courtland Sutton,WR,3078,0.853,0.879,2626,2705,+3.0%,180,170,10
ktc,J.K. Dobbins,RB,3039,1.296,1.064,3939,3232,-17.9%,96,120,-24
ktc,Brenton Strange,TE,3465,0.936,1.033,3243,3578,+10.3%,131,105,26
ktc,Antonio Williams,WR,3022,0.853,0.879,2578,2657,+3.1%,182,175,7
ktc,Jacory Croskey-Merritt,RB,3021,1.296,1.061,3915,3207,-18.1%,97,121,-24
ktc,Jalen McMillan,WR,3016,0.853,0.879,2573,2652,+3.1%,184,177,7
ktc,Rhamondre Stevenson,RB,3011,1.296,1.06,3902,3192,-18.2%,98,125,-27
ktc,Jakobi Meyers,WR,3009,0.853,0.879,2567,2646,+3.1%,185,178,7
ktc,Romeo Doubs,WR,3006,0.853,0.879,2564,2643,+3.1%,187,179,8
ktc,Chris Bell,WR,2967,0.853,0.88,2531,2610,+3.1%,195,183,12
ktc,Chris Godwin,WR,2953,0.853,0.88,2519,2598,+3.1%,197,185,12
ktc,Kenneth Gainwell,RB,2949,1.296,1.053,3822,3104,-18.8%,99,128,-29
ktc,Germie Bernard,WR,2928,0.853,0.88,2498,2577,+3.2%,201,187,14
ktc,Nicholas Singleton,RB,2922,1.296,1.049,3787,3066,-19.0%,102,134,-32
ktc,Khalil Shakir,WR,2889,0.853,0.88,2464,2543,+3.2%,204,189,15
ktc,Rashid Shaheed,WR,2859,0.853,0.881,2439,2518,+3.2%,207,192,15
ktc,Tony Pollard,RB,2827,1.296,1.037,3664,2933,-20.0%,106,145,-39
ktc,Rachaad White,RB,2824,1.296,1.037,3660,2929,-20.0%,107,147,-40
ktc,Terrance Ferguson,TE,3233,0.936,1.043,3026,3371,+11.4%,137,111,26
ktc,Michael Penix Jr.,QB,2814,0.967,1.031,2721,2900,+6.6%,172,151,21
ktc,Chigoziem Okonkwo,TE,3206,0.936,1.044,3001,3347,+11.5%,144,114,30
ktc,AJ Barner,TE,3200,0.936,1.044,2995,3342,+11.6%,146,115,31
ktc,Tyler Allgeier,RB,2758,1.296,1.029,3574,2837,-20.6%,112,154,-42
ktc,Isaac TeSlaa,WR,2751,0.853,0.882,2347,2425,+3.4%,212,197,15
ktc,Mark Andrews,TE,3159,0.936,1.046,2957,3305,+11.8%,147,117,30
ktc,Zachariah Branch,WR,2743,0.853,0.882,2340,2419,+3.4%,213,198,15
ktc,Jordan Mason,RB,2737,1.296,1.026,3547,2808,-20.8%,114,158,-44
ktc,Woody Marks,RB,2726,1.296,1.025,3533,2793,-20.9%,115,161,-46
ktc,Dylan Sampson,RB,2717,1.296,1.023,3521,2780,-21.0%,116,163,-47
ktc,Tua Tagovailoa,QB,2696,0.967,1.038,2607,2799,+7.4%,181,160,21
ktc,Tre Harris,WR,2694,0.853,0.882,2298,2377,+3.4%,217,200,17
ktc,Gunnar Helm,TE,3079,0.936,1.05,2882,3233,+12.2%,159,119,40
ktc,Jacoby Brissett,QB,2654,0.967,1.041,2566,2763,+7.7%,186,164,22
ktc,Elijah Sarratt,WR,2650,0.853,0.883,2260,2339,+3.5%,218,205,13
ktc,Dallas Goedert,TE,3050,0.936,1.051,2855,3206,+12.3%,164,122,42
ktc,Mac Jones,QB,2640,0.967,1.042,2553,2751,+7.8%,189,166,23
ktc,J.J. McCarthy,QB,2637,0.967,1.042,2550,2749,+7.8%,190,167,23
ktc,T.J. Hockenson,TE,3040,0.936,1.052,2845,3197,+12.4%,166,123,43
ktc,Travis Kelce,TE,3035,0.936,1.052,2841,3193,+12.4%,167,124,43
ktc,Chris Rodriguez,RB,2627,1.296,1.012,3405,2657,-22.0%,118,174,-56
ktc,Shedeur Sanders,QB,2625,0.967,1.043,2538,2739,+7.9%,194,169,25
ktc,Tank Bigsby,RB,2623,1.296,1.011,3399,2652,-22.0%,120,176,-56
ktc,Jaylin Noel,WR,2619,0.853,0.883,2234,2312,+3.5%,221,207,14
ktc,Ricky Pearsall,WR,2612,0.853,0.883,2228,2306,+3.5%,222,208,14
ktc,Ted Hurst,WR,2611,0.853,0.883,2227,2306,+3.5%,223,209,14
ktc,Tank Dell,WR,2608,0.853,0.883,2225,2303,+3.5%,224,210,14
ktc,Keaton Mitchell,RB,2606,1.296,1.009,3377,2629,-22.2%,121,180,-59
ktc,Tyrone Tracy,RB,2606,1.296,1.009,3377,2629,-22.2%,122,181,-59
ktc,Adonai Mitchell,WR,2598,0.853,0.883,2216,2294,+3.5%,225,211,14
ktc,Malachi Fields,WR,2593,0.853,0.883,2212,2290,+3.5%,227,212,15
ktc,Jalen Nailor,WR,2592,0.853,0.883,2211,2289,+3.5%,228,213,15
ktc,Tory Horton,WR,2587,0.853,0.883,2207,2285,+3.6%,229,214,15
ktc,Braelon Allen,RB,2586,1.296,1.006,3351,2602,-22.4%,123,184,-61
ktc,Kayshon Boutte,WR,2583,0.853,0.883,2203,2282,+3.6%,230,215,15
ktc,Tyjae Spears,RB,2571,1.296,1.004,3332,2581,-22.5%,125,186,-61
ktc,Malik Washington,WR,2564,0.853,0.884,2187,2265,+3.6%,232,217,15
ktc,Dontayvion Wicks,WR,2542,0.853,0.884,2168,2247,+3.6%,235,221,14
ktc,Tre Tucker,WR,2537,0.853,0.884,2164,2242,+3.6%,236,223,13
ktc,Carson Beck,QB,2533,0.967,1.05,2449,2659,+8.6%,206,173,33
ktc,Jerry Jeudy,WR,2530,0.853,0.884,2158,2236,+3.6%,237,224,13
ktc,Kaytron Allen,RB,2513,1.296,0.996,3257,2503,-23.1%,130,193,-63
ktc,Troy Franklin,WR,2502,0.853,0.884,2134,2212,+3.7%,240,225,15
ktc,Elijah Arroyo,TE,2889,0.936,1.059,2704,3060,+13.2%,175,135,40
ktc,Pat Bryant,WR,2477,0.853,0.884,2113,2191,+3.7%,243,227,16
ktc,Emmett Johnson,RB,2466,1.296,0.99,3196,2441,-23.6%,132,195,-63
ktc,Elic Ayomanor,WR,2449,0.853,0.885,2089,2167,+3.7%,246,229,17
ktc,Ja'Kobi Lane,WR,2442,0.853,0.885,2083,2161,+3.7%,247,231,16
ktc,Brian Robinson,RB,2409,1.296,0.982,3122,2365,-24.2%,134,202,-68
ktc,Jack Bech,WR,2388,0.853,0.885,2037,2114,+3.8%,249,238,11
ktc,Skyler Bell,WR,2367,0.853,0.886,2019,2096,+3.8%,250,242,8
ktc,Jauan Jennings,WR,2365,0.853,0.886,2017,2095,+3.8%,251,243,8
ktc,Mason Taylor,TE,2749,0.936,1.067,2573,2932,+14.0%,183,146,37
ktc,Keon Coleman,WR,2347,0.853,0.886,2002,2079,+3.9%,253,245,8
ktc,Hunter Henry,TE,2739,0.936,1.067,2564,2923,+14.0%,188,148,40
ktc,Aaron Jones,RB,2331,1.296,0.971,3021,2263,-25.1%,138,218,-80
ktc,Greg Dulcich,TE,2722,0.936,1.068,2548,2908,+14.1%,191,149,42
ktc,Mike Washington Jr.,RB,2322,1.296,0.969,3009,2251,-25.2%,141,220,-79
ktc,Juwan Johnson,TE,2718,0.936,1.068,2544,2904,+14.1%,192,150,42
ktc,Chris Brazzell II,WR,2320,0.853,0.886,1979,2056,+3.9%,258,249,9
ktc,Deebo Samuel,WR,2303,0.853,0.886,1964,2041,+3.9%,259,250,9
ktc,Cade Otton,TE,2685,0.936,1.07,2513,2874,+14.3%,198,152,46
ktc,Kimani Vidal,RB,2278,1.296,0.963,2952,2194,-25.7%,149,226,-77
ktc,Max Klare,TE,2672,0.936,1.071,2501,2862,+14.4%,200,153,47
ktc,Isiah Pacheco,RB,2270,1.296,0.962,2942,2183,-25.8%,150,228,-78
ktc,Chimere Dike,WR,2264,0.853,0.887,1931,2008,+4.0%,263,253,10
ktc,Ollie Gordon,RB,2255,1.296,0.96,2922,2164,-26.0%,151,230,-79
ktc,Kaleb Johnson,RB,2246,1.296,0.958,2911,2152,-26.1%,154,233,-79
ktc,David Njoku,TE,2633,0.936,1.073,2464,2826,+14.7%,202,155,47
ktc,Jordan James,RB,2239,1.296,0.957,2902,2143,-26.1%,155,235,-80
ktc,Pat Freiermuth,TE,2633,0.936,1.073,2464,2826,+14.7%,203,156,47
ktc,Jaylen Wright,RB,2230,1.296,0.956,2890,2132,-26.2%,158,236,-78
ktc,Eli Raridon,TE,2623,0.936,1.074,2455,2816,+14.7%,205,157,48
ktc,Geno Smith,QB,2223,0.967,1.074,2150,2388,+11.1%,238,199,39
ktc,Jalen Milroe,QB,2206,0.967,1.075,2133,2373,+11.2%,241,201,40
ktc,Demond Claiborne,RB,2199,1.296,0.951,2850,2092,-26.6%,165,244,-79
ktc,Sean Tucker,RB,2185,1.296,0.949,2832,2074,-26.8%,168,246,-78
ktc,Kaelon Black,RB,2174,1.296,0.948,2818,2060,-26.9%,169,248,-79
ktc,Oscar Delp,TE,2559,0.936,1.077,2395,2757,+15.1%,209,165,44
ktc,Dalton Schultz,TE,2544,0.936,1.078,2381,2743,+15.2%,211,168,43
ktc,Jaydon Blue,RB,2152,1.296,0.944,2789,2032,-27.1%,170,251,-81
ktc,Stefon Diggs,WR,2121,0.853,0.889,1809,1885,+4.2%,274,263,11
ktc,MarShawn Lloyd,RB,2111,1.296,0.938,2736,1980,-27.6%,171,256,-85
ktc,Kyle Williams,WR,2102,0.853,0.889,1793,1868,+4.2%,278,267,11
ktc,Theo Johnson,TE,2491,0.936,1.082,2332,2694,+15.5%,214,171,43
ktc,Michael Mayer,TE,2489,0.936,1.082,2330,2692,+15.6%,215,172,43
ktc,Caleb Douglas,WR,2087,0.853,0.889,1780,1855,+4.2%,279,268,11
ktc,Anthony Richardson,QB,2082,0.967,1.086,2013,2262,+12.4%,252,219,33
ktc,Tez Johnson,WR,2069,0.853,0.889,1765,1840,+4.2%,281,269,12
ktc,Drew Allar,QB,2062,0.967,1.088,1994,2244,+12.5%,256,222,34
ktc,Kevin Coleman,WR,2058,0.853,0.889,1755,1830,+4.3%,283,270,13
ktc,Alvin Kamara,RB,2047,1.296,0.928,2653,1900,-28.4%,176,259,-83
ktc,Marvin Mims,WR,2047,0.853,0.89,1746,1821,+4.3%,285,271,14
ktc,Trey Benson,RB,2046,1.296,0.928,2652,1899,-28.4%,177,260,-83
ktc,Rashod Bateman,WR,2039,0.853,0.89,1739,1814,+4.3%,286,272,14
ktc,DJ Giddens,RB,2037,1.296,0.927,2640,1887,-28.5%,178,262,-84
ktc,LeQuint Allen,RB,2033,1.296,0.926,2635,1882,-28.6%,179,264,-85
ktc,Isaiah Bond,WR,2030,0.853,0.89,1732,1806,+4.3%,288,273,15
ktc,Jake Tonges,TE,2402,0.936,1.087,2248,2611,+16.1%,220,182,38
ktc,Ryan Flournoy,WR,2001,0.853,0.89,1707,1781,+4.4%,290,279,11
ktc,Devin Neal,RB,1960,1.296,0.914,2540,1792,-29.5%,193,277,-84
ktc,Aaron Rodgers,QB,1956,0.967,1.098,1891,2148,+13.6%,269,234,35
ktc,Cole Kmet,TE,2340,0.936,1.091,2190,2553,+16.6%,231,188,43
ktc,Jaylin Lane,WR,1953,0.853,0.891,1666,1740,+4.4%,292,284,8
ktc,Trevor Etienne,RB,1946,1.296,0.912,2522,1775,-29.6%,196,280,-84
ktc,Cyrus Allen,WR,1944,0.853,0.891,1658,1732,+4.4%,294,286,8
ktc,Ja'Tavion Sanders,TE,2329,0.936,1.092,2180,2543,+16.6%,233,190,43
ktc,Darnell Mooney,WR,1942,0.853,0.891,1657,1730,+4.4%,295,287,8
ktc,Ray Davis,RB,1937,1.296,0.911,2510,1764,-29.7%,199,281,-82
ktc,Colby Parkinson,TE,2318,0.936,1.092,2170,2532,+16.7%,234,191,43
ktc,Deshaun Watson,QB,1929,0.967,1.101,1865,2124,+13.9%,270,237,33
ktc,Dont'e Thornton,WR,1928,0.853,0.891,1645,1718,+4.5%,298,288,10
ktc,Demario Douglas,WR,1915,0.853,0.891,1633,1707,+4.5%,301,289,12
ktc,Justin Fields,QB,1914,0.967,1.103,1851,2110,+14.0%,271,240,31
ktc,Cade Klubnik,QB,1913,0.967,1.103,1850,2109,+14.0%,272,241,31
ktc,Xavier Legette,WR,1911,0.853,0.891,1630,1703,+4.5%,302,290,12
ktc,Isaiah Davis,RB,1872,1.296,0.9,2426,1685,-30.6%,208,291,-83
ktc,Kirk Cousins,QB,1869,0.967,1.107,1807,2069,+14.5%,275,247,28
ktc,Darnell Washington,TE,2253,0.936,1.097,2109,2471,+17.2%,244,194,50
ktc,Emanuel Wilson,RB,1840,1.296,0.895,2385,1646,-31.0%,210,293,-83
ktc,Jalen Royals,WR,1838,0.853,0.892,1568,1640,+4.6%,306,294,12
ktc,Justin Joly,TE,2213,0.936,1.1,2071,2433,+17.5%,248,196,52
ktc,Bryce Lance,WR,1826,0.853,0.893,1558,1630,+4.6%,307,297,10
ktc,Christian Kirk,WR,1817,0.853,0.893,1550,1622,+4.7%,309,298,11
ktc,Jalen Tolbert,WR,1804,0.853,0.893,1539,1611,+4.7%,310,299,11
ktc,Will Howard,QB,1788,0.967,1.116,1729,1995,+15.4%,289,255,34
ktc,Eli Heidenreich,RB,1776,1.296,0.884,2302,1569,-31.8%,216,302,-86
ktc,Ben Sinnott,TE,2134,0.936,1.105,1997,2358,+18.1%,255,203,52
ktc,Evan Engram,TE,2126,0.936,1.106,1990,2351,+18.1%,257,204,53
ktc,Brashard Smith,RB,1741,1.296,0.878,2256,1528,-32.3%,219,312,-93
ktc,Calvin Ridley,WR,1737,0.853,0.894,1482,1553,+4.8%,318,304,14
ktc,Brenen Thompson,WR,1730,0.853,0.894,1476,1547,+4.8%,319,305,14
ktc,Tyquan Thornton,WR,1725,0.853,0.894,1471,1542,+4.8%,320,306,14
ktc,Cedric Tillman,WR,1716,0.853,0.894,1464,1535,+4.8%,323,308,15
ktc,Luke Musgrave,TE,2091,0.936,1.108,1957,2318,+18.4%,260,206,54
ktc,Cooper Kupp,WR,1710,0.853,0.894,1459,1529,+4.8%,324,310,14
ktc,James Conner,RB,1708,1.296,0.872,2214,1489,-32.7%,226,316,-90
ktc,Zavion Thomas,WR,1699,0.853,0.895,1449,1520,+4.9%,326,313,13
ktc,Quinn Ewers,QB,1681,0.967,1.128,1626,1896,+16.6%,303,261,42
ktc,Dawson Knox,TE,2044,0.936,1.112,1913,2273,+18.8%,265,216,49
ktc,Savion Williams,WR,1666,0.853,0.895,1421,1491,+4.9%,328,315,13
ktc,Kendre Miller,RB,1657,1.296,0.863,2147,1430,-33.4%,239,325,-86
ktc,Roman Wilson,WR,1652,0.853,0.895,1409,1479,+5.0%,331,318,13
ktc,Andrei Iosivas,WR,1647,0.853,0.895,1405,1475,+5.0%,333,319,14
ktc,Treylon Burks,WR,1644,0.853,0.895,1402,1472,+5.0%,334,320,14
ktc,Jahan Dotson,WR,1641,0.853,0.895,1400,1469,+5.0%,335,321,14
ktc,Tahj Brooks,RB,1639,1.296,0.86,2124,1409,-33.7%,242,328,-86
ktc,George Holani,RB,1620,1.296,0.856,2100,1387,-33.9%,245,331,-86
ktc,Luke McCaffrey,WR,1614,0.853,0.896,1377,1446,+5.0%,337,322,15
ktc,Xavier Hutchinson,WR,1591,0.853,0.896,1357,1426,+5.1%,339,327,12
ktc,Joe Milton,QB,1579,0.967,1.14,1527,1801,+17.9%,315,274,41
ktc,Riley Leonard,QB,1570,0.967,1.141,1518,1792,+18.0%,316,276,40
ktc,Noah Gray,TE,1920,0.936,1.122,1797,2154,+19.8%,277,232,45
ktc,Jarquez Hunter,RB,1544,1.296,0.842,2001,1300,-35.0%,254,342,-88
ktc,Joshua Palmer,WR,1543,0.853,0.897,1316,1384,+5.2%,341,332,9
ktc,Darius Slayton,WR,1535,0.853,0.897,1309,1377,+5.2%,342,333,9
ktc,Chris Brooks,RB,1510,1.296,0.836,1957,1262,-35.5%,261,348,-87
ktc,Will Shipley,RB,1509,1.296,0.835,1956,1261,-35.5%,262,349,-87
ktc,Mike Gesicki,TE,1876,0.936,1.125,1756,2111,+20.2%,282,239,43
ktc,Brandon Aiyuk,WR,1502,0.853,0.898,1281,1349,+5.3%,348,335,13
ktc,Tutu Atwell,WR,1495,0.853,0.898,1275,1342,+5.3%,349,336,13
ktc,Jimmy Horn,WR,1488,0.853,0.898,1269,1336,+5.3%,350,337,13
ktc,Audric Estime,RB,1481,1.296,0.83,1919,1229,-36.0%,264,353,-89
ktc,KeAndre Lambert-Smith,WR,1474,0.853,0.898,1257,1324,+5.3%,351,338,13
ktc,Adam Randall,RB,1474,1.296,0.829,1910,1221,-36.1%,266,355,-89
ktc,Malik Davis,RB,1464,1.296,0.827,1897,1210,-36.2%,267,356,-89
ktc,Justice Hill,RB,1461,1.296,0.826,1893,1207,-36.3%,268,357,-89
ktc,Marquise Brown,WR,1460,0.853,0.899,1245,1312,+5.3%,357,340,17
ktc,Garrett Nussmeier,QB,1454,0.967,1.157,1406,1682,+19.6%,332,292,40
ktc,Tyreek Hill,WR,1428,0.853,0.899,1218,1284,+5.4%,362,343,19
ktc,Jordan Whittington,WR,1427,0.853,0.899,1217,1283,+5.4%,363,344,19
ktc,Devontez Walker,WR,1420,0.853,0.899,1211,1277,+5.4%,365,346,19
ktc,Erick All,TE,1786,0.936,1.133,1672,2024,+21.1%,291,252,39
ktc,John Metchie,WR,1407,0.853,0.9,1200,1266,+5.5%,366,347,19
ktc,Spencer Rattler,QB,1405,0.967,1.164,1359,1635,+20.4%,338,295,43
ktc,Jerome Ford,RB,1403,1.296,0.815,1818,1143,-37.1%,273,366,-93
ktc,Dyami Brown,WR,1393,0.853,0.9,1188,1253,+5.5%,368,351,17
ktc,Seth McGowan,RB,1391,1.296,0.812,1803,1130,-37.3%,276,369,-93
ktc,Noah Fant,TE,1760,0.936,1.135,1647,1998,+21.3%,297,254,43
ktc,Isaac Guerendo,RB,1373,1.296,0.809,1779,1110,-37.6%,280,371,-91
ktc,Devaughn Vele,WR,1364,0.853,0.9,1163,1228,+5.6%,374,354,20
ktc,Daniel Bellinger,TE,1721,0.936,1.139,1611,1960,+21.7%,304,257,47
ktc,Roschon Johnson,RB,1351,1.296,0.804,1751,1086,-38.0%,284,377,-93
ktc,Cade Stover,TE,1708,0.936,1.14,1599,1947,+21.8%,305,258,47
ktc,Damien Martinez,RB,1340,1.296,0.802,1737,1075,-38.1%,287,379,-92
ktc,Calvin Austin III,WR,1338,0.853,0.901,1141,1205,+5.6%,376,358,18
ktc,Tahj Washington,WR,1321,0.853,0.901,1127,1191,+5.7%,379,361,18
ktc,Ja'Lynn Polk,WR,1318,0.853,0.901,1124,1188,+5.7%,381,362,19
ktc,Konata Mumpfield,WR,1299,0.853,0.902,1108,1171,+5.7%,384,363,21
ktc,Taylen Green,QB,1297,0.967,1.18,1254,1531,+22.1%,354,309,45
ktc,Tai Felton,WR,1296,0.853,0.902,1105,1169,+5.7%,385,364,21
ktc,Tyson Bagent,QB,1295,0.967,1.181,1252,1529,+22.1%,356,311,45
ktc,Phil Mafah,RB,1283,1.296,0.79,1663,1013,-39.0%,293,391,-98
ktc,Jalin Hyatt,WR,1279,0.853,0.902,1091,1154,+5.8%,386,365,21
ktc,Jaleel McLaughlin,RB,1274,1.296,0.788,1651,1004,-39.2%,296,393,-97
ktc,Tyler Higbee,TE,1639,0.936,1.147,1534,1880,+22.5%,311,265,46
ktc,Tommy Tremble,TE,1638,0.936,1.147,1533,1879,+22.5%,312,266,46
ktc,Jameis Winston,QB,1264,0.967,1.186,1222,1499,+22.6%,361,314,47
ktc,Rasheen Ali,RB,1263,1.296,0.786,1637,992,-39.4%,299,394,-95
ktc,Ty Johnson,RB,1262,1.296,0.785,1636,991,-39.4%,300,395,-95
ktc,Deion Burks,WR,1258,0.853,0.903,1073,1135,+5.8%,388,367,21
ktc,Malachi Corley,WR,1255,0.853,0.903,1071,1133,+5.8%,389,368,21
ktc,Olamide Zaccheaus,WR,1228,0.853,0.903,1047,1109,+5.9%,391,372,19
ktc,Kameron Johnson,WR,1225,0.853,0.903,1045,1107,+5.9%,392,373,19
ktc,Jordan Watkins,WR,1214,0.853,0.904,1036,1097,+5.9%,393,374,19
ktc,Dillon Gabriel,QB,1210,0.967,1.195,1170,1446,+23.5%,371,323,48
ktc,Kendrick Bourne,WR,1202,0.853,0.904,1025,1086,+6.0%,396,376,20
ktc,Xavier Restrepo,WR,1200,0.853,0.904,1024,1085,+6.0%,397,378,19
ktc,Emari Demercado,RB,1196,1.296,0.771,1550,922,-40.5%,308,402,-94
ktc,Davis Mills,QB,1193,0.967,1.198,1154,1429,+23.9%,375,326,49
ktc,Mitchell Evans,TE,1554,0.936,1.155,1455,1795,+23.4%,325,275,50
ktc,Elijah Moore,WR,1183,0.853,0.904,1009,1070,+6.0%,400,380,20
ktc,Raheim Sanders,RB,1181,1.296,0.768,1531,907,-40.8%,313,406,-93
ktc,Devin Singletary,RB,1179,1.296,0.767,1528,905,-40.8%,314,407,-93
ktc,Michael Trigg,TE,1542,0.936,1.157,1443,1784,+23.6%,327,278,49
ktc,Trey Palmer,WR,1173,0.853,0.904,1001,1061,+6.0%,401,382,19
ktc,Tanner McKee,QB,1172,0.967,1.201,1133,1408,+24.2%,378,329,49
ktc,Donovan Edwards,RB,1169,1.296,0.765,1515,894,-41.0%,317,409,-92
ktc,Greg Dortch,WR,1165,0.853,0.905,994,1054,+6.1%,402,383,19
ktc,Keenan Allen,WR,1161,0.853,0.905,990,1050,+6.1%,403,384,19
ktc,Tyler Huntley,QB,1155,0.967,1.204,1117,1391,+24.6%,383,330,53
ktc,Elijah Higgins,TE,1510,0.936,1.16,1413,1752,+23.9%,329,282,47
ktc,Luke Schoonmaker,TE,1510,0.936,1.16,1413,1752,+23.9%,330,283,47
ktc,Jacob Cowing,WR,1136,0.853,0.905,969,1028,+6.1%,406,388,18
ktc,Efton Chism,WR,1136,0.853,0.905,969,1028,+6.1%,407,389,18
ktc,Najee Harris,RB,1133,1.296,0.757,1468,857,-41.6%,321,410,-89
ktc,Kalel Mullings,RB,1133,1.296,0.757,1468,857,-41.6%,322,411,-89
ktc,Gardner Minshew,QB,1128,0.967,1.209,1091,1364,+25.1%,387,334,53
ktc,KaVontae Turpin,WR,1127,0.853,0.906,961,1021,+6.2%,409,390,19
ktc,Charlie Kolar,TE,1492,0.936,1.162,1397,1734,+24.1%,336,285,51
ktc,CJ Daniels,WR,1112,0.853,0.906,949,1007,+6.2%,411,392,19
ktc,Will Levis,QB,1086,0.967,1.217,1050,1322,+25.9%,390,339,51
ktc,Jonathan Mingo,WR,1079,0.853,0.907,920,978,+6.3%,413,396,17
ktc,Mack Hollins,WR,1077,0.853,0.907,919,977,+6.3%,414,397,17
ktc,Nick Westbrook-Ikhine,WR,1070,0.853,0.907,913,970,+6.3%,415,398,17
ktc,Gabriel Davis,WR,1068,0.853,0.907,911,969,+6.3%,416,399,17
ktc,Marcus Mariota,QB,1066,0.967,1.221,1031,1302,+26.3%,395,341,54
ktc,Trey Lance,QB,1045,0.967,1.226,1011,1281,+26.8%,399,345,54
ktc,David Bell,WR,1032,0.853,0.908,880,937,+6.4%,419,400,19
ktc,Isaiah Hodgins,WR,1027,0.853,0.908,876,933,+6.5%,420,401,19
ktc,Tyler Goodson,RB,1027,1.296,0.732,1331,751,-43.6%,340,421,-81
ktc,Brevin Jordan,TE,1392,0.936,1.173,1303,1633,+25.4%,345,296,49
ktc,Kenny Pickett,QB,1019,0.967,1.231,985,1255,+27.3%,404,350,54
ktc,Tyrell Shavers,WR,1015,0.853,0.908,866,922,+6.5%,421,403,18
ktc,Israel Abanikanda,RB,1008,1.296,0.727,1306,733,-43.9%,343,423,-80
ktc,Javon Baker,WR,1008,0.853,0.909,860,916,+6.5%,422,404,18
ktc,Dameon Pierce,RB,1006,1.296,0.726,1304,731,-44.0%,344,424,-80
ktc,Bam Knight,RB,1002,1.296,0.725,1299,727,-44.0%,346,425,-79
ktc,Tyler Badie,RB,999,1.296,0.725,1295,724,-44.1%,347,426,-79
ktc,Sam Howell,QB,999,0.967,1.235,966,1234,+27.8%,408,352,56
ktc,Tyler Scott,WR,998,0.853,0.909,851,907,+6.6%,425,405,20
ktc,Jake Bobo,WR,986,0.853,0.909,841,896,+6.6%,426,408,18
ktc,Sam Roush,TE,1340,0.936,1.18,1254,1581,+26.0%,353,300,53
ktc,J'Mari Taylor,RB,970,1.296,0.717,1257,696,-44.7%,352,430,-78
ktc,Michael Carter,RB,967,1.296,0.717,1253,693,-44.7%,355,431,-76
ktc,Jared Wiley,TE,1330,0.936,1.181,1245,1570,+26.2%,358,301,57
ktc,Joe Flacco,QB,960,0.967,1.244,928,1194,+28.7%,412,360,52
ktc,Davis Allen,TE,1325,0.936,1.181,1240,1565,+26.2%,359,303,56
ktc,Sione Vaki,RB,946,1.296,0.711,1226,673,-45.1%,360,433,-73
ktc,Brock Wright,TE,1295,0.936,1.185,1212,1535,+26.6%,364,307,57
ktc,Brenden Rice,WR,927,0.853,0.911,791,844,+6.8%,431,412,19
ktc,Barion Brown,WR,921,0.853,0.911,786,839,+6.8%,432,413,19
ktc,Mason Tipton,WR,920,0.853,0.911,785,838,+6.8%,433,414,19
ktc,Frank Gore Jr.,RB,919,1.296,0.704,1191,647,-45.7%,367,436,-69
ktc,Kendall Milton,RB,916,1.296,0.703,1187,644,-45.7%,369,437,-68
ktc,Xavier Gipson,WR,911,0.853,0.911,777,830,+6.8%,436,415,21
ktc,Le'Veon Moss,RB,905,1.296,0.7,1173,634,-46.0%,370,438,-68
ktc,Arian Smith,WR,903,0.853,0.912,770,823,+6.9%,438,416,22
ktc,Kenny McIntosh,RB,899,1.296,0.699,1165,628,-46.1%,373,440,-67
ktc,Bo Melton,WR,888,0.853,0.912,757,810,+6.9%,439,417,22
ktc,Zach Wilson,QB,882,0.967,1.263,853,1114,+30.6%,424,370,54
ktc,Matthew Hibner,TE,1247,0.936,1.192,1167,1486,+27.3%,372,317,55
ktc,Jam Miller,RB,876,1.296,0.693,1135,607,-46.6%,377,441,-64
ktc,Skyy Moore,WR,870,0.853,0.913,742,794,+7.0%,440,418,22
ktc,Hassan Haskins,RB,869,1.296,0.691,1126,600,-46.7%,380,442,-62
ktc,Drew Lock,QB,857,0.967,1.269,829,1088,+31.2%,427,375,52
ktc,Lil'Jordan Humphrey,WR,854,0.853,0.913,728,780,+7.1%,441,419,22
ktc,Cole Payton,QB,836,0.967,1.275,808,1066,+31.8%,429,381,48
ktc,Jonnu Smith,TE,1194,0.936,1.199,1118,1431,+28.1%,382,324,58
ktc,Jamari Thrash,WR,824,0.853,0.914,703,753,+7.2%,444,420,24
ktc,Jawhar Jordan,RB,796,1.296,0.67,1032,533,-48.3%,394,448,-54
ktc,Alexander Mattison,RB,783,1.296,0.666,1015,522,-48.6%,398,449,-51
ktc,Demarcus Robinson,WR,779,0.853,0.916,664,713,+7.3%,445,427,18
ktc,Malik Benson,WR,770,0.853,0.916,657,705,+7.4%,446,428,18
ktc,Johnny Wilson,WR,763,0.853,0.916,651,699,+7.4%,447,429,18
ktc,Samaje Perine,RB,758,1.296,0.659,982,499,-49.2%,405,451,-46
ktc,Elijah Mitchell,RB,739,1.296,0.653,958,483,-49.6%,410,452,-42
ktc,Bub Means,WR,686,0.853,0.919,585,631,+7.8%,449,439,10
ktc,Zavier Scott,RB,685,1.296,0.636,888,436,-50.9%,418,458,-40
ktc,Jeremy McNichols,RB,659,1.296,0.628,854,414,-51.6%,423,459,-36
ktc,Ty Chandler,RB,638,1.296,0.621,827,396,-52.1%,428,460,-32
ktc,Ainias Smith,WR,638,0.853,0.921,544,588,+8.0%,450,443,7
ktc,Derius Davis,WR,633,0.853,0.921,540,583,+8.0%,451,444,7
ktc,Colbie Young,WR,627,0.853,0.922,535,578,+8.0%,452,445,7
ktc,Malik Heath,WR,625,0.853,0.922,533,576,+8.1%,453,446,7
ktc,Terrell Jennings,RB,622,1.296,0.615,806,383,-52.5%,430,461,-31
ktc,Jack Endries,TE,972,0.936,1.234,910,1199,+31.8%,417,359,58
ktc,LaJohntay Wester,WR,592,0.853,0.923,505,547,+8.2%,455,447,8
ktc,AJ Dillon,RB,556,1.296,0.592,721,329,-54.3%,442,462,-20
ktc,Dylan Laube,RB,546,1.296,0.588,708,321,-54.6%,443,463,-20
ktc,Kyle McCord,QB,542,0.967,1.375,524,745,+42.2%,454,422,32
ktc,Tyler Johnson,WR,540,0.853,0.926,461,500,+8.5%,457,450,7
ktc,Mecole Hardman,WR,493,0.853,0.928,421,458,+8.8%,460,453,7
ktc,Tyrod Taylor,QB,490,0.967,1.399,474,686,+44.7%,456,432,24
ktc,Tyler Conklin,TE,831,0.936,1.261,778,1048,+34.7%,435,386,49
ktc,Thomas Fidone,TE,832,0.936,1.261,779,1049,+34.7%,434,385,49
ktc,Zay Jones,WR,485,0.853,0.929,414,450,+8.9%,461,454,7
ktc,Adam Trautman,TE,825,0.936,1.262,772,1042,+34.9%,437,387,50
ktc,Nathan Carter,RB,478,1.296,0.562,619,269,-56.6%,448,464,-16
ktc,Tylan Wallace,WR,477,0.853,0.929,407,443,+8.9%,462,455,7
ktc,Josh Reynolds,WR,476,0.853,0.929,406,442,+8.9%,463,456,7
ktc,Noah Brown,WR,475,0.853,0.929,405,441,+9.0%,464,457,7
ktc,Luke Altmyer,QB,475,0.967,1.407,459,668,+45.5%,458,434,24
ktc,Mason Rudolph,QB,474,0.967,1.408,458,667,+45.6%,459,435,24
comp,Bijan Robinson,RB,9669,1.367,1.455,13218,14064,+6.4%,2,2,0
comp,Ja'Marr Chase,WR,9962,0.869,0.741,8657,7379,-14.8%,9,20,-11
comp,Jahmyr Gibbs,RB,9999,1.367,1.46,13669,14603,+6.8%,1,1,0
comp,Josh Allen,QB,9987,0.936,1.014,9348,10131,+8.4%,6,5,1
comp,Jaxon Smith-Njigba,WR,8913,0.869,0.76,7745,6777,-12.5%,17,27,-10
comp,Drake Maye,QB,8223,0.936,0.981,7697,8066,+4.8%,18,13,5
comp,Brock Bowers,TE,8991,0.899,0.918,8083,8251,+2.1%,13,12,1
comp,Puka Nacua,WR,9462,0.869,0.75,8222,7094,-13.7%,12,25,-13
comp,Trey McBride,TE,8362,0.899,0.922,7517,7706,+2.5%,20,17,3
comp,Amon-Ra St. Brown,WR,8003,0.869,0.78,6955,6241,-10.3%,27,33,-6
comp,Caleb Williams,QB,7484,0.936,0.965,7005,7222,+3.1%,26,22,4
comp,Lamar Jackson,QB,9129,0.936,0.999,8545,9118,+6.7%,10,8,2
comp,Ashton Jeanty,RB,7329,1.367,1.407,10019,10309,+2.9%,4,4,0
comp,Justin Jefferson,WR,7381,0.869,0.795,6414,5867,-8.5%,33,40,-7
comp,Jayden Daniels,QB,7984,0.936,0.976,7473,7792,+4.3%,22,16,6
comp,Jeremiyah Love,RB,5427,1.367,1.356,7419,7361,-0.8%,23,21,2
comp,Joe Burrow,QB,8538,0.936,0.987,7992,8429,+5.5%,14,10,4
comp,Malik Nabers,WR,5776,0.869,0.842,5019,4863,-3.1%,61,62,-1
comp,CeeDee Lamb,WR,7869,0.869,0.783,6838,6161,-9.9%,30,35,-5
comp,Justin Herbert,QB,6503,0.936,0.942,6087,6125,+0.6%,39,36,3
comp,Omarion Hampton,RB,6104,1.367,1.376,8344,8398,+0.6%,11,11,0
comp,Colston Loveland,TE,6913,0.899,0.932,6215,6443,+3.7%,38,31,7
comp,Drake London,WR,7283,0.869,0.797,6329,5807,-8.2%,36,42,-6
comp,De'Von Achane,RB,5824,1.367,1.368,7961,7967,+0.1%,15,14,1
comp,Tyler Warren,TE,6524,0.899,0.935,5865,6101,+4.0%,43,37,6
comp,Tetairoa McMillan,WR,5375,0.869,0.856,4671,4603,-1.5%,71,71,0
comp,Patrick Mahomes,QB,5768,0.936,0.923,5399,5321,-1.4%,52,50,2
comp,Emeka Egbuka,WR,5120,0.869,0.866,4449,4435,-0.3%,79,77,2
comp,Jaxson Dart,QB,6193,0.936,0.934,5797,5784,-0.2%,45,43,2
comp,Trevor Lawrence,QB,6476,0.936,0.941,6062,6095,+0.6%,41,38,3
comp,Jalen Hurts,QB,7391,0.936,0.963,6918,7117,+2.9%,28,24,4
comp,Jonathan Taylor,RB,7806,1.367,1.417,10671,11064,+3.7%,3,3,0
comp,James Cook,RB,6640,1.367,1.39,9077,9229,+1.7%,7,7,0
comp,George Pickens,WR,6578,0.869,0.817,5716,5372,-6.0%,49,49,0
comp,Bo Nix,QB,5399,0.936,0.912,5053,4924,-2.6%,58,58,0
comp,Carnell Tate,WR,4470,0.869,0.894,3884,3997,+2.9%,97,92,5
comp,Brock Purdy,QB,5627,0.936,0.919,5267,5169,-1.9%,54,54,0
comp,Kenneth Walker III,RB,5741,1.367,1.366,7848,7840,-0.1%,16,15,1
comp,Ladd McConkey,WR,5615,0.869,0.848,4879,4759,-2.5%,65,66,-1
comp,Tucker Kraft,TE,5563,0.899,0.944,5001,5252,+5.0%,62,52,10
comp,Chris Olave,WR,5814,0.869,0.841,5052,4888,-3.3%,59,60,-1
comp,Nico Collins,WR,6658,0.869,0.814,5786,5422,-6.3%,46,48,-2
comp,Quinshon Judkins,RB,3778,1.367,1.298,5165,4905,-5.0%,55,59,-4
comp,Garrett Wilson,WR,5462,0.869,0.853,4746,4660,-1.8%,69,68,1
comp,Luther Burden,WR,5294,0.869,0.859,4600,4550,-1.1%,74,73,1
comp,DeVonta Smith,WR,6275,0.869,0.826,5453,5181,-5.0%,51,53,-2
comp,Jordan Love,QB,4943,0.936,0.898,4627,4440,-4.0%,72,76,-4
comp,Fernando Mendoza,QB,3273,0.936,0.836,3064,2737,-10.6%,127,142,-15
comp,Harold Fannin,TE,5303,0.899,0.947,4767,5020,+5.3%,68,56,12
comp,TreVeyon Henderson,RB,4319,1.367,1.319,5904,5699,-3.5%,42,44,-2
comp,Chase Brown,RB,5609,1.367,1.362,7668,7638,-0.4%,19,18,1
comp,Jordyn Tyson,WR,4206,0.869,0.907,3655,3815,+4.4%,102,96,6
comp,Christian McCaffrey,RB,7112,1.367,1.401,9722,9967,+2.5%,5,6,-1
comp,Breece Hall,RB,5308,1.367,1.353,7256,7180,-1.0%,24,23,1
comp,Rome Odunze,WR,4808,0.869,0.879,4178,4226,+1.2%,90,86,4
comp,Cam Ward,QB,3884,0.936,0.862,3635,3346,-8.0%,104,117,-13
comp,Sam LaPorta,TE,4936,0.899,0.951,4437,4693,+5.8%,80,67,13
comp,Saquon Barkley,RB,6408,1.367,1.384,8760,8868,+1.2%,8,9,-1
comp,A.J. Brown,WR,6989,0.869,0.805,6073,5627,-7.4%,40,45,-5
comp,Makai Lemon,WR,4044,0.869,0.916,3514,3702,+5.4%,108,101,7
comp,Zay Flowers,WR,5789,0.869,0.842,5031,4872,-3.2%,60,61,-1
comp,Kyle Pitts,TE,5085,0.899,0.949,4571,4826,+5.6%,75,63,12
comp,Kyren Williams,RB,5011,1.367,1.343,6850,6732,-1.7%,29,28,1
comp,Rashee Rice,WR,6142,0.869,0.83,5337,5097,-4.5%,53,55,-2
comp,Tee Higgins,WR,5705,0.869,0.844,4958,4817,-2.8%,63,64,-1
comp,Jaylen Waddle,WR,5181,0.869,0.864,4502,4475,-0.6%,77,74,3
comp,Dak Prescott,QB,6797,0.936,0.949,6362,6451,+1.4%,35,30,5
comp,Brian Thomas Jr.,WR,4227,0.869,0.906,3673,3830,+4.3%,100,95,5
comp,Jadarian Price,RB,3716,1.367,1.296,5080,4815,-5.2%,57,65,-8
comp,Tyler Shough,QB,4711,0.936,0.891,4409,4196,-4.8%,82,88,-6
comp,Marvin Harrison Jr.,WR,4120,0.869,0.912,3580,3756,+4.9%,105,99,6
comp,Jameson Williams,WR,5061,0.869,0.869,4398,4396,-0.1%,84,80,4
comp,Cam Skattebo,RB,4667,1.367,1.332,6380,6216,-2.6%,34,34,0
comp,Bucky Irving,RB,4213,1.367,1.315,5759,5542,-3.8%,47,46,1
comp,Jared Goff,QB,5469,0.936,0.914,5119,4999,-2.3%,56,57,-1
comp,Baker Mayfield,QB,4792,0.936,0.893,4485,4281,-4.6%,78,83,-5
comp,C.J. Stroud,QB,4151,0.936,0.871,3885,3618,-6.9%,96,105,-9
comp,Javonte Williams,RB,4885,1.367,1.339,6678,6542,-2.0%,31,29,2
comp,Kenyon Sadiq,TE,2916,0.899,0.981,2621,2860,+9.1%,142,136,6
comp,Travis Etienne,RB,5166,1.367,1.348,7062,6965,-1.4%,25,26,-1
comp,Sam Darnold,QB,4313,0.936,0.877,4037,3784,-6.3%,93,97,-4
comp,KC Concepcion,WR,2793,0.869,0.999,2427,2789,+14.9%,149,138,11
comp,Bhayshul Tuten,RB,4042,1.367,1.309,5525,5290,-4.3%,50,51,-1
comp,Derrick Henry,RB,5494,1.367,1.358,7510,7463,-0.6%,21,19,2
comp,Josh Jacobs,RB,4771,1.367,1.335,6522,6371,-2.3%,32,32,0
comp,Oronde Gadsden,TE,3200,0.899,0.975,2877,3121,+8.5%,132,128,4
comp,Bryce Young,QB,3732,0.936,0.856,3493,3193,-8.6%,110,125,-15
comp,Kyler Murray,QB,5123,0.936,0.904,4795,4630,-3.4%,67,70,-3
comp,Daniel Jones,QB,3909,0.936,0.862,3659,3371,-7.9%,101,116,-15
comp,Christian Watson,WR,4774,0.869,0.881,4149,4204,+1.3%,91,87,4
comp,Jordan Addison,WR,3539,0.869,0.945,3075,3343,+8.7%,126,118,8
comp,Alec Pierce,WR,3645,0.869,0.938,3168,3420,+8.0%,122,114,8
comp,Matthew Stafford,QB,6264,0.936,0.936,5863,5862,-0.0%,44,41,3
comp,Isaiah Likely,TE,3795,0.899,0.966,3412,3664,+7.4%,111,103,8
comp,George Kittle,TE,4327,0.899,0.958,3890,4146,+6.6%,95,89,6
comp,Eli Stowers,TE,1868,0.899,1.007,1679,1881,+12.0%,181,174,7
comp,Parker Washington,WR,3863,0.869,0.925,3357,3575,+6.5%,115,107,8
comp,Malik Willis,QB,4629,0.936,0.888,4333,4111,-5.1%,87,90,-3
comp,Michael Wilson,WR,3345,0.869,0.957,2907,3202,+10.2%,131,124,7
comp,D'Andre Swift,RB,4202,1.367,1.315,5744,5526,-3.8%,48,47,1
comp,Jake Ferguson,TE,3772,0.899,0.966,3391,3643,+7.4%,113,104,9
comp,Dalton Kincaid,TE,3908,0.899,0.964,3513,3767,+7.2%,109,98,11
comp,Jonathon Brooks,RB,2666,1.367,1.245,3644,3318,-9.0%,103,119,-16
comp,D.J. Moore,WR,4824,0.869,0.878,4192,4237,+1.1%,88,85,3
comp,Josh Downs,WR,3377,0.869,0.955,2935,3226,+9.9%,129,122,7
comp,Terry McLaurin,WR,5062,0.869,0.868,4399,4396,-0.1%,83,79,4
comp,Matthew Golden,WR,2865,0.869,0.993,2490,2844,+14.2%,147,137,10
comp,Kyle Monangai,RB,3058,1.367,1.265,4180,3870,-7.4%,89,94,-5
comp,Omar Cooper Jr.,WR,1980,0.869,1.083,1721,2144,+24.6%,178,164,14
comp,Brenton Strange,TE,2969,0.899,0.98,2669,2909,+9.0%,140,135,5
comp,Quentin Johnston,WR,3726,0.869,0.933,3238,3478,+7.4%,119,111,8
comp,DK Metcalf,WR,3877,0.869,0.925,3369,3585,+6.4%,114,106,8
comp,Blake Corum,RB,2919,1.367,1.258,3990,3673,-7.9%,94,102,-8
comp,David Montgomery,RB,4554,1.367,1.328,6225,6047,-2.9%,37,39,-2
comp,Ty Simpson,QB,373,0.936,0.574,349,214,-38.6%,354,444,-90
comp,Wan'Dale Robinson,WR,2493,0.869,1.026,2166,2557,+18.0%,159,146,13
comp,Davante Adams,WR,4995,0.869,0.871,4341,4352,+0.3%,86,81,5
comp,RJ Harvey,RB,3341,1.367,1.279,4567,4273,-6.4%,76,84,-8
comp,Denzel Boston,WR,1530,0.869,1.15,1330,1760,+32.4%,200,184,16
comp,Jayden Higgins,WR,2666,0.869,1.01,2317,2692,+16.2%,155,143,12
comp,Zach Charbonnet,RB,1498,1.367,1.161,2048,1739,-15.1%,166,185,-19
comp,Travis Hunter,WR,1482,0.869,1.159,1288,1718,+33.4%,204,187,17
comp,Michael Pittman,WR,3244,0.869,0.964,2819,3128,+11.0%,136,127,9
comp,Jayden Reed,WR,3661,0.869,0.937,3181,3431,+7.8%,121,113,8
comp,Mike Evans,WR,5095,0.869,0.867,4428,4418,-0.2%,81,78,3
comp,Xavier Worthy,WR,3372,0.869,0.955,2930,3222,+10.0%,130,123,7
comp,Jaylen Warren,RB,3549,1.367,1.288,4851,4573,-5.7%,66,72,-6
comp,AJ Barner,TE,2396,0.899,0.992,2154,2377,+10.4%,161,153,8
comp,Chigoziem Okonkwo,TE,3318,0.899,0.973,2983,3229,+8.3%,128,121,7
comp,Jalen Coker,WR,2386,0.869,1.036,2073,2473,+19.3%,165,150,15
comp,Mark Andrews,TE,3544,0.899,0.969,3186,3436,+7.8%,120,112,8
comp,Chuba Hubbard,RB,3590,1.367,1.29,4908,4632,-5.6%,64,69,-5
comp,Terrance Ferguson,TE,1815,0.899,1.009,1632,1830,+12.2%,184,177,7
comp,De'Zhaun Stribling,WR,1285,0.869,1.199,1117,1540,+37.9%,213,193,20
comp,Jonah Coleman,RB,1844,1.367,1.19,2521,2195,-12.9%,145,160,-15
comp,Rico Dowdle,RB,3217,1.367,1.273,4398,4096,-6.9%,85,91,-6
comp,Courtland Sutton,WR,3794,0.869,0.929,3297,3526,+6.9%,116,108,8
comp,T.J. Hockenson,TE,2688,0.899,0.985,2417,2649,+9.6%,150,144,6
comp,Gunnar Helm,TE,2417,0.899,0.992,2173,2397,+10.3%,158,152,6
comp,Dallas Goedert,TE,3631,0.899,0.968,3264,3515,+7.7%,117,109,8
comp,Travis Kelce,TE,4121,0.899,0.961,3705,3960,+6.9%,99,93,6
comp,Rhamondre Stevenson,RB,3461,1.367,1.285,4731,4446,-6.0%,70,75,-5
comp,Jalen McMillan,WR,2108,0.869,1.067,1832,2249,+22.8%,175,158,17
comp,Antonio Williams,WR,1381,0.869,1.179,1200,1628,+35.6%,210,189,21
comp,Jacory Croskey-Merritt,RB,2374,1.367,1.227,3245,2913,-10.2%,118,134,-16
comp,Ricky Pearsall,WR,3228,0.869,0.965,2805,3116,+11.1%,137,129,8
comp,Romeo Doubs,WR,3018,0.869,0.981,2623,2960,+12.9%,141,133,8
comp,J.K. Dobbins,RB,2790,1.367,1.251,3814,3492,-8.5%,98,110,-12
comp,Jakobi Meyers,WR,3141,0.869,0.972,2730,3052,+11.8%,138,132,6
comp,Chris Bell,WR,612,0.869,1.427,532,873,+64.2%,286,246,40
comp,Kenneth Gainwell,RB,2971,1.367,1.261,4061,3746,-7.8%,92,100,-8
comp,Chris Godwin,WR,3587,0.869,0.942,3117,3378,+8.4%,123,115,8
comp,Germie Bernard,WR,1045,0.869,1.258,908,1315,+44.8%,235,206,29
comp,Elijah Arroyo,TE,960,0.899,1.047,863,1005,+16.5%,241,234,7
comp,Nicholas Singleton,RB,1089,1.367,1.117,1489,1216,-18.3%,190,213,-23
comp,Khalil Shakir,WR,2482,0.869,1.027,2157,2549,+18.2%,160,147,13
comp,Michael Penix Jr.,QB,2299,0.936,0.787,2152,1809,-15.9%,162,179,-17
comp,Tony Pollard,RB,3379,1.367,1.281,4619,4328,-6.3%,73,82,-9
comp,Rashid Shaheed,WR,2208,0.869,1.055,1919,2330,+21.5%,171,155,16
comp,Rachaad White,RB,2615,1.367,1.242,3575,3247,-9.2%,106,120,-14
comp,Hunter Henry,TE,2789,0.899,0.983,2507,2742,+9.4%,146,141,5
comp,Isaac TeSlaa,WR,1369,0.869,1.181,1190,1617,+35.9%,211,190,21
comp,Juwan Johnson,TE,3156,0.899,0.976,2837,3081,+8.6%,134,131,3
comp,Woody Marks,RB,1910,1.367,1.195,2611,2283,-12.6%,143,156,-13
comp,Mason Taylor,TE,1346,0.899,1.026,1210,1382,+14.2%,208,203,5
comp,Greg Dulcich,TE,2200,0.899,0.997,1978,2194,+10.9%,170,161,9
comp,Dylan Sampson,RB,1522,1.367,1.163,2081,1770,-14.9%,164,181,-17
comp,Zachariah Branch,WR,1208,0.869,1.216,1050,1469,+39.9%,221,197,24
comp,Jordan Mason,RB,2272,1.367,1.221,3106,2774,-10.7%,124,139,-15
comp,Tyler Allgeier,RB,1717,1.367,1.18,2347,2026,-13.7%,154,171,-17
comp,Max Klare,TE,623,0.899,1.074,560,669,+19.5%,277,277,0
comp,Cade Otton,TE,2221,0.899,0.997,1997,2213,+10.9%,169,159,10
comp,Tua Tagovailoa,QB,2579,0.936,0.803,2414,2070,-14.3%,151,168,-17
comp,Pat Freiermuth,TE,2035,0.899,1.002,1829,2039,+11.4%,176,169,7
comp,Jaylin Noel,WR,742,0.869,1.364,645,1012,+56.9%,265,232,33
comp,Tre Harris,WR,1657,0.869,1.129,1440,1871,+29.9%,194,175,19
comp,Mac Jones,QB,563,0.936,0.617,527,347,-34.1%,288,400,-112
comp,Shedeur Sanders,QB,2360,0.936,0.79,2209,1865,-15.6%,157,176,-19
comp,Adonai Mitchell,WR,1224,0.869,1.212,1064,1484,+39.5%,219,195,24
comp,Elijah Sarratt,WR,738,0.869,1.365,641,1008,+57.1%,268,233,35
comp,Tyrone Tracy,RB,2085,1.367,1.208,2850,2519,-11.6%,133,148,-15
comp,Chris Rodriguez,RB,2259,1.367,1.22,3088,2756,-10.8%,125,140,-15
comp,Jacoby Brissett,QB,2864,0.936,0.817,2681,2341,-12.7%,139,154,-15
comp,J.J. McCarthy,QB,1388,0.936,0.721,1299,1001,-23.0%,203,235,-32
comp,Eli Raridon,TE,1070,0.899,1.04,962,1113,+15.7%,230,224,6
comp,David Njoku,TE,2134,0.899,0.999,1918,2132,+11.1%,172,165,7
comp,Tank Dell,WR,1064,0.869,1.253,925,1333,+44.2%,232,204,28
comp,Malachi Fields,WR,574,0.869,1.449,499,831,+66.7%,295,254,41
comp,Tank Bigsby,RB,1388,1.367,1.15,1897,1596,-15.9%,173,191,-18
comp,Ted Hurst,WR,1148,0.869,1.231,998,1413,+41.6%,227,200,27
comp,Jalen Nailor,WR,1991,0.869,1.081,1730,2153,+24.4%,177,162,15
comp,Tory Horton,WR,618,0.869,1.424,537,880,+63.8%,284,244,40
comp,Keaton Mitchell,RB,2065,1.367,1.207,2823,2492,-11.7%,135,149,-14
comp,Kayshon Boutte,WR,756,0.869,1.358,657,1026,+56.2%,262,230,32
comp,Tyjae Spears,RB,1655,1.367,1.175,2262,1944,-14.1%,156,173,-17
comp,Braelon Allen,RB,971,1.367,1.101,1327,1069,-19.4%,201,226,-25
comp,Malik Washington,WR,987,0.869,1.275,858,1259,+46.8%,242,211,31
comp,Dalton Schultz,TE,2649,0.899,0.986,2381,2613,+9.7%,152,145,7
comp,Oscar Delp,TE,922,0.899,1.05,829,968,+16.8%,245,239,6
comp,Carson Beck,QB,1034,0.936,0.685,968,709,-26.8%,229,270,-41
comp,Troy Franklin,WR,829,0.869,1.329,720,1101,+52.9%,256,225,31
comp,Tre Tucker,WR,1819,0.869,1.105,1581,2009,+27.1%,187,172,15
comp,Michael Mayer,TE,1232,0.899,1.032,1108,1271,+14.8%,216,209,7
comp,Jerry Jeudy,WR,1209,0.869,1.216,1051,1470,+39.9%,220,196,24
comp,Pat Bryant,WR,887,0.869,1.308,771,1160,+50.5%,249,220,29
comp,Kaytron Allen,RB,1087,1.367,1.117,1486,1214,-18.3%,191,214,-23
comp,Theo Johnson,TE,1149,0.899,1.036,1033,1190,+15.3%,222,217,5
comp,Dontayvion Wicks,WR,878,0.869,1.311,763,1151,+50.8%,250,222,28
comp,Jake Tonges,TE,1756,0.899,1.01,1579,1774,+12.4%,188,180,8
comp,Emmett Johnson,RB,1242,1.367,1.135,1698,1409,-17.0%,179,201,-22
comp,Elic Ayomanor,WR,372,0.869,1.604,323,597,+84.6%,362,293,69
comp,Ja'Kobi Lane,WR,411,0.869,1.567,357,644,+80.3%,344,281,63
comp,Skyler Bell,WR,347,0.869,1.63,302,566,+87.6%,379,300,79
comp,Jauan Jennings,WR,1942,0.869,1.088,1688,2112,+25.2%,180,166,14
comp,Jack Bech,WR,517,0.869,1.485,449,768,+70.8%,310,262,48
comp,Keon Coleman,WR,598,0.869,1.435,520,858,+65.1%,289,248,41
comp,Brian Robinson,RB,1482,1.367,1.159,2026,1718,-15.2%,168,186,-18
comp,Chris Brazzell II,WR,692,0.869,1.386,601,959,+59.5%,271,241,30
comp,Cole Kmet,TE,717,0.899,1.065,645,764,+18.5%,266,263,3
comp,Aaron Jones,RB,2573,1.367,1.239,3517,3189,-9.3%,107,126,-19
comp,Ja'Tavion Sanders,TE,1023,0.899,1.043,920,1067,+16.0%,233,227,6
comp,Colby Parkinson,TE,1807,0.899,1.009,1624,1823,+12.2%,185,178,7
comp,Mike Washington Jr.,RB,1060,1.367,1.113,1449,1180,-18.6%,193,218,-25
comp,Darnell Washington,TE,1418,0.899,1.023,1275,1451,+13.8%,205,198,7
comp,Kaleb Johnson,RB,285,1.367,0.95,390,271,-30.5%,328,422,-94
comp,Chimere Dike,WR,574,0.869,1.449,499,831,+66.7%,296,255,41
comp,Sean Tucker,RB,1343,1.367,1.146,1836,1538,-16.2%,174,194,-20
comp,Jordan James,RB,883,1.367,1.089,1207,961,-20.3%,209,240,-31
comp,Ollie Gordon,RB,402,1.367,0.99,550,398,-27.6%,280,373,-93
comp,Isiah Pacheco,RB,1811,1.367,1.188,2476,2151,-13.1%,148,163,-15
comp,Justin Joly,TE,821,0.899,1.057,738,868,+17.6%,253,247,6
comp,Jalen Milroe,QB,1082,0.936,0.691,1013,747,-26.2%,225,265,-40
comp,Jaylen Wright,RB,679,1.367,1.055,928,716,-22.8%,231,268,-37
comp,Geno Smith,QB,2784,0.936,0.813,2606,2264,-13.1%,144,157,-13
comp,Kimani Vidal,RB,815,1.367,1.078,1114,879,-21.1%,214,245,-31
comp,Ben Sinnott,TE,759,0.899,1.062,682,806,+18.1%,260,256,4
comp,Demond Claiborne,RB,895,1.367,1.091,1223,976,-20.2%,207,238,-31
comp,Anthony Richardson,QB,688,0.936,0.639,644,439,-31.8%,267,357,-90
comp,MarShawn Lloyd,RB,951,1.367,1.099,1300,1045,-19.6%,202,229,-27
comp,Evan Engram,TE,1639,0.899,1.015,1473,1663,+12.9%,192,188,4
comp,Stefon Diggs,WR,2342,0.869,1.041,2035,2438,+19.8%,167,151,16
comp,Jaydon Blue,RB,1007,1.367,1.106,1377,1114,-19.1%,197,223,-26
comp,Kyle Williams,WR,261,0.869,1.743,227,455,+100.6%,420,337,83
comp,Luke Musgrave,TE,803,0.899,1.058,722,850,+17.7%,255,250,5
comp,Kaelon Black,RB,792,1.367,1.075,1083,851,-21.4%,218,249,-31
comp,Caleb Douglas,WR,408,0.869,1.57,355,640,+80.6%,345,282,63
comp,Trey Benson,RB,303,1.367,0.957,414,290,-30.0%,322,419,-97
comp,Alvin Kamara,RB,1224,1.367,1.133,1673,1386,-17.1%,182,202,-20
comp,Tez Johnson,WR,255,0.869,1.753,222,447,+101.7%,433,351,82
comp,LeQuint Allen,RB,532,1.367,1.024,727,545,-25.1%,254,305,-51
comp,Isaiah Bond,WR,312,0.869,1.672,271,522,+92.4%,395,313,82
comp,Kevin Coleman,WR,358,0.869,1.619,311,579,+86.2%,372,296,76
comp,Deebo Samuel,WR,1541,0.869,1.149,1339,1770,+32.2%,199,182,17
comp,Drew Allar,QB,333,0.936,0.563,312,188,-39.8%,371,453,-82
comp,Marvin Mims,WR,266,0.869,1.736,231,462,+99.7%,419,335,84
comp,Dawson Knox,TE,938,0.899,1.049,843,984,+16.6%,243,237,6
comp,DJ Giddens,RB,428,1.367,0.997,585,427,-27.0%,273,365,-92
comp,Rashod Bateman,WR,722,0.869,1.373,627,991,+57.9%,269,236,33
comp,Ryan Flournoy,WR,1920,0.869,1.091,1668,2094,+25.5%,183,167,16
comp,Justin Fields,QB,937,0.936,0.674,877,631,-28.0%,240,286,-46
comp,Darnell Mooney,WR,1026,0.869,1.264,892,1297,+45.4%,237,207,30
comp,Deshaun Watson,QB,2537,0.936,0.8,2375,2030,-14.5%,153,170,-17
comp,Trevor Etienne,RB,355,1.367,0.975,485,346,-28.7%,302,401,-99
comp,Jaylin Lane,WR,290,0.869,1.701,252,493,+95.7%,405,323,82
comp,Cade Klubnik,QB,526,0.936,0.61,492,321,-34.9%,300,411,-111
comp,Noah Gray,TE,499,0.899,1.088,449,543,+21.1%,311,307,4
comp,Ray Davis,RB,1043,1.367,1.111,1426,1159,-18.7%,195,221,-26
comp,Dont'e Thornton,WR,312,0.869,1.672,271,522,+92.4%,396,314,82
comp,Devin Neal,RB,285,1.367,0.95,390,271,-30.5%,329,423,-94
comp,Aaron Rodgers,QB,3634,0.936,0.852,3401,3095,-9.0%,112,130,-18
comp,Emanuel Wilson,RB,749,1.367,1.067,1024,799,-21.9%,224,258,-34
comp,Xavier Legette,WR,276,0.869,1.721,240,475,+98.0%,414,330,84
comp,Demario Douglas,WR,322,0.869,1.659,280,534,+90.9%,390,309,81
comp,Mike Gesicki,TE,1540,0.899,1.018,1384,1568,+13.3%,196,192,4
comp,Kirk Cousins,QB,2249,0.936,0.784,2105,1763,-16.3%,163,183,-20
comp,Jalen Royals,WR,311,0.869,1.673,270,520,+92.5%,397,316,81
comp,Isaiah Davis,RB,299,1.367,0.955,409,286,-30.1%,324,420,-96
comp,Bryce Lance,WR,345,0.869,1.633,300,563,+87.9%,381,301,80
comp,Jalen Tolbert,WR,383,0.869,1.593,333,610,+83.3%,359,290,69
comp,Christian Kirk,WR,747,0.869,1.362,649,1017,+56.7%,264,231,33
comp,Noah Fant,TE,355,0.899,1.11,319,394,+23.5%,365,376,-11
comp,Will Howard,QB,489,0.936,0.602,458,294,-35.7%,309,417,-108
comp,Calvin Ridley,WR,1046,0.869,1.258,909,1316,+44.8%,234,205,29
comp,Eli Heidenreich,RB,517,1.367,1.021,707,528,-25.3%,257,310,-53
comp,Erick All,TE,1125,0.899,1.037,1011,1167,+15.4%,226,219,7
comp,Tyquan Thornton,WR,580,0.869,1.445,504,838,+66.3%,292,251,41
comp,Daniel Bellinger,TE,592,0.899,1.077,532,638,+19.8%,285,284,1
comp,Cedric Tillman,WR,290,0.869,1.701,252,493,+95.7%,406,324,82
comp,James Conner,RB,726,1.367,1.063,992,772,-22.2%,228,261,-33
comp,Brashard Smith,RB,280,1.367,0.948,383,265,-30.7%,332,426,-94
comp,Brenen Thompson,WR,510,0.869,1.489,443,760,+71.4%,314,264,50
comp,Quinn Ewers,QB,535,0.936,0.611,501,327,-34.7%,293,410,-117
comp,Cade Stover,TE,571,0.899,1.08,513,617,+20.1%,291,289,2
comp,Treylon Burks,WR,416,0.869,1.562,362,650,+79.8%,342,279,63
comp,Cooper Kupp,WR,920,0.869,1.297,799,1193,+49.2%,247,216,31
comp,Kendre Miller,RB,304,1.367,0.957,416,291,-30.0%,320,418,-98
comp,Savion Williams,WR,444,0.869,1.539,386,683,+77.1%,330,274,56
comp,Tahj Brooks,RB,321,1.367,0.963,439,309,-29.5%,315,416,-101
comp,Andrei Iosivas,WR,343,0.869,1.635,298,561,+88.1%,384,304,80
comp,George Holani,RB,850,1.367,1.084,1162,921,-20.7%,212,242,-30
comp,Tyler Higbee,TE,475,0.899,1.092,427,518,+21.4%,316,317,-1
comp,Zavion Thomas,WR,545,0.869,1.466,474,799,+68.7%,305,259,46
comp,Luke McCaffrey,WR,407,0.869,1.57,354,639,+80.7%,347,283,64
comp,Jahan Dotson,WR,330,0.869,1.65,287,544,+89.8%,387,306,81
comp,Tommy Tremble,TE,529,0.899,1.085,476,574,+20.6%,304,297,7
comp,Roman Wilson,WR,273,0.869,1.725,237,471,+98.5%,415,331,84
comp,Joe Milton,QB,747,0.936,0.648,699,484,-30.8%,258,327,-69
comp,Riley Leonard,QB,345,0.936,0.567,323,196,-39.5%,363,448,-85
comp,Xavier Hutchinson,WR,300,0.869,1.687,261,506,+94.1%,401,319,82
comp,Jarquez Hunter,RB,419,1.367,0.995,573,417,-27.2%,276,366,-90
comp,Darius Slayton,WR,344,0.869,1.634,299,562,+88.0%,383,303,80
comp,Michael Trigg,TE,554,0.899,1.082,498,599,+20.3%,297,292,5
comp,Brandon Aiyuk,WR,954,0.869,1.286,829,1226,+47.9%,244,212,32
comp,Mitchell Evans,TE,641,0.899,1.072,576,687,+19.3%,275,272,3
comp,Joshua Palmer,WR,306,0.869,1.679,266,514,+93.2%,399,318,81
comp,Elijah Higgins,TE,343,0.899,1.113,308,382,+23.8%,373,384,-11
comp,Will Shipley,RB,398,1.367,0.989,544,394,-27.7%,282,378,-96
comp,Tutu Atwell,WR,300,0.869,1.687,261,506,+94.1%,402,320,82
comp,Chris Brooks,RB,555,1.367,1.029,759,571,-24.7%,251,298,-47
comp,Luke Schoonmaker,TE,389,0.899,1.104,350,430,+22.9%,353,363,-10
comp,Audric Estime,RB,338,1.367,0.969,462,328,-29.1%,308,409,-101
comp,Tyreek Hill,WR,628,0.869,1.418,546,891,+63.2%,281,243,38
comp,Garrett Nussmeier,QB,336,0.936,0.564,314,190,-39.7%,369,451,-82
comp,Adam Randall,RB,433,1.367,0.999,592,433,-26.9%,272,362,-90
comp,Malik Davis,RB,651,1.367,1.049,890,683,-23.2%,238,273,-35
comp,Charlie Kolar,TE,1228,0.899,1.032,1104,1267,+14.8%,217,210,7
comp,Jimmy Horn,WR,248,0.869,1.764,216,438,+103.0%,438,359,79
comp,KeAndre Lambert-Smith,WR,261,0.869,1.743,227,455,+100.6%,421,338,83
comp,Justice Hill,RB,752,1.367,1.068,1028,803,-21.9%,223,257,-34
comp,Marquise Brown,WR,368,0.869,1.608,320,592,+85.0%,364,294,70
comp,Spencer Rattler,QB,1187,0.936,0.702,1111,833,-25.0%,215,252,-37
comp,Isaac Guerendo,RB,364,1.367,0.978,498,356,-28.4%,298,398,-100
comp,John Metchie,WR,272,0.869,1.726,236,470,+98.7%,418,334,84
comp,Jordan Whittington,WR,438,0.869,1.544,381,676,+77.6%,333,275,58
comp,Devontez Walker,WR,543,0.869,1.468,472,797,+68.9%,306,260,46
comp,Dyami Brown,WR,382,0.869,1.594,332,609,+83.4%,361,291,70
comp,Jerome Ford,RB,327,1.367,0.966,447,316,-29.4%,313,415,-102
comp,Cyrus Allen,WR,477,0.869,1.513,415,722,+74.1%,321,267,54
comp,Brevin Jordan,TE,335,0.899,1.114,301,373,+23.9%,380,388,-8
comp,Ja'Lynn Polk,WR,247,0.869,1.766,215,436,+103.2%,440,361,79
comp,Roschon Johnson,RB,270,1.367,0.943,369,255,-31.0%,339,430,-91
comp,Devaughn Vele,WR,491,0.869,1.503,427,738,+72.9%,317,266,51
comp,Calvin Austin III,WR,283,0.869,1.71,246,484,+96.8%,412,326,86
comp,Damien Martinez,RB,342,1.367,0.971,468,332,-29.0%,307,407,-100
comp,Sam Roush,TE,1414,0.899,1.023,1271,1447,+13.8%,206,199,7
comp,Jared Wiley,TE,333,0.899,1.115,299,371,+24.0%,382,390,-8
comp,Seth McGowan,RB,287,1.367,0.95,392,273,-30.5%,327,421,-94
comp,Davis Allen,TE,337,0.899,1.114,303,375,+23.9%,376,387,-11
comp,Jaleel McLaughlin,RB,548,1.367,1.028,749,563,-24.8%,252,302,-50
comp,Tahj Washington,WR,241,0.869,1.776,209,428,+104.4%,441,364,77
comp,Konata Mumpfield,WR,348,0.869,1.629,302,567,+87.5%,377,299,78
comp,Tai Felton,WR,257,0.869,1.75,223,450,+101.3%,427,345,82
comp,Phil Mafah,RB,476,1.367,1.01,651,481,-26.1%,263,329,-66
comp,Tyson Bagent,QB,621,0.936,0.627,581,390,-33.0%,274,380,-106
comp,Brock Wright,TE,341,0.899,1.113,307,380,+23.8%,375,385,-10
comp,Rasheen Ali,RB,328,1.367,0.966,448,317,-29.3%,312,413,-101
comp,Ty Johnson,RB,511,1.367,1.019,699,521,-25.4%,259,315,-56
comp,Jalin Hyatt,WR,248,0.869,1.764,216,438,+103.0%,439,360,79
comp,Taylen Green,QB,596,0.936,0.623,558,371,-33.4%,278,389,-111
comp,Kameron Johnson,WR,257,0.869,1.75,223,450,+101.3%,428,346,82
comp,Malachi Corley,WR,257,0.869,1.75,223,450,+101.3%,429,347,82
comp,Deion Burks,WR,313,0.869,1.67,272,523,+92.2%,394,312,82
comp,Jameis Winston,QB,592,0.936,0.622,554,368,-33.5%,279,391,-112
comp,Olamide Zaccheaus,WR,273,0.869,1.725,237,471,+98.5%,416,332,84
comp,Matthew Hibner,TE,412,0.899,1.101,370,454,+22.4%,338,341,-3
comp,Dillon Gabriel,QB,339,0.936,0.565,317,192,-39.6%,366,449,-83
comp,Kendrick Bourne,WR,316,0.869,1.667,275,527,+91.8%,393,311,82
comp,Emari Demercado,RB,493,1.367,1.015,674,500,-25.8%,261,322,-61
comp,Jonnu Smith,TE,398,0.899,1.103,358,439,+22.7%,343,358,-15
comp,Raheim Sanders,RB,275,1.367,0.945,376,260,-30.8%,334,428,-94
comp,Jordan Watkins,WR,259,0.869,1.746,225,452,+101.0%,424,342,82
comp,Devin Singletary,RB,281,1.367,0.948,384,266,-30.7%,331,425,-94
comp,Trey Palmer,WR,258,0.869,1.748,224,451,+101.2%,425,343,82
comp,Tanner McKee,QB,452,0.936,0.594,423,268,-36.6%,318,424,-106
comp,Keenan Allen,WR,427,0.869,1.553,371,663,+78.7%,336,278,58
comp,Xavier Restrepo,WR,260,0.869,1.745,226,454,+100.8%,422,339,83
comp,Tyler Huntley,QB,523,0.936,0.609,490,319,-34.9%,301,412,-111
comp,Efton Chism,WR,575,0.869,1.448,500,833,+66.6%,294,253,41
comp,Elijah Moore,WR,260,0.869,1.745,226,454,+100.8%,423,340,83
comp,Davis Mills,QB,425,0.936,0.588,398,250,-37.2%,325,433,-108
comp,Donovan Edwards,RB,270,1.367,0.943,369,255,-31.0%,340,431,-91
comp,Greg Dortch,WR,325,0.869,1.656,282,538,+90.5%,388,308,80
comp,Gardner Minshew,QB,1625,0.936,0.741,1521,1204,-20.8%,189,215,-26
comp,Najee Harris,RB,397,1.367,0.988,543,392,-27.7%,283,379,-96
comp,Jacob Cowing,WR,256,0.869,1.751,222,448,+101.5%,432,350,82
comp,Kalel Mullings,RB,268,1.367,0.943,366,253,-31.0%,341,432,-91
comp,CJ Daniels,WR,282,0.869,1.712,245,483,+97.0%,413,328,85
comp,KaVontae Turpin,WR,471,0.869,1.517,409,715,+74.6%,323,269,54
comp,Mack Hollins,WR,273,0.869,1.725,237,471,+98.5%,417,333,84
comp,Marcus Mariota,QB,445,0.936,0.592,417,264,-36.7%,319,427,-108
comp,Jonathan Mingo,WR,258,0.869,1.748,224,451,+101.2%,426,344,82
comp,Will Levis,QB,338,0.936,0.565,316,191,-39.7%,367,450,-83
comp,Gabriel Davis,WR,257,0.869,1.75,223,450,+101.3%,430,348,82
comp,Trey Lance,QB,329,0.936,0.562,308,185,-39.9%,374,455,-81
comp,Tyler Goodson,RB,257,1.367,0.938,351,241,-31.4%,348,435,-87
comp,Isaiah Hodgins,WR,255,0.869,1.753,222,447,+101.7%,434,352,82
comp,Nick Westbrook-Ikhine,WR,290,0.869,1.701,252,493,+95.7%,407,325,82
comp,Dameon Pierce,RB,259,1.367,0.939,354,243,-31.3%,346,434,-88
comp,David Bell,WR,251,0.869,1.759,218,442,+102.5%,436,354,82
comp,Javon Baker,WR,251,0.869,1.759,218,442,+102.5%,437,355,82
comp,Tyrell Shavers,WR,254,0.869,1.754,221,446,+101.9%,435,353,82
comp,Joe Flacco,QB,550,0.936,0.614,515,338,-34.4%,290,406,-116
comp,Tyler Badie,RB,256,1.367,0.937,350,240,-31.4%,350,437,-87
comp,Israel Abanikanda,RB,256,1.367,0.937,350,240,-31.4%,351,438,-87
comp,Jack Endries,TE,414,0.899,1.1,372,456,+22.4%,335,336,-1
comp,Kenny Pickett,QB,336,0.936,0.564,314,190,-39.7%,370,452,-82
comp,Bam Knight,RB,257,1.367,0.938,351,241,-31.4%,349,436,-87
comp,Tyler Scott,WR,257,0.869,1.75,223,450,+101.3%,431,349,82
comp,Sam Howell,QB,1462,0.936,0.728,1368,1064,-22.3%,198,228,-30
comp,Michael Carter,RB,362,1.367,0.977,495,354,-28.5%,299,399,-100
comp,J'Mari Taylor,RB,271,1.367,0.944,370,256,-31.0%,337,429,-92
comp,Jake Bobo,WR,454,0.869,1.531,395,695,+76.1%,326,271,55
comp,Kendall Milton,RB,256,1.367,0.937,350,240,-31.4%,352,439,-87
comp,Xavier Gipson,WR,222,0.869,1.811,193,402,+108.4%,444,369,75
comp,Kenny McIntosh,RB,598,1.367,1.039,817,621,-24.0%,246,287,-41
comp,Mason Tipton,WR,222,0.869,1.811,193,402,+108.4%,445,370,75
comp,Sione Vaki,RB,254,1.367,0.936,347,238,-31.5%,355,440,-85
comp,Frank Gore Jr.,RB,568,1.367,1.032,776,586,-24.5%,248,295,-47
comp,Barion Brown,WR,223,0.869,1.809,194,403,+108.2%,442,367,75
comp,Le'Veon Moss,RB,250,1.367,0.935,342,234,-31.6%,356,441,-85
comp,Bo Melton,WR,221,0.869,1.813,192,401,+108.6%,446,371,75
comp,Zach Wilson,QB,300,0.936,0.553,281,166,-40.9%,389,460,-71
comp,Brenden Rice,WR,218,0.869,1.819,189,396,+109.3%,448,374,74
comp,Arian Smith,WR,216,0.869,1.823,188,394,+109.7%,450,377,73
comp,Hassan Haskins,RB,247,1.367,0.933,338,231,-31.7%,358,442,-84
comp,Skyy Moore,WR,223,0.869,1.809,194,403,+108.2%,443,368,75
comp,Jam Miller,RB,353,1.367,0.974,483,344,-28.7%,303,402,-99
comp,Cole Payton,QB,309,0.936,0.556,289,172,-40.6%,386,459,-73
comp,Thomas Fidone,TE,281,0.899,1.126,253,316,+25.2%,404,414,-10
comp,Lil'Jordan Humphrey,WR,210,0.869,1.835,182,385,+111.1%,451,381,70
comp,Drew Lock,QB,958,0.936,0.676,897,648,-27.8%,236,280,-44
comp,Jamari Thrash,WR,208,0.869,1.839,181,382,+111.6%,452,382,70
comp,Tyler Conklin,TE,587,0.899,1.078,528,633,+19.9%,287,285,2
comp,Jawhar Jordan,RB,440,1.367,1.001,601,440,-26.8%,270,356,-86
comp,Alexander Mattison,RB,231,1.367,0.926,316,214,-32.3%,368,445,-77
comp,Demarcus Robinson,WR,217,0.869,1.821,189,395,+109.5%,449,375,74
comp,Johnny Wilson,WR,221,0.869,1.813,192,401,+108.6%,447,372,75
comp,Samaje Perine,RB,643,1.367,1.048,879,674,-23.3%,239,276,-37
comp,Elijah Mitchell,RB,221,1.367,0.921,302,203,-32.6%,378,446,-68
comp,Bub Means,WR,203,0.869,1.849,176,375,+112.8%,454,386,68
comp,Zavier Scott,RB,214,1.367,0.917,293,196,-32.9%,385,447,-62
comp,Jeremy McNichols,RB,243,1.367,0.931,332,226,-31.9%,360,443,-83
comp,Ainias Smith,WR,196,0.869,1.865,170,365,+114.6%,457,394,63
comp,Derius Davis,WR,197,0.869,1.862,171,367,+114.3%,455,392,63
comp,Ty Chandler,RB,204,1.367,0.912,279,186,-33.3%,391,454,-63
comp,Terrell Jennings,RB,201,1.367,0.91,275,183,-33.4%,392,456,-64
comp,Malik Heath,WR,190,0.869,1.878,165,357,+116.1%,459,396,63
comp,LaJohntay Wester,WR,192,0.869,1.874,167,360,+115.6%,458,395,63
comp,Colbie Young,WR,299,0.869,1.688,260,505,+94.3%,403,321,82
comp,Dylan Laube,RB,195,1.367,0.907,267,177,-33.7%,398,457,-59
comp,AJ Dillon,RB,193,1.367,0.906,264,175,-33.7%,400,458,-58
comp,Tyler Johnson,WR,190,0.869,1.878,165,357,+116.1%,460,397,63
comp,Kyle McCord,QB,265,0.936,0.541,248,143,-42.2%,410,464,-54
comp,Devin Duvernay,WR,180,0.869,1.902,156,342,+118.9%,461,403,58
comp,Nathan Carter,RB,182,1.367,0.899,249,164,-34.2%,408,461,-53
comp,Zay Jones,WR,178,0.869,1.907,155,340,+119.5%,462,404,58
comp,Mason Rudolph,QB,1702,0.936,0.747,1593,1271,-20.2%,186,208,-22
comp,Sterling Shepard,WR,177,0.869,1.91,154,338,+119.8%,463,405,58
comp,Van Jefferson,WR,208,0.869,1.839,181,382,+111.6%,453,383,70
comp,Khalil Herbert,RB,182,1.367,0.899,249,164,-34.2%,409,462,-53
comp,Trayveon Williams,RB,181,1.367,0.899,247,163,-34.2%,411,463,-52
comp,Jermaine Burton,WR,172,0.869,1.923,149,331,+121.3%,464,408,56
comp,Tim Patrick,WR,197,0.869,1.862,171,367,+114.3%,456,393,63
comp,Malik Benson,WR,390,0.869,1.586,339,619,+82.5%,357,288,69
