value_basis,format,year,player_id,name,position,value,season_pts
comp,hwang,2021,4034,Christian McCaffrey,RB,13435,90.5
comp,hwang,2021,4029,Dalvin Cook,RB,9998,164.1
comp,hwang,2021,4035,Alvin Kamara,RB,9812,171.5
comp,hwang,2021,4046,Patrick Mahomes,QB,9770,335.5
comp,hwang,2021,4984,Josh Allen,QB,9639,378.7
comp,hwang,2021,3198,Derrick Henry,RB,9387,175.3
comp,hwang,2021,3164,Ezekiel Elliott,RB,9168,196.1
comp,hwang,2021,6813,Jonathan Taylor,RB,8860,323.6
comp,hwang,2021,5849,Kyler Murray,QB,8498,283.4
comp,hwang,2021,4663,Austin Ekeler,RB,8377,249.9
comp,hwang,2021,4866,Saquon Barkley,RB,8352,102.7
comp,hwang,2021,4199,Aaron Jones,RB,8223,177
comp,hwang,2021,4988,Nick Chubb,RB,7968,189.3
comp,hwang,2021,6945,Antonio Gibson,RB,7759,166
comp,hwang,2021,7528,Najee Harris,RB,7738,221.2
comp,hwang,2021,4881,Lamar Jackson,QB,7601,240
comp,hwang,2021,3294,Dak Prescott,QB,7509,288.8
comp,hwang,2021,4018,Joe Mixon,RB,7444,245.9
comp,hwang,2021,6820,Clyde Edwards-Helaire,RB,7330,98.6
comp,hwang,2021,5892,David Montgomery,RB,6956,145.1
comp,hwang,2021,1234,Russell Wilson,QB,6749,218.8
comp,hwang,2021,96,Aaron Rodgers,QB,6565,318.1
comp,hwang,2021,6790,D'Andre Swift,RB,6422,136.3
comp,hwang,2021,2133,Davante Adams,WR,6195,215.8
comp,hwang,2021,1466,Travis Kelce,TE,6159,205.4
comp,hwang,2021,6797,Justin Herbert,QB,6127,353.3
comp,hwang,2021,5850,Josh Jacobs,RB,5967,151.6
comp,hwang,2021,6151,Miles Sanders,RB,5843,91.2
comp,hwang,2021,2505,Darren Waller,TE,5830,102.8
comp,hwang,2021,6955,James Robinson,RB,5817,142.9
comp,hwang,2021,7588,Javonte Williams,RB,5805,155.5
comp,hwang,2021,3321,Tyreek Hill,WR,5771,185.3
comp,hwang,2021,421,Matthew Stafford,QB,5697,312.2
comp,hwang,2021,4217,George Kittle,TE,5657,159
comp,hwang,2021,2449,Stefon Diggs,WR,5633,168.4
comp,hwang,2021,6904,Jalen Hurts,QB,5447,312.2
comp,hwang,2021,5846,DK Metcalf,WR,5427,163.5
comp,hwang,2021,4981,Calvin Ridley,WR,5355,40.1
comp,hwang,2021,1426,DeAndre Hopkins,WR,5307,105.2
comp,hwang,2021,1049,Ryan Tannehill,QB,5305,241.1
comp,hwang,2021,5859,A.J. Brown,WR,5244,105.1
comp,hwang,2021,7553,Kyle Pitts,TE,5224,140.8
comp,hwang,2021,5980,Myles Gaskin,RB,5193,123.6
comp,hwang,2021,6794,Justin Jefferson,WR,5075,205.3
comp,hwang,2021,4098,Kareem Hunt,RB,5027,88
comp,hwang,2021,1479,Keenan Allen,WR,4872,146.6
comp,hwang,2021,5927,Terry McLaurin,WR,4812,127.2
comp,hwang,2021,5012,Mark Andrews,TE,4801,235.1
comp,hwang,2021,6770,Joe Burrow,QB,4776,314.2
comp,hwang,2021,5844,T.J. Hockenson,TE,4677,114.8
comp,hwang,2021,5000,Chase Edmonds,RB,4658,100.3
comp,hwang,2021,6786,CeeDee Lamb,WR,4635,149.3
comp,hwang,2021,7523,Trevor Lawrence,QB,4579,180.4
comp,hwang,2021,2216,Mike Evans,WR,4519,167.6
comp,hwang,2021,1352,Robert Woods,WR,4455,92.2
comp,hwang,2021,2309,Amari Cooper,WR,4443,126.6
comp,hwang,2021,2749,Raheem Mostert,RB,4443,2
comp,hwang,2021,4037,Chris Godwin,WR,4433,144.4
comp,hwang,2021,7591,Justin Fields,QB,4406,126.8
comp,hwang,2021,1166,Kirk Cousins,QB,4316,278.4
comp,hwang,2021,7593,Trey Sermon,RB,4283,25.3
comp,hwang,2021,2374,Tyler Lockett,WR,4270,146.4
comp,hwang,2021,7610,Trey Lance,QB,4239,64.9
comp,hwang,2021,1689,Adam Thielen,WR,4112,132.8
comp,hwang,2021,4039,Cooper Kupp,WR,4111,274.9
comp,hwang,2021,4892,Baker Mayfield,QB,4099,180.9
comp,hwang,2021,5937,Diontae Johnson,WR,4075,162.3
comp,hwang,2021,4983,D.J. Moore,WR,4061,134.5
comp,hwang,2021,6803,Brandon Aiyuk,WR,3976,103.6
comp,hwang,2021,6886,Chase Claypool,WR,3974,94.6
comp,hwang,2021,4040,JuJu Smith-Schuster,WR,3825,19.8
comp,hwang,2021,6801,Tee Higgins,WR,3778,145.1
comp,hwang,2021,2078,Odell Beckham,WR,3768,83.3
comp,hwang,2021,5045,Courtland Sutton,WR,3690,90.3
comp,hwang,2021,6783,Jerry Jeudy,WR,3669,44
comp,hwang,2021,6768,Tua Tagovailoa,QB,3633,168.8
comp,hwang,2021,7564,Ja'Marr Chase,WR,3598,221
comp,hwang,2021,6845,Zack Moss,RB,3592,80.8
comp,hwang,2021,6828,AJ Dillon,RB,3548,144.9
comp,hwang,2021,7525,DeVonta Smith,WR,3515,117.5
comp,hwang,2021,5872,Deebo Samuel,WR,3388,237
comp,hwang,2021,3225,Tyler Boyd,WR,3325,116.8
comp,hwang,2021,5857,Noah Fant,TE,3280,122.9
comp,hwang,2021,7607,Michael Carter,RB,3227,116.5
comp,hwang,2021,2197,Brandin Cooks,WR,3203,139.2
comp,hwang,2021,6814,Laviska Shenault,WR,3152,57.8
comp,hwang,2021,6819,Michael Pittman,WR,3075,136.2
comp,hwang,2021,4951,D.J. Chark,WR,3074,27.4
comp,hwang,2021,5022,Dallas Goedert,TE,3062,137
comp,hwang,2021,5848,Marquise Brown,WR,2983,132.6
comp,hwang,2021,7526,Jaylen Waddle,WR,2939,133.1
comp,hwang,2021,4137,James Conner,RB,2938,199.4
comp,hwang,2021,4149,Jamaal Williams,RB,2830,88.6
comp,hwang,2021,5038,Michael Gallup,WR,2784,56.5
comp,hwang,2021,3271,Tyler Higbee,TE,2766,96
comp,hwang,2021,4068,Mike Williams,WR,2739,152.7
comp,hwang,2021,4993,Mike Gesicki,TE,2668,125.3
comp,hwang,2021,2028,Derek Carr,QB,2649,241.6
comp,hwang,2021,6989,Marquez Callaway,WR,2585,105.8
comp,hwang,2021,4144,Jonnu Smith,TE,2570,52.9
comp,hwang,2021,4082,Curtis Samuel,WR,2561,3.8
comp,hwang,2021,2306,Jameis Winston,QB,2524,117.4
comp,hwang,2021,7538,Zach Wilson,QB,2486,142
comp,hwang,2021,6130,Devin Singletary,RB,2468,134.6
comp,hwang,2021,2319,DeVante Parker,WR,2448,62.3
comp,hwang,2021,3214,Hunter Henry,TE,2293,128.2
comp,hwang,2021,7090,Darnell Mooney,WR,2291,126.1
comp,hwang,2021,4943,Sam Darnold,QB,2271,142.6
comp,hwang,2021,5917,Mecole Hardman,WR,2235,70.6
comp,hwang,2021,4066,Evan Engram,TE,2052,78.6
comp,hwang,2021,7596,Elijah Moore,WR,2019,95.2
comp,hwang,2021,4089,Gerald Everett,TE,1888,91.3
comp,hwang,2021,5967,Tony Pollard,RB,1845,123.6
comp,hwang,2021,5870,Daniel Jones,QB,1820,166.5
comp,hwang,2021,2325,Nelson Agholor,WR,1820,64.1
comp,hwang,2021,6826,Cole Kmet,TE,1641,84.4
comp,hwang,2021,3202,Austin Hooper,TE,1611,73.5
comp,hwang,2021,5947,Jakobi Meyers,WR,1539,98.3
comp,hwang,2021,7565,Terrace Marshall,WR,1472,15.8
comp,hwang,2021,1339,Zach Ertz,TE,1431,131.8
comp,hwang,2021,7527,Mac Jones,QB,1392,214.1
comp,hwang,2021,7547,Amon-Ra St. Brown,WR,1363,119.2
comp,hwang,2021,6869,Adam Trautman,TE,1229,41.5
comp,hwang,2021,7594,Chuba Hubbard,RB,1219,101
comp,hwang,2021,3163,Jared Goff,QB,1180,177
comp,hwang,2021,7600,Pat Freiermuth,TE,1174,113.4
comp,hwang,2021,4950,Christian Kirk,WR,1113,126.3
comp,hwang,2021,5086,Marquez Valdes-Scantling,WR,1052,61
comp,hwang,2021,7611,Rhamondre Stevenson,RB,1012,97.3
comp,hwang,2021,5987,Alexander Mattison,RB,988,91.8
comp,hwang,2021,7571,Rashod Bateman,WR,973,55.3
comp,hwang,2021,6074,Donald Parham,TE,970,49
comp,hwang,2021,4973,Hayden Hurst,TE,809,47.3
comp,hwang,2021,5185,Allen Lazard,WR,805,83
comp,hwang,2021,5880,Parris Campbell,WR,783,22.2
comp,hwang,2021,1837,Jimmy Garoppolo,QB,779,214.8
comp,hwang,2021,7569,Nico Collins,WR,753,43.9
comp,hwang,2021,5026,Tre'Quan Smith,WR,739,42.1
comp,hwang,2021,4985,Rashaad Penny,RB,684,90.7
comp,hwang,2021,5001,Dalton Schultz,TE,643,154.2
comp,hwang,2021,7567,Kenneth Gainwell,RB,639,75.7
comp,hwang,2021,6824,Donovan Peoples-Jones,WR,589,71.9
comp,hwang,2021,827,Tyrod Taylor,QB,566,81.7
comp,hwang,2021,7587,Dyami Brown,WR,520,16.1
comp,hwang,2021,4381,Taysom Hill,TE,516,109.6
comp,hwang,2021,5906,Dawson Knox,TE,513,132.8
comp,hwang,2021,7606,Kadarius Toney,WR,497,43.4
comp,hwang,2021,7601,Rondale Moore,WR,469,55.1
comp,hwang,2021,6805,KJ Hamler,WR,443,7.4
comp,hwang,2021,6804,Jordan Love,QB,441,13.9
comp,hwang,2021,5854,Drew Lock,QB,434,28.9
comp,hwang,2021,6943,Gabriel Davis,WR,425,87
comp,hwang,2021,7002,Juwan Johnson,TE,417,39.4
comp,hwang,2021,6853,Van Jefferson,WR,414,115.1
comp,hwang,2021,6849,Denzel Mims,WR,385,13.3
comp,hwang,2021,6149,Darius Slayton,WR,369,33.7
comp,hwang,2021,7670,Josh Palmer,WR,368,49.4
comp,hwang,2021,6850,Harrison Bryant,TE,353,50.4
comp,hwang,2021,4033,David Njoku,TE,349,87.5
comp,hwang,2021,6011,Gardner Minshew,QB,343,19.2
comp,hwang,2021,2307,Marcus Mariota,QB,343,12.4
comp,hwang,2021,5955,Hunter Renfrow,WR,342,143.2
comp,hwang,2021,4171,Josh Reynolds,WR,339,50.5
comp,hwang,2021,6927,Quez Watkins,WR,336,58.6
comp,hwang,2021,4054,Mo Alie-Cox,TE,336,63.9
comp,hwang,2021,5010,Will Dissly,TE,313,39.6
comp,hwang,2021,2711,Taylor Heinicke,QB,297,216.8
comp,hwang,2021,7585,Davis Mills,QB,291,129.7
comp,hwang,2021,3286,Demarcus Robinson,WR,287,42.5
comp,hwang,2021,4351,Tim Patrick,WR,283,93.9
comp,hwang,2021,6421,Jalen Guyton,WR,270,61
comp,hwang,2021,7568,Brevin Jordan,TE,266,45.8
comp,hwang,2021,7694,Tommy Tremble,TE,263,41
comp,hwang,2021,7828,Noah Gray,TE,258,13.1
comp,hwang,2021,6843,Albert Okwuegbunam,TE,257,59.5
comp,hwang,2021,7595,Tylan Wallace,WR,256,2.3
comp,hwang,2021,3976,Mitchell Trubisky,QB,253,7.8
comp,hwang,2021,6271,Olamide Zaccheaus,WR,251,54.1
comp,hwang,2021,4454,Kendrick Bourne,WR,251,122.3
comp,hwang,2021,7602,Kylen Granson,TE,249,16.1
comp,hwang,2021,6960,Tyler Johnson,WR,248,33.8
comp,hwang,2021,5985,Foster Moreau,TE,248,64.3
comp,hwang,2021,2161,Jerick McKinnon,RB,243,11.9
comp,hwang,2021,6039,Ty Johnson,RB,242,83.1
comp,hwang,2021,6290,Scotty Miller,WR,242,2.9
comp,hwang,2021,7045,Joshua Kelley,RB,242,12
comp,hwang,2021,5122,Boston Scott,RB,229,85.6
comp,hwang,2021,7535,Hunter Long,TE,229,1.3
comp,hwang,2021,7533,Anthony Schwartz,WR,227,21.8
comp,hwang,2021,6234,Deonte Harty,WR,222,73.8
comp,hwang,2021,7559,Ihmir Smith-Marsette,WR,222,7.3
comp,hwang,2021,6847,Devin Duvernay,WR,221,50
comp,hwang,2021,6918,Salvon Ahmed,RB,212,26.6
comp,hwang,2021,6001,Drew Sample,TE,208,12.3
comp,hwang,2021,7713,Jaelon Darden,WR,202,5.4
comp,hwang,2021,4995,Ian Thomas,TE,194,27.8
comp,hwang,2021,5347,Nyheim Hines,RB,183,70.7
comp,hwang,2021,7608,Khalil Herbert,RB,182,63.8
comp,hwang,2021,7794,Chris Evans,RB,171,22.9
comp,hwang,2021,7561,Elijah Mitchell,RB,132,137.5
comp,hwang,2021,4147,Samaje Perine,RB,128,56.2
comp,hwang,2021,6931,DeeJay Dallas,RB,108,39
comp,hwang,2021,6951,Eno Benjamin,RB,88,16.4
comp,hwang,2021,6885,Ke'Shawn Vaughn,RB,67,22.5
comp,hwang,2021,5323,Equanimeous St. Brown,WR,50,9
comp,hwang,2021,5284,Jeffery Wilson,RB,40,44.5
comp,hwang,2021,7720,Kene Nwangwu,RB,30,18.6
comp,hwang,2021,1535,Cordarrelle Patterson,RB,28,181.4
comp,hwang,2021,6144,Trayveon Williams,RB,5,1.3
comp,hwang,2022,6813,Jonathan Taylor,RB,12635,118.4
comp,hwang,2022,4034,Christian McCaffrey,RB,10447,257.5
comp,hwang,2022,4984,Josh Allen,QB,10035,376.5
comp,hwang,2022,6797,Justin Herbert,QB,9823,260.4
comp,hwang,2022,4046,Patrick Mahomes,QB,9536,401.4
comp,hwang,2022,4663,Austin Ekeler,RB,9027,260.7
comp,hwang,2022,4029,Dalvin Cook,RB,8726,197.1
comp,hwang,2022,7528,Najee Harris,RB,8451,169.5
comp,hwang,2022,3198,Derrick Henry,RB,7897,257
comp,hwang,2022,4881,Lamar Jackson,QB,7886,236.1
comp,hwang,2022,4018,Joe Mixon,RB,7570,167.9
comp,hwang,2022,4035,Alvin Kamara,RB,7283,143.7
comp,hwang,2022,6904,Jalen Hurts,QB,7200,369.6
comp,hwang,2022,7588,Javonte Williams,RB,7186,26
comp,hwang,2022,4866,Saquon Barkley,RB,7134,227
comp,hwang,2022,5849,Kyler Murray,QB,6983,200.5
comp,hwang,2022,6794,Justin Jefferson,WR,6915,236.9
comp,hwang,2022,6790,D'Andre Swift,RB,6871,134.5
comp,hwang,2022,1466,Travis Kelce,TE,6733,254.5
comp,hwang,2022,4988,Nick Chubb,RB,6675,236.2
comp,hwang,2022,4039,Cooper Kupp,WR,6457,126.4
comp,hwang,2022,4137,James Conner,RB,6453,154.2
comp,hwang,2022,4199,Aaron Jones,RB,6318,184.8
comp,hwang,2022,7543,Travis Etienne,RB,6147,166.7
comp,hwang,2022,6770,Joe Burrow,QB,6053,345.4
comp,hwang,2022,3164,Ezekiel Elliott,RB,6017,167.8
comp,hwang,2022,6938,Cam Akers,RB,5938,115.5
comp,hwang,2022,5892,David Montgomery,RB,5606,141.6
comp,hwang,2022,1234,Russell Wilson,QB,5595,201.6
comp,hwang,2022,7564,Ja'Marr Chase,WR,5584,140.8
comp,hwang,2022,5012,Mark Andrews,TE,5439,154
comp,hwang,2022,8129,Dameon Pierce,RB,5353,136.4
comp,hwang,2022,8155,Breece Hall,RB,5321,96.1
comp,hwang,2022,7610,Trey Lance,QB,5170,12.5
comp,hwang,2022,2449,Stefon Diggs,WR,5078,194.8
comp,hwang,2022,3294,Dak Prescott,QB,5002,189.9
comp,hwang,2022,6806,J.K. Dobbins,RB,4978,74.2
comp,hwang,2022,7553,Kyle Pitts,TE,4961,61.6
comp,hwang,2022,2133,Davante Adams,WR,4914,228.2
comp,hwang,2022,5872,Deebo Samuel,WR,4913,110
comp,hwang,2022,6828,AJ Dillon,RB,4871,136.3
comp,hwang,2022,7561,Elijah Mitchell,RB,4773,23.1
comp,hwang,2022,6786,CeeDee Lamb,WR,4765,183.4
comp,hwang,2022,5967,Tony Pollard,RB,4717,207.9
comp,hwang,2022,5850,Josh Jacobs,RB,4708,270.3
comp,hwang,2022,3321,Tyreek Hill,WR,4669,225.9
comp,hwang,2022,5859,A.J. Brown,WR,4661,202.1
comp,hwang,2022,2216,Mike Evans,WR,4630,148.4
comp,hwang,2022,1479,Keenan Allen,WR,4602,75.8
comp,hwang,2022,5000,Chase Edmonds,RB,4507,53.7
comp,hwang,2022,421,Matthew Stafford,QB,4451,108.4
comp,hwang,2022,7611,Rhamondre Stevenson,RB,4441,171.9
comp,hwang,2022,6819,Michael Pittman,WR,4338,108.5
comp,hwang,2022,6801,Tee Higgins,WR,4298,147.5
comp,hwang,2022,5045,Courtland Sutton,WR,4289,86.1
comp,hwang,2022,4217,George Kittle,TE,4286,153.6
comp,hwang,2022,4983,D.J. Moore,WR,4267,135.1
comp,hwang,2022,96,Aaron Rodgers,QB,4250,228
comp,hwang,2022,4068,Mike Williams,WR,4221,110.3
comp,hwang,2022,2028,Derek Carr,QB,4202,219.1
comp,hwang,2022,2505,Darren Waller,TE,4183,66.3
comp,hwang,2022,6945,Antonio Gibson,RB,4103,119.9
comp,hwang,2022,4985,Rashaad Penny,RB,4072,48.2
comp,hwang,2022,7526,Jaylen Waddle,WR,4065,178.9
comp,hwang,2022,1166,Kirk Cousins,QB,4065,278.6
comp,hwang,2022,5848,Marquise Brown,WR,4049,88.3
comp,hwang,2022,7547,Amon-Ra St. Brown,WR,4042,156.7
comp,hwang,2022,6820,Clyde Edwards-Helaire,RB,4026,81.3
comp,hwang,2022,5927,Terry McLaurin,WR,4023,138.6
comp,hwang,2022,4037,Chris Godwin,WR,3980,115.3
comp,hwang,2022,7090,Darnell Mooney,WR,3974,61.5
comp,hwang,2022,5937,Diontae Johnson,WR,3968,88.9
comp,hwang,2022,7591,Justin Fields,QB,3938,296
comp,hwang,2022,2197,Brandin Cooks,WR,3933,72
comp,hwang,2022,5001,Dalton Schultz,TE,3919,108.9
comp,hwang,2022,5185,Allen Lazard,WR,3866,104.7
comp,hwang,2022,5846,DK Metcalf,WR,3861,132.8
comp,hwang,2022,3199,Michael Thomas,WR,3851,35.1
comp,hwang,2022,6768,Tua Tagovailoa,QB,3849,230.9
comp,hwang,2022,6130,Devin Singletary,RB,3826,139
comp,hwang,2022,4040,JuJu Smith-Schuster,WR,3789,103.8
comp,hwang,2022,7523,Trevor Lawrence,QB,3779,285.4
comp,hwang,2022,7571,Rashod Bateman,WR,3759,38.5
comp,hwang,2022,6783,Jerry Jeudy,WR,3755,117.9
comp,hwang,2022,1689,Adam Thielen,WR,3741,102.8
comp,hwang,2022,7596,Elijah Moore,WR,3651,50
comp,hwang,2022,1535,Cordarrelle Patterson,RB,3639,125.8
comp,hwang,2022,4098,Kareem Hunt,RB,3623,89
comp,hwang,2022,6803,Brandon Aiyuk,WR,3605,143.9
comp,hwang,2022,7525,DeVonta Smith,WR,3579,152.9
comp,hwang,2022,2306,Jameis Winston,QB,3534,43.9
comp,hwang,2022,5022,Dallas Goedert,TE,3525,106.1
comp,hwang,2022,8138,James Cook,RB,3474,81.4
comp,hwang,2022,5844,T.J. Hockenson,TE,3464,170.3
comp,hwang,2022,1426,DeAndre Hopkins,WR,3447,87.7
comp,hwang,2022,4950,Christian Kirk,WR,3364,142
comp,hwang,2022,2309,Amari Cooper,WR,3356,162.9
comp,hwang,2022,8136,Rachaad White,RB,3311,87.6
comp,hwang,2022,8135,Treylon Burks,WR,3274,59.2
comp,hwang,2022,5906,Dawson Knox,TE,3253,103.4
comp,hwang,2022,8112,Drake London,WR,3248,94.6
comp,hwang,2022,8151,Kenneth Walker III,RB,3201,163.1
comp,hwang,2022,8144,Chris Olave,WR,3150,116.2
comp,hwang,2022,5870,Daniel Jones,QB,3144,289
comp,hwang,2022,1339,Zach Ertz,TE,3138,92.1
comp,hwang,2022,5038,Michael Gallup,WR,3087,65.4
comp,hwang,2022,6151,Miles Sanders,RB,3029,193.4
comp,hwang,2022,1352,Robert Woods,WR,3027,58.7
comp,hwang,2022,8168,Skyy Moore,WR,3008,21.4
comp,hwang,2022,5955,Hunter Renfrow,WR,2969,30.7
comp,hwang,2022,6826,Cole Kmet,TE,2960,108.6
comp,hwang,2022,3163,Jared Goff,QB,2914,273.9
comp,hwang,2022,7606,Kadarius Toney,WR,2876,30.9
comp,hwang,2022,7567,Kenneth Gainwell,RB,2784,60.7
comp,hwang,2022,5947,Jakobi Meyers,WR,2777,104.1
comp,hwang,2022,1049,Ryan Tannehill,QB,2730,161.2
comp,hwang,2022,7527,Mac Jones,QB,2714,153.9
comp,hwang,2022,2374,Tyler Lockett,WR,2714,141.9
comp,hwang,2022,7600,Pat Freiermuth,TE,2695,116.7
comp,hwang,2022,4951,D.J. Chark,WR,2661,66.8
comp,hwang,2022,3225,Tyler Boyd,WR,2576,111.4
comp,hwang,2022,8137,George Pickens,WR,2522,101.3
comp,hwang,2022,4892,Baker Mayfield,QB,2508,115.9
comp,hwang,2022,6126,Irv Smith,TE,2506,39.8
comp,hwang,2022,6886,Chase Claypool,WR,2497,56.1
comp,hwang,2022,3214,Hunter Henry,TE,2440,76.2
comp,hwang,2022,8119,Jahan Dotson,WR,2409,88.4
comp,hwang,2022,6843,Albert Okwuegbunam,TE,2382,20.5
comp,hwang,2022,4993,Mike Gesicki,TE,2353,75.6
comp,hwang,2022,8132,Tyler Allgeier,RB,2350,129.9
comp,hwang,2022,4033,David Njoku,TE,2272,100.8
comp,hwang,2022,5086,Marquez Valdes-Scantling,WR,2253,77.7
comp,hwang,2022,7585,Davis Mills,QB,2249,159
comp,hwang,2022,7569,Nico Collins,WR,2242,60.1
comp,hwang,2022,7607,Michael Carter,RB,2182,84.5
comp,hwang,2022,6955,James Robinson,RB,2148,77.6
comp,hwang,2022,8146,Garrett Wilson,WR,2138,123.8
comp,hwang,2022,4089,Gerald Everett,TE,2092,102.2
comp,hwang,2022,7538,Zach Wilson,QB,1980,97.9
comp,hwang,2022,8121,Romeo Doubs,WR,1971,59.6
comp,hwang,2022,7608,Khalil Herbert,RB,1935,103.9
comp,hwang,2022,3271,Tyler Higbee,TE,1892,110.7
comp,hwang,2022,4197,Isaiah McKenzie,WR,1809,75.9
comp,hwang,2022,8142,Alec Pierce,WR,1791,67.1
comp,hwang,2022,4017,Deshaun Watson,QB,1766,68
comp,hwang,2022,5857,Noah Fant,TE,1747,93.6
comp,hwang,2022,5987,Alexander Mattison,RB,1717,55.4
comp,hwang,2022,4149,Jamaal Williams,RB,1685,194.7
comp,hwang,2022,2307,Marcus Mariota,QB,1641,196.6
comp,hwang,2022,5917,Mecole Hardman,WR,1630,68.8
comp,hwang,2022,8148,Jameson Williams,WR,1613,14.1
comp,hwang,2022,4066,Evan Engram,TE,1596,135.7
comp,hwang,2022,8117,Jalen Tolbert,WR,1570,1.2
comp,hwang,2022,8126,Wan'Dale Robinson,WR,1506,28.6
comp,hwang,2022,4973,Hayden Hurst,TE,1504,79.5
comp,hwang,2022,7066,K.J. Osborn,WR,1456,83.9
comp,hwang,2022,8131,Isaiah Likely,TE,1403,59
comp,hwang,2022,3202,Austin Hooper,TE,1402,71.1
comp,hwang,2022,8160,Kenny Pickett,QB,1366,136
comp,hwang,2022,3976,Mitchell Trubisky,QB,1352,73.9
comp,hwang,2022,5880,Parris Campbell,WR,1332,79.3
comp,hwang,2022,8139,Zamir White,RB,1301,6.6
comp,hwang,2022,2319,DeVante Parker,WR,1282,52
comp,hwang,2022,7568,Brevin Jordan,TE,1259,19.8
comp,hwang,2022,8167,Christian Watson,WR,1230,111.5
comp,hwang,2022,8205,Isiah Pacheco,RB,1181,109.6
comp,hwang,2022,2749,Raheem Mostert,RB,1180,131.2
comp,hwang,2022,8161,Malik Willis,QB,1145,19.3
comp,hwang,2022,4054,Mo Alie-Cox,TE,1117,37.5
comp,hwang,2022,8118,David Bell,WR,1098,21.4
comp,hwang,2022,1373,Geno Smith,QB,1040,290.3
comp,hwang,2022,6824,Donovan Peoples-Jones,WR,1022,101.9
comp,hwang,2022,5133,Tyler Conklin,TE,1010,100.2
comp,hwang,2022,6805,KJ Hamler,WR,1002,18.8
comp,hwang,2022,2161,Jerick McKinnon,RB,992,133.7
comp,hwang,2022,8154,Brian Robinson,RB,960,103.7
comp,hwang,2022,4144,Jonnu Smith,TE,958,38.5
comp,hwang,2022,8211,Tyrion Davis-Price,RB,897,7.2
comp,hwang,2022,8159,Desmond Ridder,QB,869,22.9
comp,hwang,2022,6853,Van Jefferson,WR,863,48.8
comp,hwang,2022,4381,Taysom Hill,TE,863,138.3
comp,hwang,2022,8225,Daniel Bellinger,TE,855,60
comp,hwang,2022,4454,Kendrick Bourne,WR,844,48.8
comp,hwang,2022,3257,Jacoby Brissett,QB,828,168.6
comp,hwang,2022,8130,Trey McBride,TE,800,41.4
comp,hwang,2022,8153,Isaiah Spiller,RB,794,5.4
comp,hwang,2022,4111,D'Onta Foreman,RB,794,119.2
comp,hwang,2022,6951,Eno Benjamin,RB,779,64.3
comp,hwang,2022,6814,Laviska Shenault,WR,756,44.8
comp,hwang,2022,7496,Nick Westbrook-Ikhine,WR,734,57.7
comp,hwang,2022,8134,Khalil Shakir,WR,730,21.3
comp,hwang,2022,8172,Greg Dulcich,TE,723,69.6
comp,hwang,2022,1837,Jimmy Garoppolo,QB,715,164.8
comp,hwang,2022,5113,Cedrick Wilson,WR,701,14.4
comp,hwang,2022,6869,Adam Trautman,TE,699,33.4
comp,hwang,2022,4080,Zay Jones,WR,687,114
comp,hwang,2022,6074,Donald Parham,TE,652,19.9
comp,hwang,2022,8110,Jake Ferguson,TE,627,38
comp,hwang,2022,7083,Tyler Huntley,QB,611,50
comp,hwang,2022,8171,Kyle Philips,WR,605,3.8
comp,hwang,2022,7694,Tommy Tremble,TE,598,42.2
comp,hwang,2022,7565,Terrace Marshall,WR,591,52.7
comp,hwang,2022,8176,Danny Gray,WR,548,1.9
comp,hwang,2022,4082,Curtis Samuel,WR,538,112.9
comp,hwang,2022,6845,Zack Moss,RB,535,35.4
comp,hwang,2022,6927,Quez Watkins,WR,530,50.1
comp,hwang,2022,2325,Nelson Agholor,WR,524,44.2
comp,hwang,2022,7594,Chuba Hubbard,RB,521,66.8
comp,hwang,2022,6694,D'Ernest Johnson,RB,485,2.4
comp,hwang,2022,5985,Foster Moreau,TE,475,67.2
comp,hwang,2022,5122,Boston Scott,RB,455,29.8
comp,hwang,2022,5121,Braxton Berrios,WR,454,39.7
comp,hwang,2022,6421,Jalen Guyton,WR,447,6.4
comp,hwang,2022,6943,Gabriel Davis,WR,445,119.7
comp,hwang,2022,8228,Jaylen Warren,RB,443,61
comp,hwang,2022,6847,Devin Duvernay,WR,429,79.1
comp,hwang,2022,8219,Jelani Woods,TE,411,60.3
comp,hwang,2022,7562,Tutu Atwell,WR,407,35.4
comp,hwang,2022,6989,Marquez Callaway,WR,400,21.8
comp,hwang,2022,8188,Tyquan Thornton,WR,388,43
comp,hwang,2022,7794,Chris Evans,RB,383,9.8
comp,hwang,2022,5248,Gus Edwards,RB,378,57.7
comp,hwang,2022,7601,Rondale Moore,WR,355,46.9
comp,hwang,2022,7670,Josh Palmer,WR,352,91.4
comp,hwang,2022,8111,Cade Otton,TE,348,71.1
comp,hwang,2022,7593,Trey Sermon,RB,342,1.9
comp,hwang,2022,6850,Harrison Bryant,TE,340,43.2
comp,hwang,2022,6271,Olamide Zaccheaus,WR,310,60.3
comp,hwang,2022,5323,Equanimeous St. Brown,WR,289,43.4
comp,hwang,2022,8210,Chigoziem Okonkwo,TE,288,69.5
comp,hwang,2022,4995,Ian Thomas,TE,286,30.2
comp,hwang,2022,6149,Darius Slayton,WR,283,82.4
comp,hwang,2022,7045,Joshua Kelley,RB,281,48.4
comp,hwang,2022,6849,Denzel Mims,WR,278,18.6
comp,hwang,2022,8150,Kyren Williams,RB,274,21.5
comp,hwang,2022,7049,Jauan Jennings,WR,273,46.6
comp,hwang,2022,4171,Josh Reynolds,WR,273,64.3
comp,hwang,2022,7587,Dyami Brown,WR,270,27.8
comp,hwang,2022,7533,Anthony Schwartz,WR,255,14.8
comp,hwang,2022,7595,Tylan Wallace,WR,253,2.1
comp,hwang,2022,3286,Demarcus Robinson,WR,243,53.4
comp,hwang,2022,6290,Scotty Miller,WR,242,18.5
comp,hwang,2022,7713,Jaelon Darden,WR,234,2.8
comp,hwang,2022,5026,Tre'Quan Smith,WR,227,33.2
comp,hwang,2022,4198,Jamal Agnew,WR,221,46.5
comp,hwang,2022,5980,Myles Gaskin,RB,214,5.4
comp,hwang,2022,6011,Gardner Minshew,QB,208,36.8
comp,hwang,2022,7828,Noah Gray,TE,205,54.1
comp,hwang,2022,6804,Jordan Love,QB,197,11.7
comp,hwang,2022,6885,Ke'Shawn Vaughn,RB,196,3.8
comp,hwang,2022,7602,Kylen Granson,TE,191,45.7
comp,hwang,2022,8116,Pierre Strong Jr.,RB,182,20.2
comp,hwang,2022,827,Tyrod Taylor,QB,177,11.3
comp,hwang,2022,8221,Keaontay Ingram,RB,175,13.8
comp,hwang,2022,3634,Kalif Raymond,WR,174,62.6
comp,hwang,2022,5347,Nyheim Hines,RB,171,39.4
comp,hwang,2022,6931,DeeJay Dallas,RB,170,26.6
comp,hwang,2022,8123,Hassan Haskins,RB,168,13.4
comp,hwang,2022,5970,Greg Dortch,WR,167,56.6
comp,hwang,2022,4943,Sam Darnold,QB,166,85.4
comp,hwang,2022,8143,Jerome Ford,RB,164,1.2
comp,hwang,2022,7002,Juwan Johnson,TE,156,111.2
comp,hwang,2022,8408,Jordan Mason,RB,154,29
comp,hwang,2022,4147,Samaje Perine,RB,153,101.9
comp,hwang,2022,7720,Kene Nwangwu,RB,152,6.6
comp,hwang,2022,6001,Drew Sample,TE,143,0.8
comp,hwang,2022,5010,Will Dissly,TE,131,69.9
comp,hwang,2022,5938,Lil'Jordan Humphrey,WR,128,2
comp,hwang,2022,7716,John Bates,TE,123,23.8
comp,hwang,2022,5284,Jeffery Wilson,RB,119,129.1
comp,hwang,2022,2711,Taylor Heinicke,QB,91,116
comp,hwang,2022,5089,Mike White,QB,89,56.6
comp,hwang,2022,8157,Bailey Zappe,QB,85,38.6
comp,hwang,2022,5973,Josh Oliver,TE,84,33.9
comp,hwang,2022,5995,Justice Hill,RB,81,26.6
comp,hwang,2022,8174,Kevin Harris,RB,79,11.2
comp,hwang,2022,6918,Salvon Ahmed,RB,75,12.5
comp,hwang,2022,6039,Ty Johnson,RB,74,28.3
comp,hwang,2022,6144,Trayveon Williams,RB,73,6
comp,hwang,2022,8122,Zonovan Knight,RB,59,43.8
comp,hwang,2023,4034,Christian McCaffrey,RB,11884,324.3
comp,hwang,2023,4663,Austin Ekeler,RB,10227,129.5
comp,hwang,2023,4046,Patrick Mahomes,QB,10219,280.2
comp,hwang,2023,4984,Josh Allen,QB,10009,369.6
comp,hwang,2023,6904,Jalen Hurts,QB,9823,356.2
comp,hwang,2023,9509,Bijan Robinson,RB,9284,169.2
comp,hwang,2023,4881,Lamar Jackson,QB,8852,331.2
comp,hwang,2023,4866,Saquon Barkley,RB,8799,160.5
comp,hwang,2023,4988,Nick Chubb,RB,8498,19.1
comp,hwang,2023,6770,Joe Burrow,QB,8193,147.2
comp,hwang,2023,3198,Derrick Henry,RB,7966,197.4
comp,hwang,2023,5850,Josh Jacobs,RB,7865,144.1
comp,hwang,2023,6797,Justin Herbert,QB,7639,233.2
comp,hwang,2023,5967,Tony Pollard,RB,7539,153
comp,hwang,2023,7591,Justin Fields,QB,7445,221.6
comp,hwang,2023,7611,Rhamondre Stevenson,RB,7384,107.7
comp,hwang,2023,7543,Travis Etienne,RB,7356,215.7
comp,hwang,2023,9221,Jahmyr Gibbs,RB,7227,181.1
comp,hwang,2023,6794,Justin Jefferson,WR,7192,110.2
comp,hwang,2023,8151,Kenneth Walker III,RB,6974,162.3
comp,hwang,2023,7564,Ja'Marr Chase,WR,6774,160.8
comp,hwang,2023,4018,Joe Mixon,RB,6689,191.3
comp,hwang,2023,7523,Trevor Lawrence,QB,6348,246.3
comp,hwang,2023,7528,Najee Harris,RB,6299,147.2
comp,hwang,2023,8155,Breece Hall,RB,6065,187.5
comp,hwang,2023,3321,Tyreek Hill,WR,5987,243.2
comp,hwang,2023,8129,Dameon Pierce,RB,5969,69.7
comp,hwang,2023,6786,CeeDee Lamb,WR,5777,245.7
comp,hwang,2023,1466,Travis Kelce,TE,5777,172.9
comp,hwang,2023,4199,Aaron Jones,RB,5714,90.8
comp,hwang,2023,2449,Stefon Diggs,WR,5646,158.1
comp,hwang,2023,8138,James Cook,RB,5542,183.5
comp,hwang,2023,5859,A.J. Brown,WR,5489,184.7
comp,hwang,2023,5012,Mark Andrews,TE,5417,112.9
comp,hwang,2023,7547,Amon-Ra St. Brown,WR,5407,191.5
comp,hwang,2023,5987,Alexander Mattison,RB,5376,100.3
comp,hwang,2023,3294,Dak Prescott,QB,5374,317.7
comp,hwang,2023,2133,Davante Adams,WR,5324,151.8
comp,hwang,2023,6813,Jonathan Taylor,RB,5207,111.8
comp,hwang,2023,8146,Garrett Wilson,WR,5179,114.8
comp,hwang,2023,6768,Tua Tagovailoa,QB,5157,262.7
comp,hwang,2023,7588,Javonte Williams,RB,5140,118.7
comp,hwang,2023,5844,T.J. Hockenson,TE,5026,171.5
comp,hwang,2023,7526,Jaylen Waddle,WR,5025,126.6
comp,hwang,2023,4017,Deshaun Watson,QB,4996,86.8
comp,hwang,2023,6151,Miles Sanders,RB,4977,58.8
comp,hwang,2023,8144,Chris Olave,WR,4950,132.7
comp,hwang,2023,4217,George Kittle,TE,4829,170.7
comp,hwang,2023,8136,Rachaad White,RB,4827,194.6
comp,hwang,2023,7525,DeVonta Smith,WR,4788,146.6
comp,hwang,2023,6790,D'Andre Swift,RB,4760,160.3
comp,hwang,2023,1166,Kirk Cousins,QB,4707,149.7
comp,hwang,2023,6938,Cam Akers,RB,4691,35.7
comp,hwang,2023,4039,Cooper Kupp,WR,4667,105.4
comp,hwang,2023,8205,Isiah Pacheco,RB,4658,169.9
comp,hwang,2023,5872,Deebo Samuel,WR,4657,180.5
comp,hwang,2023,4981,Calvin Ridley,WR,4625,137.3
comp,hwang,2023,5892,David Montgomery,RB,4605,181.2
comp,hwang,2023,3163,Jared Goff,QB,4557,268.3
comp,hwang,2023,5870,Daniel Jones,QB,4509,57
comp,hwang,2023,4035,Alvin Kamara,RB,4491,158
comp,hwang,2023,6801,Tee Higgins,WR,4476,95.6
comp,hwang,2023,9229,Anthony Richardson,QB,4455,72.7
comp,hwang,2023,5846,DK Metcalf,WR,4408,158.4
comp,hwang,2023,2309,Amari Cooper,WR,4249,155
comp,hwang,2023,1479,Keenan Allen,WR,4229,170.9
comp,hwang,2023,9226,De'Von Achane,RB,4222,151.6
comp,hwang,2023,2505,Darren Waller,TE,4209,80.2
comp,hwang,2023,4068,Mike Williams,WR,4201,31.2
comp,hwang,2023,4983,D.J. Moore,WR,4182,184.1
comp,hwang,2023,1373,Geno Smith,QB,4182,205.9
comp,hwang,2023,6803,Brandon Aiyuk,WR,4175,171.7
comp,hwang,2023,4029,Dalvin Cook,RB,4158,25.2
comp,hwang,2023,4137,James Conner,RB,4107,148.1
comp,hwang,2023,1426,DeAndre Hopkins,WR,4102,138
comp,hwang,2023,5927,Terry McLaurin,WR,4069,124.6
comp,hwang,2023,8112,Drake London,WR,4059,101.3
comp,hwang,2023,8154,Brian Robinson,RB,3987,154.6
comp,hwang,2023,5022,Dallas Goedert,TE,3968,105.9
comp,hwang,2023,4950,Christian Kirk,WR,3959,93.3
comp,hwang,2023,7608,Khalil Herbert,RB,3934,88.4
comp,hwang,2023,6945,Antonio Gibson,RB,3844,75.8
comp,hwang,2023,4037,Chris Godwin,WR,3826,120.7
comp,hwang,2023,8167,Christian Watson,WR,3824,73.3
comp,hwang,2023,6828,AJ Dillon,RB,3785,95.6
comp,hwang,2023,2216,Mike Evans,WR,3715,201.3
comp,hwang,2023,7553,Kyle Pitts,TE,3704,107.1
comp,hwang,2023,6783,Jerry Jeudy,WR,3669,73.9
comp,hwang,2023,8183,Brock Purdy,QB,3668,295.6
comp,hwang,2023,6819,Michael Pittman,WR,3626,138.8
comp,hwang,2023,2374,Tyler Lockett,WR,3617,108.3
comp,hwang,2023,8137,George Pickens,WR,3591,145.5
comp,hwang,2023,2749,Raheem Mostert,RB,3560,242.7
comp,hwang,2023,4033,David Njoku,TE,3532,160.7
comp,hwang,2023,9997,Zay Flowers,WR,3513,129.4
comp,hwang,2023,4066,Evan Engram,TE,3512,154.4
comp,hwang,2023,5937,Diontae Johnson,WR,3464,86.8
comp,hwang,2023,421,Matthew Stafford,QB,3453,243.1
comp,hwang,2023,7600,Pat Freiermuth,TE,3413,57.7
comp,hwang,2023,6804,Jordan Love,QB,3391,300.5
comp,hwang,2023,2197,Brandin Cooks,WR,3331,109
comp,hwang,2023,7561,Elijah Mitchell,RB,3285,28.8
comp,hwang,2023,9756,Jordan Addison,WR,3280,139.6
comp,hwang,2023,9753,Zach Charbonnet,RB,3248,67.1
comp,hwang,2023,8160,Kenny Pickett,QB,3243,110.2
comp,hwang,2023,8119,Jahan Dotson,WR,3210,74.1
comp,hwang,2023,9488,Jaxon Smith-Njigba,WR,3207,85.4
comp,hwang,2023,1234,Russell Wilson,QB,3207,256.9
comp,hwang,2023,8228,Jaylen Warren,RB,3193,132.4
comp,hwang,2023,5045,Courtland Sutton,WR,3118,131
comp,hwang,2023,10236,Dalton Kincaid,TE,3110,101.9
comp,hwang,2023,5848,Marquise Brown,WR,3105,83.7
comp,hwang,2023,10859,Sam LaPorta,TE,3006,184.9
comp,hwang,2023,2078,Odell Beckham,WR,2983,72.5
comp,hwang,2023,4149,Jamaal Williams,RB,2956,33.4
comp,hwang,2023,7606,Kadarius Toney,WR,2931,26
comp,hwang,2023,2028,Derek Carr,QB,2916,214
comp,hwang,2023,8135,Treylon Burks,WR,2868,23.9
comp,hwang,2023,4147,Samaje Perine,RB,2810,68.3
comp,hwang,2023,7596,Elijah Moore,WR,2786,73.1
comp,hwang,2023,3271,Tyler Higbee,TE,2754,85
comp,hwang,2023,8168,Skyy Moore,WR,2737,32.7
comp,hwang,2023,5001,Dalton Schultz,TE,2727,114.3
comp,hwang,2023,9758,C.J. Stroud,QB,2711,254.5
comp,hwang,2023,2161,Jerick McKinnon,RB,2702,59.4
comp,hwang,2023,4040,JuJu Smith-Schuster,WR,2617,32
comp,hwang,2023,8162,Sam Howell,QB,2614,250.1
comp,hwang,2023,8110,Jake Ferguson,TE,2594,131.7
comp,hwang,2023,9754,Quentin Johnston,WR,2536,53.7
comp,hwang,2023,5906,Dawson Knox,TE,2511,34.4
comp,hwang,2023,7002,Juwan Johnson,TE,2506,73.8
comp,hwang,2023,7571,Rashod Bateman,WR,2455,44.5
comp,hwang,2023,9228,Bryce Young,QB,2436,152.2
comp,hwang,2023,9225,Tank Bigsby,RB,2415,20.2
comp,hwang,2023,3199,Michael Thomas,WR,2394,50.8
comp,hwang,2023,7569,Nico Collins,WR,2356,154.9
comp,hwang,2023,4892,Baker Mayfield,QB,2327,267.9
comp,hwang,2023,8148,Jameson Williams,WR,2265,56.3
comp,hwang,2023,8210,Chigoziem Okonkwo,TE,2243,81.8
comp,hwang,2023,8121,Romeo Doubs,WR,2231,115.4
comp,hwang,2023,6826,Cole Kmet,TE,2226,139
comp,hwang,2023,4985,Rashaad Penny,RB,2210,2.2
comp,hwang,2023,7567,Kenneth Gainwell,RB,2088,61.2
comp,hwang,2023,10229,Rashee Rice,WR,2065,133.5
comp,hwang,2023,5185,Allen Lazard,WR,2065,37.1
comp,hwang,2023,4089,Gerald Everett,TE,2035,84.7
comp,hwang,2023,8172,Greg Dulcich,TE,1985,4
comp,hwang,2023,1689,Adam Thielen,WR,1965,126.8
comp,hwang,2023,8131,Isaiah Likely,TE,1942,76
comp,hwang,2023,5248,Gus Edwards,RB,1927,172.2
comp,hwang,2023,8132,Tyler Allgeier,RB,1902,116.2
comp,hwang,2023,5849,Kyler Murray,QB,1886,128.6
comp,hwang,2023,5947,Jakobi Meyers,WR,1869,129
comp,hwang,2023,5038,Michael Gallup,WR,1824,53.8
comp,hwang,2023,10235,Roschon Johnson,RB,1796,66.1
comp,hwang,2023,7090,Darnell Mooney,WR,1750,47.9
comp,hwang,2023,1049,Ryan Tannehill,QB,1719,67.6
comp,hwang,2023,5086,Marquez Valdes-Scantling,WR,1717,35.5
comp,hwang,2023,4080,Zay Jones,WR,1686,39.4
comp,hwang,2023,9481,Luke Musgrave,TE,1678,56.6
comp,hwang,2023,6126,Irv Smith,TE,1678,24.5
comp,hwang,2023,4098,Kareem Hunt,RB,1631,103
comp,hwang,2023,1837,Jimmy Garoppolo,QB,1615,64.1
comp,hwang,2023,3225,Tyler Boyd,WR,1593,77.4
comp,hwang,2023,9494,Marvin Mims,WR,1571,47
comp,hwang,2023,8111,Cade Otton,TE,1550,89
comp,hwang,2023,10222,Jayden Reed,WR,1529,142
comp,hwang,2023,6130,Devin Singletary,RB,1502,124.8
comp,hwang,2023,7527,Mac Jones,QB,1466,106.4
comp,hwang,2023,6853,Van Jefferson,WR,1433,20
comp,hwang,2023,5133,Tyler Conklin,TE,1422,90
comp,hwang,2023,8143,Jerome Ford,RB,1420,164
comp,hwang,2023,8159,Desmond Ridder,QB,1410,160.5
comp,hwang,2023,3214,Hunter Henry,TE,1394,98.9
comp,hwang,2023,7066,K.J. Osborn,WR,1368,71.1
comp,hwang,2023,9508,Tyjae Spears,RB,1301,83.2
comp,hwang,2023,3164,Ezekiel Elliott,RB,1280,115.4
comp,hwang,2023,9493,Puka Nacua,WR,1276,183.4
comp,hwang,2023,10225,Jonathan Mingo,WR,1271,41.8
comp,hwang,2023,4381,Taysom Hill,TE,1250,117.1
comp,hwang,2023,4973,Hayden Hurst,TE,1200,33.4
comp,hwang,2023,7828,Noah Gray,TE,1193,56.6
comp,hwang,2023,8142,Alec Pierce,WR,1182,63.4
comp,hwang,2023,7049,Jauan Jennings,WR,1176,32.5
comp,hwang,2023,4943,Sam Darnold,QB,1174,5.9
comp,hwang,2023,9482,Michael Mayer,TE,1168,57.9
comp,hwang,2023,8150,Kyren Williams,RB,1155,223
comp,hwang,2023,5917,Mecole Hardman,WR,1127,3
comp,hwang,2023,6824,Donovan Peoples-Jones,WR,1125,13
comp,hwang,2023,9497,Jalin Hyatt,WR,1083,36.8
comp,hwang,2023,4993,Mike Gesicki,TE,1070,49.9
comp,hwang,2023,8134,Khalil Shakir,WR,1051,63.6
comp,hwang,2023,4111,D'Onta Foreman,RB,1035,80.2
comp,hwang,2023,6820,Clyde Edwards-Helaire,RB,1011,52.1
comp,hwang,2023,5137,Richie James,WR,1008,7.9
comp,hwang,2023,9757,Kendre Miller,RB,1007,19.4
comp,hwang,2023,8130,Trey McBride,TE,1007,130.1
comp,hwang,2023,8676,Rashid Shaheed,WR,961,97.1
comp,hwang,2023,5008,Durham Smythe,TE,953,49.6
comp,hwang,2023,4082,Curtis Samuel,WR,952,92.2
comp,hwang,2023,5857,Noah Fant,TE,910,57.4
comp,hwang,2023,5880,Parris Campbell,WR,894,10.4
comp,hwang,2023,4179,Joshua Dobbs,QB,889,200.7
comp,hwang,2023,4951,D.J. Chark,WR,868,77.9
comp,hwang,2023,1339,Zach Ertz,TE,857,38.2
comp,hwang,2023,6920,Isaiah Hodgins,WR,838,35.4
comp,hwang,2023,9999,Will Levis,QB,809,102
comp,hwang,2023,9484,Tucker Kraft,TE,787,58.4
comp,hwang,2023,7594,Chuba Hubbard,RB,774,134.3
comp,hwang,2023,4171,Josh Reynolds,WR,773,84.4
comp,hwang,2023,5955,Hunter Renfrow,WR,755,23.5
comp,hwang,2023,6845,Zack Moss,RB,755,139.6
comp,hwang,2023,5113,Cedrick Wilson,WR,744,45.2
comp,hwang,2023,10866,Aidan O'Connell,QB,740,108
comp,hwang,2023,9502,Tank Dell,WR,727,118
comp,hwang,2023,10862,Dorian Thompson-Robinson,QB,696,22.1
comp,hwang,2023,5995,Justice Hill,RB,694,78.7
comp,hwang,2023,6149,Darius Slayton,WR,693,88.8
comp,hwang,2023,9486,Dontayvion Wicks,WR,690,62.7
comp,hwang,2023,7021,Rico Dowdle,RB,686,64.5
comp,hwang,2023,2319,DeVante Parker,WR,686,38.8
comp,hwang,2023,6886,Chase Claypool,WR,676,13.4
comp,hwang,2023,5089,Mike White,QB,669,2.1
comp,hwang,2023,8214,Cole Turner,TE,664,17.5
comp,hwang,2023,9505,Deuce Vaughn,RB,652,8
comp,hwang,2023,8139,Zamir White,RB,633,46.8
comp,hwang,2023,10232,Michael Wilson,WR,622,67
comp,hwang,2023,8117,Jalen Tolbert,WR,620,30
comp,hwang,2023,9220,Evan Hull,RB,601,0.7
comp,hwang,2023,6927,Quez Watkins,WR,599,4.9
comp,hwang,2023,3286,Demarcus Robinson,WR,589,61.4
comp,hwang,2023,8140,Justyn Ross,WR,581,3.6
comp,hwang,2023,8225,Daniel Bellinger,TE,576,38
comp,hwang,2023,8161,Malik Willis,QB,569,3.1
comp,hwang,2023,9506,Sean Tucker,RB,555,3.2
comp,hwang,2023,7602,Kylen Granson,TE,549,55.2
comp,hwang,2023,10871,Luke Schoonmaker,TE,536,22.5
comp,hwang,2023,2325,Nelson Agholor,WR,533,58.2
comp,hwang,2023,8126,Wan'Dale Robinson,WR,530,64.7
comp,hwang,2023,6869,Adam Trautman,TE,526,46.8
comp,hwang,2023,8230,Ty Chandler,RB,519,71.1
comp,hwang,2023,9500,Josh Downs,WR,518,84.3
comp,hwang,2023,9479,Darnell Washington,TE,515,9.6
comp,hwang,2023,8147,John Metchie,WR,492,15.7
comp,hwang,2023,9224,Chase Brown,RB,492,34.2
comp,hwang,2023,10217,Clayton Tune,QB,491,7.4
comp,hwang,2023,10444,Cedric Tillman,WR,480,18.9
comp,hwang,2023,7565,Terrace Marshall,WR,480,13.4
comp,hwang,2023,9492,Trey Palmer,WR,467,55.7
comp,hwang,2023,8408,Jordan Mason,RB,457,36.9
comp,hwang,2023,1352,Robert Woods,WR,454,49.3
comp,hwang,2023,8125,Calvin Austin III,WR,451,34.9
comp,hwang,2023,7045,Joshua Kelley,RB,443,53.6
comp,hwang,2023,4454,Kendrick Bourne,WR,433,63
comp,hwang,2023,8188,Tyquan Thornton,WR,425,14.2
comp,hwang,2023,6234,Deonte Harty,WR,407,17.8
comp,hwang,2023,7562,Tutu Atwell,WR,405,71.1
comp,hwang,2023,1535,Cordarrelle Patterson,RB,401,25.9
comp,hwang,2023,8153,Isaiah Spiller,RB,391,13
comp,hwang,2023,8221,Keaontay Ingram,RB,378,10
comp,hwang,2023,10863,A.T. Perry,WR,378,31.3
comp,hwang,2023,7587,Dyami Brown,WR,378,22.8
comp,hwang,2023,4234,Noah Brown,WR,378,68.6
comp,hwang,2023,5970,Greg Dortch,WR,375,39.1
comp,hwang,2023,9490,Tyler Scott,WR,372,17.7
comp,hwang,2023,9504,Kayshon Boutte,WR,359,1.9
comp,hwang,2023,9501,Demario Douglas,WR,357,56.9
comp,hwang,2023,3202,Austin Hooper,TE,357,30
comp,hwang,2023,10218,Xavier Hutchinson,WR,348,13.3
comp,hwang,2023,5000,Chase Edmonds,RB,335,23.3
comp,hwang,2023,6271,Olamide Zaccheaus,WR,323,26.4
comp,hwang,2023,7891,Brock Wright,TE,321,21.6
comp,hwang,2023,8157,Bailey Zappe,QB,320,68.4
comp,hwang,2023,4198,Jamal Agnew,WR,320,26.3
comp,hwang,2023,7794,Chris Evans,RB,319,1.1
comp,hwang,2023,3634,Kalif Raymond,WR,319,57.4
comp,hwang,2023,7607,Michael Carter,RB,314,32.9
comp,hwang,2023,6814,Laviska Shenault,WR,313,11.5
comp,hwang,2023,6421,Jalen Guyton,WR,311,14.9
comp,hwang,2023,8116,Pierre Strong Jr.,RB,310,31.3
comp,hwang,2023,5121,Braxton Berrios,WR,305,30
comp,hwang,2023,6847,Devin Duvernay,WR,298,3.3
comp,hwang,2023,8917,KaVontae Turpin,WR,293,47.2
comp,hwang,2023,10226,Andrei Iosivas,WR,290,20
comp,hwang,2023,6943,Gabriel Davis,WR,289,116.4
comp,hwang,2023,3257,Jacoby Brissett,QB,284,22.9
comp,hwang,2023,7670,Josh Palmer,WR,280,63.7
comp,hwang,2023,8235,Samori Toure,WR,278,7.8
comp,hwang,2024,4034,Christian McCaffrey,RB,13280,32.8
comp,hwang,2024,9509,Bijan Robinson,RB,12285,251.4
comp,hwang,2024,8155,Breece Hall,RB,10676,168.7
comp,hwang,2024,4984,Josh Allen,QB,10350,379
comp,hwang,2024,6904,Jalen Hurts,QB,10186,315.1
comp,hwang,2024,4046,Patrick Mahomes,QB,9854,282
comp,hwang,2024,4866,Saquon Barkley,RB,9751,322.3
comp,hwang,2024,9221,Jahmyr Gibbs,RB,9135,269.9
comp,hwang,2024,4881,Lamar Jackson,QB,8855,407.4
comp,hwang,2024,6813,Jonathan Taylor,RB,8610,202.7
comp,hwang,2024,9229,Anthony Richardson,QB,8518,162.4
comp,hwang,2024,9758,C.J. Stroud,QB,7888,214.4
comp,hwang,2024,8150,Kyren Williams,RB,7875,238.1
comp,hwang,2024,5849,Kyler Murray,QB,7510,269.4
comp,hwang,2024,9226,De'Von Achane,RB,7501,203.8
comp,hwang,2024,7543,Travis Etienne,RB,7365,85.2
comp,hwang,2024,5850,Josh Jacobs,RB,7338,246.5
comp,hwang,2024,6786,CeeDee Lamb,WR,7203,162.4
comp,hwang,2024,3198,Derrick Henry,RB,7044,289.3
comp,hwang,2024,6770,Joe Burrow,QB,7043,359.8
comp,hwang,2024,3321,Tyreek Hill,WR,7010,135.2
comp,hwang,2024,6804,Jordan Love,QB,6872,231.1
comp,hwang,2024,8205,Isiah Pacheco,RB,6805,44.9
comp,hwang,2024,10859,Sam LaPorta,TE,6649,134.8
comp,hwang,2024,8138,James Cook,RB,6574,225.9
comp,hwang,2024,7547,Amon-Ra St. Brown,WR,6538,193.5
comp,hwang,2024,3294,Dak Prescott,QB,6472,116.5
comp,hwang,2024,11566,Jayden Daniels,QB,6459,351.6
comp,hwang,2024,7564,Ja'Marr Chase,WR,6406,260.4
comp,hwang,2024,8151,Kenneth Walker III,RB,6307,135.2
comp,hwang,2024,6794,Justin Jefferson,WR,6205,209.1
comp,hwang,2024,11560,Caleb Williams,QB,5911,243.6
comp,hwang,2024,8136,Rachaad White,RB,5908,148.6
comp,hwang,2024,1466,Travis Kelce,TE,5871,146.9
comp,hwang,2024,5859,A.J. Brown,WR,5702,149.9
comp,hwang,2024,8183,Brock Purdy,QB,5583,266.9
comp,hwang,2024,8146,Garrett Wilson,WR,5580,145.8
comp,hwang,2024,4035,Alvin Kamara,RB,5542,197.3
comp,hwang,2024,9493,Puka Nacua,WR,5485,127.6
comp,hwang,2024,11628,Marvin Harrison Jr.,WR,5480,122.2
comp,hwang,2024,8112,Drake London,WR,5361,150.1
comp,hwang,2024,4018,Joe Mixon,RB,5205,201.7
comp,hwang,2024,8130,Trey McBride,TE,5162,178.3
comp,hwang,2024,3163,Jared Goff,QB,5031,314.2
comp,hwang,2024,6768,Tua Tagovailoa,QB,5024,181.6
comp,hwang,2024,7569,Nico Collins,WR,5009,132.8
comp,hwang,2024,7523,Trevor Lawrence,QB,4953,145.2
comp,hwang,2024,10236,Dalton Kincaid,TE,4920,78.8
comp,hwang,2024,6790,D'Andre Swift,RB,4918,160
comp,hwang,2024,4137,James Conner,RB,4918,206.8
comp,hwang,2024,2133,Davante Adams,WR,4902,141.5
comp,hwang,2024,5872,Deebo Samuel,WR,4873,102.6
comp,hwang,2024,4199,Aaron Jones,RB,4865,183.1
comp,hwang,2024,5012,Mark Andrews,TE,4823,147.9
comp,hwang,2024,8144,Chris Olave,WR,4820,44.7
comp,hwang,2024,5892,David Montgomery,RB,4815,185.7
comp,hwang,2024,7526,Jaylen Waddle,WR,4807,86.6
comp,hwang,2024,4039,Cooper Kupp,WR,4737,108
comp,hwang,2024,7528,Najee Harris,RB,4700,157
comp,hwang,2024,6803,Brandon Aiyuk,WR,4626,37.4
comp,hwang,2024,7611,Rhamondre Stevenson,RB,4563,142.9
comp,hwang,2024,11632,Malik Nabers,WR,4553,152.2
comp,hwang,2024,6797,Justin Herbert,QB,4553,257.4
comp,hwang,2024,8139,Zamir White,RB,4491,23.3
comp,hwang,2024,1166,Kirk Cousins,QB,4451,176.3
comp,hwang,2024,2749,Raheem Mostert,RB,4444,51.9
comp,hwang,2024,5846,DK Metcalf,WR,4426,113.9
comp,hwang,2024,6819,Michael Pittman,WR,4397,89.6
comp,hwang,2024,5967,Tony Pollard,RB,4329,153.5
comp,hwang,2024,7553,Kyle Pitts,TE,4325,105.2
comp,hwang,2024,7588,Javonte Williams,RB,4319,98.1
comp,hwang,2024,4983,D.J. Moore,WR,4312,127
comp,hwang,2024,7525,DeVonta Smith,WR,4287,131.4
comp,hwang,2024,8228,Jaylen Warren,RB,4259,84
comp,hwang,2024,2449,Stefon Diggs,WR,4223,74.9
comp,hwang,2024,2216,Mike Evans,WR,4174,157.5
comp,hwang,2024,10229,Rashee Rice,WR,4158,40.9
comp,hwang,2024,9502,Tank Dell,WR,4124,89
comp,hwang,2024,6801,Tee Higgins,WR,4077,143.8
comp,hwang,2024,2309,Amari Cooper,WR,4058,78.7
comp,hwang,2024,8154,Brian Robinson,RB,4051,138.2
comp,hwang,2024,421,Matthew Stafford,QB,4033,214.6
comp,hwang,2024,9997,Zay Flowers,WR,4027,133.4
comp,hwang,2024,6130,Devin Singletary,RB,3963,73.9
comp,hwang,2024,96,Aaron Rodgers,QB,3956,231.6
comp,hwang,2024,4217,George Kittle,TE,3925,193.9
comp,hwang,2024,4066,Evan Engram,TE,3881,66
comp,hwang,2024,6845,Zack Moss,RB,3823,58.9
comp,hwang,2024,8137,George Pickens,WR,3779,105.4
comp,hwang,2024,5927,Terry McLaurin,WR,3772,173.6
comp,hwang,2024,8143,Jerome Ford,RB,3739,97
comp,hwang,2024,4950,Christian Kirk,WR,3728,43.9
comp,hwang,2024,4981,Calvin Ridley,WR,3687,127.9
comp,hwang,2024,4037,Chris Godwin,WR,3666,87.8
comp,hwang,2024,11583,Jonathon Brooks,RB,3655,4.5
comp,hwang,2024,1479,Keenan Allen,WR,3616,113.9
comp,hwang,2024,11624,Xavier Worthy,WR,3613,128.2
comp,hwang,2024,9224,Chase Brown,RB,3529,201
comp,hwang,2024,8110,Jake Ferguson,TE,3518,72.7
comp,hwang,2024,10222,Jayden Reed,WR,3508,138.9
comp,hwang,2024,4892,Baker Mayfield,QB,3505,344.2
comp,hwang,2024,4017,Deshaun Watson,QB,3441,76.7
comp,hwang,2024,4033,David Njoku,TE,3374,116.5
comp,hwang,2024,11604,Brock Bowers,TE,3338,193.7
comp,hwang,2024,1373,Geno Smith,QB,3330,239.7
comp,hwang,2024,5937,Diontae Johnson,WR,3321,54.9
comp,hwang,2024,11620,Rome Odunze,WR,3305,89.1
comp,hwang,2024,9488,Jaxon Smith-Njigba,WR,3279,151.7
comp,hwang,2024,8167,Christian Watson,WR,3239,76.3
comp,hwang,2024,9508,Tyjae Spears,RB,3225,83.6
comp,hwang,2024,1426,DeAndre Hopkins,WR,3217,91
comp,hwang,2024,4663,Austin Ekeler,RB,3211,94.1
comp,hwang,2024,5022,Dallas Goedert,TE,3188,75.1
comp,hwang,2024,8148,Jameson Williams,WR,3161,150.8
comp,hwang,2024,11635,Ladd McConkey,WR,3144,147.4
comp,hwang,2024,11631,Brian Thomas Jr.,WR,3117,186.7
comp,hwang,2024,9999,Will Levis,QB,3069,108.1
comp,hwang,2024,5045,Courtland Sutton,WR,3059,143.5
comp,hwang,2024,11586,Blake Corum,RB,3016,24.3
comp,hwang,2024,11637,Keon Coleman,WR,2984,78.5
comp,hwang,2024,5001,Dalton Schultz,TE,2946,87.3
comp,hwang,2024,5848,Marquise Brown,WR,2932,9.1
comp,hwang,2024,8121,Romeo Doubs,WR,2865,86.1
comp,hwang,2024,7021,Rico Dowdle,RB,2835,144.4
comp,hwang,2024,11563,Bo Nix,QB,2789,282.7
comp,hwang,2024,5844,T.J. Hockenson,TE,2784,64.1
comp,hwang,2024,7600,Pat Freiermuth,TE,2774,117.3
comp,hwang,2024,5248,Gus Edwards,RB,2756,61.1
comp,hwang,2024,9756,Jordan Addison,WR,2749,149.5
comp,hwang,2024,6826,Cole Kmet,TE,2721,95.6
comp,hwang,2024,9228,Bryce Young,QB,2637,158.6
comp,hwang,2024,2028,Derek Carr,QB,2607,150.9
comp,hwang,2024,8134,Khalil Shakir,WR,2604,106.5
comp,hwang,2024,9481,Luke Musgrave,TE,2603,5.6
comp,hwang,2024,4381,Taysom Hill,TE,2580,90.8
comp,hwang,2024,4082,Curtis Samuel,WR,2579,27.5
comp,hwang,2024,5947,Jakobi Meyers,WR,2493,112.7
comp,hwang,2024,11589,Trey Benson,RB,2488,41
comp,hwang,2024,5133,Tyler Conklin,TE,2455,87.8
comp,hwang,2024,3164,Ezekiel Elliott,RB,2449,45.5
comp,hwang,2024,4068,Mike Williams,WR,2401,33.3
comp,hwang,2024,8676,Rashid Shaheed,WR,2376,59.8
comp,hwang,2024,4943,Sam Darnold,QB,2348,300.3
comp,hwang,2024,4988,Nick Chubb,RB,2345,58.3
comp,hwang,2024,7594,Chuba Hubbard,RB,2311,198.6
comp,hwang,2024,2374,Tyler Lockett,WR,2219,69.2
comp,hwang,2024,8230,Ty Chandler,RB,2192,22.4
comp,hwang,2024,3214,Hunter Henry,TE,2181,112.4
comp,hwang,2024,5870,Daniel Jones,QB,2163,135.3
comp,hwang,2024,8131,Isaiah Likely,TE,2111,97.4
comp,hwang,2024,6783,Jerry Jeudy,WR,2105,144.6
comp,hwang,2024,6806,J.K. Dobbins,RB,2063,152.3
comp,hwang,2024,11625,Adonai Mitchell,WR,2060,30.8
comp,hwang,2024,8111,Cade Otton,TE,2023,111.1
comp,hwang,2024,9486,Dontayvion Wicks,WR,2000,66.6
comp,hwang,2024,8132,Tyler Allgeier,RB,1980,86.3
comp,hwang,2024,11564,Drake Maye,QB,1964,177.1
comp,hwang,2024,2197,Brandin Cooks,WR,1938,42.6
comp,hwang,2024,4144,Jonnu Smith,TE,1934,164.2
comp,hwang,2024,5857,Noah Fant,TE,1916,65.2
comp,hwang,2024,7591,Justin Fields,QB,1903,119.1
comp,hwang,2024,7090,Darnell Mooney,WR,1893,129.2
comp,hwang,2024,9753,Zach Charbonnet,RB,1860,135.8
comp,hwang,2024,11619,Ja'Lynn Polk,WR,1813,20.7
comp,hwang,2024,10232,Michael Wilson,WR,1787,77.5
comp,hwang,2024,1234,Russell Wilson,QB,1760,161.3
comp,hwang,2024,11439,Jaleel McLaughlin,RB,1743,68.4
comp,hwang,2024,9500,Josh Downs,WR,1730,102.1
comp,hwang,2024,11643,Jaylen Wright,RB,1694,24.1
comp,hwang,2024,7002,Juwan Johnson,TE,1694,86.8
comp,hwang,2024,6011,Gardner Minshew,QB,1691,96.3
comp,hwang,2024,11626,Xavier Legette,WR,1663,73.1
comp,hwang,2024,11596,Ben Sinnott,TE,1636,11.3
comp,hwang,2024,1689,Adam Thielen,WR,1607,87.1
comp,hwang,2024,9501,Demario Douglas,WR,1589,78.3
comp,hwang,2024,8210,Chigoziem Okonkwo,TE,1577,87.6
comp,hwang,2024,11584,Bucky Irving,RB,1565,183
comp,hwang,2024,6945,Antonio Gibson,RB,1533,74.3
comp,hwang,2024,3257,Jacoby Brissett,QB,1523,45.2
comp,hwang,2024,9754,Quentin Johnston,WR,1512,101.1
comp,hwang,2024,8119,Jahan Dotson,WR,1453,13.5
comp,hwang,2024,11575,Ray Davis,RB,1440,86.6
comp,hwang,2024,6865,Colby Parkinson,TE,1428,49.3
comp,hwang,2024,3286,Demarcus Robinson,WR,1421,85.3
comp,hwang,2024,8172,Greg Dulcich,TE,1402,5.3
comp,hwang,2024,8126,Wan'Dale Robinson,WR,1376,85.4
comp,hwang,2024,8408,Jordan Mason,RB,1355,104
comp,hwang,2024,4993,Mike Gesicki,TE,1355,98.2
comp,hwang,2024,19,Joe Flacco,QB,1355,84.5
comp,hwang,2024,8117,Jalen Tolbert,WR,1313,93.2
comp,hwang,2024,1339,Zach Ertz,TE,1275,131.5
comp,hwang,2024,9494,Marvin Mims,WR,1253,73.4
comp,hwang,2024,9484,Tucker Kraft,TE,1240,132.7
comp,hwang,2024,7571,Rashod Bateman,WR,1236,116
comp,hwang,2024,11559,Michael Penix Jr.,QB,1235,19.1
comp,hwang,2024,11581,MarShawn Lloyd,RB,1198,1.8
comp,hwang,2024,11618,Jalen McMillan,WR,1170,84.4
comp,hwang,2024,5970,Greg Dortch,WR,1169,35.9
comp,hwang,2024,4973,Hayden Hurst,TE,1166,11.3
comp,hwang,2024,11640,Jermaine Burton,WR,1127,10.7
comp,hwang,2024,11597,Theo Johnson,TE,1125,53.6
comp,hwang,2024,7608,Khalil Herbert,RB,1125,13.2
comp,hwang,2024,5906,Dawson Knox,TE,1084,48.1
comp,hwang,2024,11576,Braelon Allen,RB,1076,63.9
comp,hwang,2024,11638,Ricky Pearsall,WR,1064,49.6
comp,hwang,2024,11600,Ja'Tavion Sanders,TE,1046,51.7
comp,hwang,2024,11650,Luke McCaffrey,WR,1040,16.8
comp,hwang,2024,10226,Andrei Iosivas,WR,1017,82.7
comp,hwang,2024,9482,Michael Mayer,TE,1014,22
comp,hwang,2024,7587,Dyami Brown,WR,986,35
comp,hwang,2024,3225,Tyler Boyd,WR,970,39.3
comp,hwang,2024,10866,Aidan O'Connell,QB,954,77.6
comp,hwang,2024,9225,Tank Bigsby,RB,953,111.8
comp,hwang,2024,11617,Malachi Corley,WR,938,2.2
comp,hwang,2024,4089,Gerald Everett,TE,929,7.6
comp,hwang,2024,4147,Samaje Perine,RB,927,52
comp,hwang,2024,2306,Jameis Winston,QB,918,131.1
comp,hwang,2024,11627,Troy Franklin,WR,913,37.9
comp,hwang,2024,5010,Will Dissly,TE,906,72.4
comp,hwang,2024,11610,Malik Washington,WR,880,24
comp,hwang,2024,8225,Daniel Bellinger,TE,879,17.6
comp,hwang,2024,10235,Roschon Johnson,RB,866,59.5
comp,hwang,2024,6149,Darius Slayton,WR,845,71
comp,hwang,2024,7602,Kylen Granson,TE,827,24
comp,hwang,2024,11579,Audric Estime,RB,821,34.3
comp,hwang,2024,4234,Noah Brown,WR,793,51.3
comp,hwang,2024,7828,Noah Gray,TE,782,93.1
comp,hwang,2024,8180,Jalen Nailor,WR,778,69.7
comp,hwang,2024,10214,Davis Allen,TE,772,6.9
comp,hwang,2024,4171,Josh Reynolds,WR,764,24.3
comp,hwang,2024,9497,Jalin Hyatt,WR,736,6.2
comp,hwang,2024,9757,Kendre Miller,RB,721,24.1
comp,hwang,2024,3271,Tyler Higbee,TE,719,9.5
comp,hwang,2024,10213,Tre Tucker,WR,713,79.9
comp,hwang,2024,5995,Justice Hill,RB,706,85.1
comp,hwang,2024,7596,Elijah Moore,WR,688,56.3
comp,hwang,2024,4972,Mason Rudolph,QB,678,92.5
comp,hwang,2024,4351,Tim Patrick,WR,670,57.9
comp,hwang,2024,4951,D.J. Chark,WR,669,2.5
comp,hwang,2024,5987,Alexander Mattison,RB,656,98.3
comp,hwang,2024,11599,Cade Stover,TE,653,26.8
comp,hwang,2024,11577,Will Shipley,RB,642,5
comp,hwang,2024,11592,Erick All,TE,641,25.8
comp,hwang,2024,7049,Jauan Jennings,WR,637,128.3
comp,hwang,2024,6853,Van Jefferson,WR,619,37.8
comp,hwang,2024,8161,Malik Willis,QB,615,48.1
comp,hwang,2024,8147,John Metchie,WR,603,29
comp,hwang,2024,4029,Dalvin Cook,RB,581,3
comp,hwang,2024,11629,Devontez Walker,WR,580,8.1
comp,hwang,2024,6938,Cam Akers,RB,579,72.3
comp,hwang,2024,3634,Kalif Raymond,WR,574,38.4
comp,hwang,2024,4080,Zay Jones,WR,568,3.8
comp,hwang,2024,11595,Jared Wiley,TE,557,1.2
comp,hwang,2024,9487,Parker Washington,WR,547,57.5
comp,hwang,2024,8142,Alec Pierce,WR,545,112.7
comp,hwang,2024,11562,Spencer Rattler,QB,543,52.6
comp,hwang,2024,4454,Kendrick Bourne,WR,542,35.9
comp,hwang,2024,4040,JuJu Smith-Schuster,WR,540,34.7
comp,hwang,2024,7610,Trey Lance,QB,531,0.4
comp,hwang,2024,9511,Keaton Mitchell,RB,528,4.8
comp,hwang,2024,8129,Dameon Pierce,RB,526,17.9
comp,hwang,2024,8135,Treylon Burks,WR,510,3.5
comp,hwang,2024,6271,Olamide Zaccheaus,WR,510,62.3
comp,hwang,2024,10225,Jonathan Mingo,WR,486,12.8
comp,hwang,2024,5374,Justin Watson,WR,482,40.4
comp,hwang,2024,4149,Jamaal Williams,RB,465,25.9
comp,hwang,2024,7066,K.J. Osborn,WR,461,11.7
comp,hwang,2024,7567,Kenneth Gainwell,RB,455,44.3
comp,hwang,2024,4179,Joshua Dobbs,QB,455,8.1
comp,hwang,2024,4054,Mo Alie-Cox,TE,452,26.7
comp,hwang,2024,11636,Johnny Wilson,WR,451,7.4
comp,hwang,2024,8188,Tyquan Thornton,WR,449,4.7
comp,hwang,2024,5185,Allen Lazard,WR,438,75.9
comp,hwang,2024,11306,Xavier Gipson,WR,437,7.9
comp,hwang,2024,4111,D'Onta Foreman,RB,431,23.1
comp,hwang,2024,8204,Bo Melton,WR,429,14.4
comp,hwang,2024,2078,Odell Beckham,WR,429,5.5
comp,hwang,2024,4995,Ian Thomas,TE,429,2.2
comp,hwang,2024,10444,Cedric Tillman,WR,427,51.4
comp,hwang,2024,2325,Nelson Agholor,WR,411,35.1
comp,hwang,2024,7593,Trey Sermon,RB,407,37.3
comp,hwang,2024,10867,Jake Bobo,WR,407,10.3
comp,hwang,2024,8125,Calvin Austin III,WR,403,84.8
comp,hwang,2024,9492,Trey Palmer,WR,399,23.2
comp,hwang,2024,9479,Darnell Washington,TE,397,35.5
comp,hwang,2024,5973,Josh Oliver,TE,397,52.2
comp,hwang,2024,7562,Tutu Atwell,WR,393,53.2
comp,hwang,2024,7694,Tommy Tremble,TE,384,34.9
comp,hwang,2024,5113,Cedrick Wilson,WR,371,27.7
comp,hwang,2024,6820,Clyde Edwards-Helaire,RB,368,3
comp,hwang,2024,5854,Drew Lock,QB,367,72.3
comp,hwang,2024,10218,Xavier Hutchinson,WR,366,11.2
comp,hwang,2025,9509,Bijan Robinson,RB,13310,287.5
comp,hwang,2025,9221,Jahmyr Gibbs,RB,11988,272.6
comp,hwang,2025,4984,Josh Allen,QB,10262,364.6
comp,hwang,2025,4881,Lamar Jackson,QB,10235,194.4
comp,hwang,2025,11566,Jayden Daniels,QB,9907,114.3
comp,hwang,2025,4866,Saquon Barkley,RB,9828,195.3
comp,hwang,2025,4034,Christian McCaffrey,RB,8649,308.9
comp,hwang,2025,6904,Jalen Hurts,QB,8131,299.1
comp,hwang,2025,3198,Derrick Henry,RB,8038,251.9
comp,hwang,2025,6770,Joe Burrow,QB,7888,113.3
comp,hwang,2025,9224,Chase Brown,RB,7692,198.6
comp,hwang,2025,11584,Bucky Irving,RB,7612,98.7
comp,hwang,2025,11604,Brock Bowers,TE,7467,144.2
comp,hwang,2025,9226,De'Von Achane,RB,7278,255.8
comp,hwang,2025,7564,Ja'Marr Chase,WR,7242,173
comp,hwang,2025,5850,Josh Jacobs,RB,7145,201.1
comp,hwang,2025,6813,Jonathan Taylor,RB,7070,312.4
comp,hwang,2025,8150,Kyren Williams,RB,6854,219.2
comp,hwang,2025,6786,CeeDee Lamb,WR,6751,125.5
comp,hwang,2025,8138,James Cook,RB,6464,267.7
comp,hwang,2025,6794,Justin Jefferson,WR,6440,107.1
comp,hwang,2025,4046,Patrick Mahomes,QB,6426,284.7
comp,hwang,2025,4892,Baker Mayfield,QB,6378,258.7
comp,hwang,2025,8130,Trey McBride,TE,6261,242.9
comp,hwang,2025,11563,Bo Nix,QB,6204,294.3
comp,hwang,2025,7569,Nico Collins,WR,6082,155.2
comp,hwang,2025,3294,Dak Prescott,QB,6066,313.1
comp,hwang,2025,5849,Kyler Murray,QB,5867,77.8
comp,hwang,2025,7547,Amon-Ra St. Brown,WR,5825,193.1
comp,hwang,2025,11632,Malik Nabers,WR,5814,39.1
comp,hwang,2025,8183,Brock Purdy,QB,5651,172.2
comp,hwang,2025,11631,Brian Thomas Jr.,WR,5557,85.9
comp,hwang,2025,9493,Puka Nacua,WR,5447,230
comp,hwang,2025,8155,Breece Hall,RB,5445,171.7
comp,hwang,2025,8112,Drake London,WR,5312,120.1
comp,hwang,2025,4217,George Kittle,TE,5279,127.6
comp,hwang,2025,8151,Kenneth Walker III,RB,5274,147.6
comp,hwang,2025,11560,Caleb Williams,QB,5266,299.6
comp,hwang,2025,5859,A.J. Brown,WR,5166,142.3
comp,hwang,2025,7591,Justin Fields,QB,5095,142.7
comp,hwang,2025,9488,Jaxon Smith-Njigba,WR,5063,232.5
comp,hwang,2025,11635,Ladd McConkey,WR,5063,114.9
comp,hwang,2025,3163,Jared Goff,QB,4985,281.8
comp,hwang,2025,7594,Chuba Hubbard,RB,4853,93.7
comp,hwang,2025,4035,Alvin Kamara,RB,4818,67.7
comp,hwang,2025,11564,Drake Maye,QB,4810,335.2
comp,hwang,2025,10859,Sam LaPorta,TE,4765,86.9
comp,hwang,2025,8146,Garrett Wilson,WR,4764,63.5
comp,hwang,2025,6801,Tee Higgins,WR,4749,139.9
comp,hwang,2025,4137,James Conner,RB,4682,25.3
comp,hwang,2025,6797,Justin Herbert,QB,4599,286.9
comp,hwang,2025,3321,Tyreek Hill,WR,4578,32.5
comp,hwang,2025,11565,J.J. McCarthy,QB,4534,117.4
comp,hwang,2025,6790,D'Andre Swift,RB,4527,189.8
comp,hwang,2025,1466,Travis Kelce,TE,4506,152.5
comp,hwang,2025,9758,C.J. Stroud,QB,4441,191.3
comp,hwang,2025,5927,Terry McLaurin,WR,4398,70.5
comp,hwang,2025,5844,T.J. Hockenson,TE,4370,87.3
comp,hwang,2025,11628,Marvin Harrison Jr.,WR,4356,86.8
comp,hwang,2025,2216,Mike Evans,WR,4350,51.4
comp,hwang,2025,8205,Isiah Pacheco,RB,4337,68.3
comp,hwang,2025,5967,Tony Pollard,RB,4252,146.3
comp,hwang,2025,4199,Aaron Jones,RB,4208,90.7
comp,hwang,2025,6804,Jordan Love,QB,4204,235.1
comp,hwang,2025,5892,David Montgomery,RB,4179,137.4
comp,hwang,2025,2133,Davante Adams,WR,4160,162.9
comp,hwang,2025,7523,Trevor Lawrence,QB,4085,314.9
comp,hwang,2025,4983,D.J. Moore,WR,4077,119.1
comp,hwang,2025,5045,Courtland Sutton,WR,4073,145.2
comp,hwang,2025,11624,Xavier Worthy,WR,4040,67.9
comp,hwang,2025,8148,Jameson Williams,WR,4016,147.5
comp,hwang,2025,7525,DeVonta Smith,WR,4002,119.6
comp,hwang,2025,5846,DK Metcalf,WR,3988,128.2
comp,hwang,2025,8137,George Pickens,WR,3923,198
comp,hwang,2025,9997,Zay Flowers,WR,3837,131.5
comp,hwang,2025,8228,Jaylen Warren,RB,3811,167.2
comp,hwang,2025,12518,Tyler Warren,TE,3807,145.4
comp,hwang,2025,4981,Calvin Ridley,WR,3739,30.3
comp,hwang,2025,11559,Michael Penix Jr.,QB,3737,120.3
comp,hwang,2025,10229,Rashee Rice,WR,3700,97.1
comp,hwang,2025,7588,Javonte Williams,RB,3676,207.8
comp,hwang,2025,11638,Ricky Pearsall,WR,3556,52.6
comp,hwang,2025,5012,Mark Andrews,TE,3554,104.6
comp,hwang,2025,6783,Jerry Jeudy,WR,3548,68.5
comp,hwang,2025,7526,Jaylen Waddle,WR,3472,130.1
comp,hwang,2025,9753,Zach Charbonnet,RB,3404,145.7
comp,hwang,2025,4066,Evan Engram,TE,3390,71.8
comp,hwang,2025,9756,Jordan Addison,WR,3362,92.3
comp,hwang,2025,8408,Jordan Mason,RB,3360,105.5
comp,hwang,2025,11620,Rome Odunze,WR,3344,102.1
comp,hwang,2025,7543,Travis Etienne,RB,3325,214.1
comp,hwang,2025,9228,Bryce Young,QB,3278,201.5
comp,hwang,2025,6768,Tua Tagovailoa,QB,3203,160.7
comp,hwang,2025,4033,David Njoku,TE,3191,69.8
comp,hwang,2025,5872,Deebo Samuel,WR,3179,114.1
comp,hwang,2025,9484,Tucker Kraft,TE,3168,101.2
comp,hwang,2025,8144,Chris Olave,WR,3153,168
comp,hwang,2025,12517,Colston Loveland,TE,3139,116
comp,hwang,2025,2449,Stefon Diggs,WR,3118,121
comp,hwang,2025,5947,Jakobi Meyers,WR,3057,96.4
comp,hwang,2025,8134,Khalil Shakir,WR,3032,94.4
comp,hwang,2025,8110,Jake Ferguson,TE,3023,146.1
comp,hwang,2025,10236,Dalton Kincaid,TE,2994,100.3
comp,hwang,2025,7611,Rhamondre Stevenson,RB,2961,113.5
comp,hwang,2025,5022,Dallas Goedert,TE,2956,155.1
comp,hwang,2025,7553,Kyle Pitts,TE,2952,158
comp,hwang,2025,4039,Cooper Kupp,WR,2925,66.4
comp,hwang,2025,7049,Jauan Jennings,WR,2883,114.8
comp,hwang,2025,11637,Keon Coleman,WR,2859,57.5
comp,hwang,2025,1339,Zach Ertz,TE,2817,101.4
comp,hwang,2025,6819,Michael Pittman,WR,2767,121.3
comp,hwang,2025,9480,Brenton Strange,TE,2765,80.8
comp,hwang,2025,4037,Chris Godwin,WR,2746,49.2
comp,hwang,2025,3214,Hunter Henry,TE,2725,140.7
comp,hwang,2025,1373,Geno Smith,QB,2707,173.9
comp,hwang,2025,9500,Josh Downs,WR,2642,72.8
comp,hwang,2025,6806,J.K. Dobbins,RB,2567,104.9
comp,hwang,2025,10222,Jayden Reed,WR,2551,29.5
comp,hwang,2025,7090,Darnell Mooney,WR,2537,48.3
comp,hwang,2025,8210,Chigoziem Okonkwo,TE,2488,94.8
comp,hwang,2025,9225,Tank Bigsby,RB,2433,34.2
comp,hwang,2025,4144,Jonnu Smith,TE,2429,65.3
comp,hwang,2025,9494,Marvin Mims,WR,2401,55
comp,hwang,2025,421,Matthew Stafford,QB,2382,323.7
comp,hwang,2025,4943,Sam Darnold,QB,2352,226.6
comp,hwang,2025,7571,Rashod Bateman,WR,2315,36.4
comp,hwang,2025,8154,Brian Robinson,RB,2307,53.6
comp,hwang,2025,4950,Christian Kirk,WR,2260,30.2
comp,hwang,2025,8131,Isaiah Likely,TE,2246,44
comp,hwang,2025,12498,Mason Taylor,TE,2198,66.9
comp,hwang,2025,8676,Rashid Shaheed,WR,2171,97.4
comp,hwang,2025,8111,Cade Otton,TE,2155,73.8
comp,hwang,2025,7528,Najee Harris,RB,2088,8.6
comp,hwang,2025,96,Aaron Rodgers,QB,2072,208.3
comp,hwang,2025,4993,Mike Gesicki,TE,2039,54.4
comp,hwang,2025,11600,Ja'Tavion Sanders,TE,1963,39.5
comp,hwang,2025,11589,Trey Benson,RB,1938,22.4
comp,hwang,2025,11597,Theo Johnson,TE,1890,105.3
comp,hwang,2025,5848,Marquise Brown,WR,1886,82.3
comp,hwang,2025,10444,Cedric Tillman,WR,1841,36.7
comp,hwang,2025,8121,Romeo Doubs,WR,1830,110.4
comp,hwang,2025,8136,Rachaad White,RB,1794,98.9
comp,hwang,2025,12521,Elijah Arroyo,TE,1767,29.4
comp,hwang,2025,9508,Tyjae Spears,RB,1754,64
comp,hwang,2025,1479,Keenan Allen,WR,1731,98.1
comp,hwang,2025,12506,Harold Fannin,TE,1728,150.4
comp,hwang,2025,5870,Daniel Jones,QB,1683,226.4
comp,hwang,2025,7600,Pat Freiermuth,TE,1679,86.5
comp,hwang,2025,11576,Braelon Allen,RB,1601,13.3
comp,hwang,2025,7021,Rico Dowdle,RB,1544,176.3
comp,hwang,2025,9754,Quentin Johnston,WR,1540,120.2
comp,hwang,2025,7002,Juwan Johnson,TE,1537,135.8
comp,hwang,2025,8126,Wan'Dale Robinson,WR,1511,125.9
comp,hwang,2025,5001,Dalton Schultz,TE,1496,127.4
comp,hwang,2025,1234,Russell Wilson,QB,1474,49.8
comp,hwang,2025,2505,Darren Waller,TE,1440,76.7
comp,hwang,2025,9501,Demario Douglas,WR,1422,61.9
comp,hwang,2025,8143,Jerome Ford,RB,1414,17.6
comp,hwang,2025,11618,Jalen McMillan,WR,1383,16.8
comp,hwang,2025,9229,Anthony Richardson,QB,1381,1.2
comp,hwang,2025,3271,Tyler Higbee,TE,1366,41
comp,hwang,2025,7828,Noah Gray,TE,1336,23.8
comp,hwang,2025,11626,Xavier Legette,WR,1324,52.1
comp,hwang,2025,6826,Cole Kmet,TE,1306,59.1
comp,hwang,2025,8132,Tyler Allgeier,RB,1296,107.1
comp,hwang,2025,19,Joe Flacco,QB,1269,146.5
comp,hwang,2025,12487,Terrance Ferguson,TE,1240,46.6
comp,hwang,2025,8142,Alec Pierce,WR,1238,111.1
comp,hwang,2025,4988,Nick Chubb,RB,1216,75.3
comp,hwang,2025,11575,Ray Davis,RB,1193,30.7
comp,hwang,2025,5133,Tyler Conklin,TE,1173,12.7
comp,hwang,2025,1689,Adam Thielen,WR,1167,16.3
comp,hwang,2025,5857,Noah Fant,TE,1152,58.8
comp,hwang,2025,9486,Dontayvion Wicks,WR,1125,45.8
comp,hwang,2025,6149,Darius Slayton,WR,1091,56.4
comp,hwang,2025,12493,Oronde Gadsden,TE,1072,103.6
comp,hwang,2025,10232,Michael Wilson,WR,1071,126.7
comp,hwang,2025,1426,DeAndre Hopkins,WR,1047,45
comp,hwang,2025,10219,Chris Rodriguez,RB,1029,74.7
comp,hwang,2025,11603,AJ Barner,TE,1018,118.9
comp,hwang,2025,8125,Calvin Austin III,WR,994,43.7
comp,hwang,2025,11562,Spencer Rattler,QB,945,98.1
comp,hwang,2025,5995,Justice Hill,RB,931,44.2
comp,hwang,2025,9504,Kayshon Boutte,WR,917,88.7
comp,hwang,2025,5985,Foster Moreau,TE,908,9.4
comp,hwang,2025,9482,Michael Mayer,TE,891,50.1
comp,hwang,2025,11630,Roman Wilson,WR,851,26.6
comp,hwang,2025,4381,Taysom Hill,TE,848,31.6
comp,hwang,2025,11596,Ben Sinnott,TE,833,21.6
comp,hwang,2025,5906,Dawson Knox,TE,829,76.3
comp,hwang,2025,8117,Jalen Tolbert,WR,812,28.3
comp,hwang,2025,11610,Malik Washington,WR,811,61.9
comp,hwang,2025,12502,Gunnar Helm,TE,787,69.7
comp,hwang,2025,9481,Luke Musgrave,TE,780,37.2
comp,hwang,2025,11586,Blake Corum,RB,771,107.3
comp,hwang,2025,10235,Roschon Johnson,RB,757,1.7
comp,hwang,2025,11625,Adonai Mitchell,WR,718,54.9
comp,hwang,2025,10226,Andrei Iosivas,WR,710,55.9
comp,hwang,2025,5010,Will Dissly,TE,701,14.1
comp,hwang,2025,2374,Tyler Lockett,WR,696,40.6
comp,hwang,2025,7587,Dyami Brown,WR,673,28.9
comp,hwang,2025,6865,Colby Parkinson,TE,666,90.7
comp,hwang,2025,11577,Will Shipley,RB,661,7.2
comp,hwang,2025,11599,Cade Stover,TE,618,12.5
comp,hwang,2025,8180,Jalen Nailor,WR,607,66.8
comp,hwang,2025,7891,Brock Wright,TE,599,29.8
comp,hwang,2025,11627,Troy Franklin,WR,591,112.1
comp,hwang,2025,1166,Kirk Cousins,QB,576,94.3
comp,hwang,2025,11439,Jaleel McLaughlin,RB,575,21.6
comp,hwang,2025,6271,Olamide Zaccheaus,WR,570,45.8
comp,hwang,2025,9479,Darnell Washington,TE,562,57.9
comp,hwang,2025,8177,Grant Calcaterra,TE,562,9
comp,hwang,2025,4098,Kareem Hunt,RB,550,123.9
comp,hwang,2025,10231,Elijah Higgins,TE,539,38.8
comp,hwang,2025,5854,Drew Lock,QB,530,0.1
comp,hwang,2025,4040,JuJu Smith-Schuster,WR,525,39.2
comp,hwang,2025,10213,Tre Tucker,WR,502,101.3
comp,hwang,2025,2306,Jameis Winston,QB,482,42.3
comp,hwang,2025,2197,Brandin Cooks,WR,475,27.9
comp,hwang,2025,11643,Jaylen Wright,RB,462,41.2
comp,hwang,2025,8129,Dameon Pierce,RB,452,2.6
comp,hwang,2025,8188,Tyquan Thornton,WR,451,61.8
comp,hwang,2025,8167,Christian Watson,WR,449,97.4
comp,hwang,2025,7562,Tutu Atwell,WR,442,23.3
comp,hwang,2025,9511,Keaton Mitchell,RB,436,46.2
comp,hwang,2025,5973,Josh Oliver,TE,428,43.6
comp,hwang,2025,9506,Sean Tucker,RB,423,83.8
comp,hwang,2025,11650,Luke McCaffrey,WR,408,40.3
comp,hwang,2025,8168,Skyy Moore,WR,405,9.8
comp,hwang,2025,4082,Curtis Samuel,WR,404,14.1
comp,hwang,2025,8917,KaVontae Turpin,WR,394,57.8
comp,hwang,2025,11617,Malachi Corley,WR,388,16.8
comp,hwang,2025,4234,Noah Brown,WR,388,8.3
comp,hwang,2025,5086,Marquez Valdes-Scantling,WR,382,14.6
comp,hwang,2025,4351,Tim Patrick,WR,381,36.3
comp,hwang,2025,4171,Josh Reynolds,WR,378,12.1
comp,hwang,2025,7596,Elijah Moore,WR,376,19.6
comp,hwang,2025,8119,Jahan Dotson,WR,374,28.2
comp,hwang,2025,8147,John Metchie,WR,372,36.9
comp,hwang,2025,6151,Miles Sanders,RB,368,18.7
comp,hwang,2025,3202,Austin Hooper,TE,364,47.8
comp,hwang,2025,4972,Mason Rudolph,QB,361,15
comp,hwang,2025,7496,Nick Westbrook-Ikhine,WR,358,8.9
comp,hwang,2025,3286,Demarcus Robinson,WR,352,33.8
comp,hwang,2025,8127,Charlie Kolar,TE,345,31.2
comp,hwang,2025,9497,Jalin Hyatt,WR,338,3.5
comp,hwang,2025,5185,Allen Lazard,WR,336,13
comp,hwang,2025,9757,Kendre Miller,RB,328,28.3
comp,hwang,2025,6853,Van Jefferson,WR,322,41
comp,hwang,2025,4080,Zay Jones,WR,320,18.3
comp,hwang,2025,9487,Parker Washington,WR,319,112
comp,hwang,2025,10871,Luke Schoonmaker,TE,312,18.5
comp,hwang,2025,10867,Jake Bobo,WR,311,2
comp,hwang,2025,7694,Tommy Tremble,TE,308,39.1
comp,hwang,2025,5970,Greg Dortch,WR,307,46.1
comp,hwang,2025,8172,Greg Dulcich,TE,301,45.2
comp,hwang,2025,10218,Xavier Hutchinson,WR,301,54.6
comp,hwang,2025,6920,Isaiah Hodgins,WR,301,17.5
comp,hwang,2025,6943,Gabriel Davis,WR,298,8.8
comp,hwang,2025,11256,Tyson Bagent,QB,297,2.6
comp,hwang,2025,8225,Daniel Bellinger,TE,296,39.3
comp,hwang,2025,4454,Kendrick Bourne,WR,296,55.1
comp,hwang,2025,8204,Bo Melton,WR,296,20.2
comp,hwang,2025,11629,Devontez Walker,WR,290,21
comp,hwang,2025,6960,Tyler Johnson,WR,284,25.7
comp,hwang,2025,11595,Jared Wiley,TE,282,0.9
comp,hwang,2025,7595,Tylan Wallace,WR,281,10.5
comp,hwang,2025,10225,Jonathan Mingo,WR,276,2.5
comp,hwang,2025,11435,Emanuel Wilson,RB,272,74.7
comp,hwang,2025,6290,Scotty Miller,WR,272,5.3
comp,hwang,2025,8135,Treylon Burks,WR,269,17.8
