value_basis,format,scope,year,archetype_id,pair_key,pos_a,pos_b,pair_plugs,weight_sum,total_hvorp_a,total_hvorp_b,rel_diff_pct
comp,hwang,overall,,,QB_vs_RB,QB,RB,1474400,1165089.67,99704165.9,101967985,-2.2
comp,hwang,overall,,,QB_vs_WR,QB,WR,2413000,1418286.35,97140279.7,92740873.4,4.6
comp,hwang,overall,,,QB_vs_TE,QB,TE,953800,467480.39,30702260.8,29162189.1,5.1
comp,hwang,overall,,,RB_vs_WR,RB,WR,3895000,2152050.48,145143069.7,144958080.4,0.1
comp,hwang,overall,,,RB_vs_TE,RB,TE,1383200,666585.22,43836004.6,41035905.9,6.6
comp,hwang,overall,,,WR_vs_TE,WR,TE,3097000,1248610.46,67418709.4,68831351.5,-2.1
comp,hwang,year,2021,,QB_vs_RB,QB,RB,190000,200726.65,21400729.7,20193329.7,5.8
comp,hwang,year,2021,,QB_vs_WR,QB,WR,357200,204710.39,12579960.5,16817401.6,-28.8
comp,hwang,year,2021,,QB_vs_TE,QB,TE,129200,57712.68,5093380,4596795.5,10.2
comp,hwang,year,2021,,RB_vs_WR,RB,WR,334400,192681.62,11301576.4,16903841.1,-39.7
comp,hwang,year,2021,,RB_vs_TE,RB,TE,121600,67246.12,5102300.6,5832258.5,-13.4
comp,hwang,year,2021,,WR_vs_TE,WR,TE,368600,126277.68,9403996.7,9513616.6,-1.2
comp,hwang,archetype,2021,2024_1,QB_vs_RB,QB,RB,10000,9954.88,1479359.8,1016944.9,37
comp,hwang,archetype,2021,2024_1,QB_vs_WR,QB,WR,18800,10152.45,1022088.6,929311.6,9.5
comp,hwang,archetype,2021,2024_1,QB_vs_TE,QB,TE,6800,2862.21,367217.6,245624.7,39.7
comp,hwang,archetype,2021,2024_1,RB_vs_WR,RB,WR,17600,9555.89,556266.2,933201.2,-50.6
comp,hwang,archetype,2021,2024_1,RB_vs_TE,RB,TE,6400,3335.02,250190.8,309507.8,-21.2
comp,hwang,archetype,2021,2024_1,WR_vs_TE,WR,TE,19400,6262.64,522882.3,516229.1,1.3
comp,hwang,archetype,2021,2024_2,QB_vs_RB,QB,RB,10000,9461.24,1128065.6,1015753.6,10.5
comp,hwang,archetype,2021,2024_2,QB_vs_WR,QB,WR,18800,9649.01,705119,887379.5,-22.9
comp,hwang,archetype,2021,2024_2,QB_vs_TE,QB,TE,6800,2720.28,297817.9,259674.3,13.7
comp,hwang,archetype,2021,2024_2,RB_vs_WR,RB,WR,17600,9082.03,594016.2,892504.6,-40.2
comp,hwang,archetype,2021,2024_2,RB_vs_TE,RB,TE,6400,3169.64,269934.4,326095.5,-18.8
comp,hwang,archetype,2021,2024_2,WR_vs_TE,WR,TE,19400,5952.09,499461.7,543345,-8.4
comp,hwang,archetype,2021,2024_3,QB_vs_RB,QB,RB,10000,10149.21,1285267.5,1061763.4,19
comp,hwang,archetype,2021,2024_3,QB_vs_WR,QB,WR,18800,10350.64,737326.1,1012896.8,-31.5
comp,hwang,archetype,2021,2024_3,QB_vs_TE,QB,TE,6800,2918.09,299571.4,258229.5,14.8
comp,hwang,archetype,2021,2024_3,RB_vs_WR,RB,WR,17600,9742.44,605383.5,1013515.7,-50.4
comp,hwang,archetype,2021,2024_3,RB_vs_TE,RB,TE,6400,3400.12,269914.2,326910.4,-19.1
comp,hwang,archetype,2021,2024_3,WR_vs_TE,WR,TE,19400,6384.9,571637.6,544652.4,4.8
comp,hwang,archetype,2021,2024_4,QB_vs_RB,QB,RB,10000,10164.5,1204644.9,1079563.4,11
comp,hwang,archetype,2021,2024_4,QB_vs_WR,QB,WR,18800,10366.23,711775.1,867162.8,-19.7
comp,hwang,archetype,2021,2024_4,QB_vs_TE,QB,TE,6800,2922.49,269850.1,264841.4,1.9
comp,hwang,archetype,2021,2024_4,RB_vs_WR,RB,WR,17600,9757.11,615704.7,869492.9,-34.2
comp,hwang,archetype,2021,2024_4,RB_vs_TE,RB,TE,6400,3405.24,276449.9,335446.1,-19.3
comp,hwang,archetype,2021,2024_4,WR_vs_TE,WR,TE,19400,6394.52,483905,550418.9,-12.9
comp,hwang,archetype,2021,2024_5,QB_vs_RB,QB,RB,10000,8047.9,963180.7,1059855.3,-9.6
comp,hwang,archetype,2021,2024_5,QB_vs_WR,QB,WR,18800,8207.62,618424.6,963728.4,-43.6
comp,hwang,archetype,2021,2024_5,QB_vs_TE,QB,TE,6800,2313.92,230641.6,255685.3,-10.3
comp,hwang,archetype,2021,2024_5,RB_vs_WR,RB,WR,17600,7725.34,657116.5,956162.2,-37.1
comp,hwang,archetype,2021,2024_5,RB_vs_TE,RB,TE,6400,2696.15,290139.3,320208.6,-9.9
comp,hwang,archetype,2021,2024_5,WR_vs_TE,WR,TE,19400,5062.95,548964,537504.1,2.1
comp,hwang,archetype,2021,2024_6,QB_vs_RB,QB,RB,10000,10145.62,1001352.5,1114823.5,-10.7
comp,hwang,archetype,2021,2024_6,QB_vs_WR,QB,WR,18800,10346.98,562079.7,925175.8,-48.8
comp,hwang,archetype,2021,2024_6,QB_vs_TE,QB,TE,6800,2917.06,235409.3,248761.8,-5.5
comp,hwang,archetype,2021,2024_6,RB_vs_WR,RB,WR,17600,9738.99,635189,927032.2,-37.4
comp,hwang,archetype,2021,2024_6,RB_vs_TE,RB,TE,6400,3398.92,285398.9,314299.7,-9.6
comp,hwang,archetype,2021,2024_6,WR_vs_TE,WR,TE,19400,6382.64,519063.8,516153.1,0.6
comp,hwang,archetype,2021,2025_1,QB_vs_RB,QB,RB,10000,11493.49,1340290.5,1032233.3,26
comp,hwang,archetype,2021,2025_1,QB_vs_WR,QB,WR,18800,11721.59,721702.6,1041799.5,-36.3
comp,hwang,archetype,2021,2025_1,QB_vs_TE,QB,TE,6800,3304.59,298123.5,260024.7,13.7
comp,hwang,archetype,2021,2025_1,RB_vs_WR,RB,WR,17600,11032.83,537891.3,1044010.9,-64
comp,hwang,archetype,2021,2025_1,RB_vs_TE,RB,TE,6400,3850.47,245587.1,330182.9,-29.4
comp,hwang,archetype,2021,2025_1,WR_vs_TE,WR,TE,19400,7230.58,588052.2,545704.9,7.5
comp,hwang,archetype,2021,2025_2,QB_vs_RB,QB,RB,10000,10907.45,947754.4,1079020.9,-13
comp,hwang,archetype,2021,2025_2,QB_vs_WR,QB,WR,18800,11123.92,502912.5,865523.8,-53
comp,hwang,archetype,2021,2025_2,QB_vs_TE,QB,TE,6800,3136.1,212428.1,234196.4,-9.7
comp,hwang,archetype,2021,2025_2,RB_vs_WR,RB,WR,17600,10470.28,593376.9,872590.6,-38.1
comp,hwang,archetype,2021,2025_2,RB_vs_TE,RB,TE,6400,3654.14,269054.9,297667.4,-10.1
comp,hwang,archetype,2021,2025_2,WR_vs_TE,WR,TE,19400,6861.9,483748.1,481928.4,0.4
comp,hwang,archetype,2021,2025_3,QB_vs_RB,QB,RB,10000,11067.35,1033565.3,1038394.9,-0.5
comp,hwang,archetype,2021,2025_3,QB_vs_WR,QB,WR,18800,11287,590511.8,865876.5,-37.8
comp,hwang,archetype,2021,2025_3,QB_vs_TE,QB,TE,6800,3182.07,243067,233924.9,3.8
comp,hwang,archetype,2021,2025_3,RB_vs_WR,RB,WR,17600,10623.77,580466.1,869139.9,-39.8
comp,hwang,archetype,2021,2025_3,RB_vs_TE,RB,TE,6400,3707.71,263170,300055.6,-13.1
comp,hwang,archetype,2021,2025_3,WR_vs_TE,WR,TE,19400,6962.5,479619.9,476939.7,0.6
comp,hwang,archetype,2021,2025_4,QB_vs_RB,QB,RB,10000,11231.57,1206300.4,1036779.9,15.1
comp,hwang,archetype,2021,2025_4,QB_vs_WR,QB,WR,18800,11454.48,685863,779457.5,-12.8
comp,hwang,archetype,2021,2025_4,QB_vs_TE,QB,TE,6800,3229.29,280325.7,210490.4,28.5
comp,hwang,archetype,2021,2025_4,RB_vs_WR,RB,WR,17600,10781.41,574590.2,779419.5,-30.3
comp,hwang,archetype,2021,2025_4,RB_vs_TE,RB,TE,6400,3762.73,258828.6,268023.2,-3.5
comp,hwang,archetype,2021,2025_4,WR_vs_TE,WR,TE,19400,7065.81,423182.8,425367.5,-0.5
comp,hwang,archetype,2021,2025_5,QB_vs_RB,QB,RB,10000,10215.36,1115200.1,1063265.8,4.8
comp,hwang,archetype,2021,2025_5,QB_vs_WR,QB,WR,18800,10418.1,668765.2,932196.1,-32.9
comp,hwang,archetype,2021,2025_5,QB_vs_TE,QB,TE,6800,2937.11,285060.4,227174.9,22.6
comp,hwang,archetype,2021,2025_5,RB_vs_WR,RB,WR,17600,9805.94,601880.2,940800.3,-43.9
comp,hwang,archetype,2021,2025_5,RB_vs_TE,RB,TE,6400,3422.28,275933.1,285523.6,-3.4
comp,hwang,archetype,2021,2025_5,WR_vs_TE,WR,TE,19400,6426.51,525280,469758.6,11.2
comp,hwang,archetype,2021,2025_6,QB_vs_RB,QB,RB,10000,10030.88,1094573.7,1081675.3,1.2
comp,hwang,archetype,2021,2025_6,QB_vs_WR,QB,WR,18800,10229.96,723699.1,927439.5,-24.7
comp,hwang,archetype,2021,2025_6,QB_vs_TE,QB,TE,6800,2884.07,284698.1,264062.2,7.5
comp,hwang,archetype,2021,2025_6,RB_vs_WR,RB,WR,17600,9628.84,609427.7,929160.8,-41.6
comp,hwang,archetype,2021,2025_6,RB_vs_TE,RB,TE,6400,3360.48,272479.2,332937.9,-20
comp,hwang,archetype,2021,2025_6,WR_vs_TE,WR,TE,19400,6310.45,520826.8,556131.9,-6.6
comp,hwang,archetype,2021,2026_1,QB_vs_RB,QB,RB,10000,11994.84,1095704.2,1022554.2,6.9
comp,hwang,archetype,2021,2026_1,QB_vs_WR,QB,WR,18800,12232.89,589080.4,785048.7,-28.5
comp,hwang,archetype,2021,2026_1,QB_vs_TE,QB,TE,6800,3448.74,249847.3,230299.7,8.1
comp,hwang,archetype,2021,2026_1,RB_vs_WR,RB,WR,17600,11514.09,537649.2,791756,-38.2
comp,hwang,archetype,2021,2026_1,RB_vs_TE,RB,TE,6400,4018.43,247911.1,293997.5,-17
comp,hwang,archetype,2021,2026_1,WR_vs_TE,WR,TE,19400,7545.98,425311.4,464883.6,-8.9
comp,hwang,archetype,2021,2026_2,QB_vs_RB,QB,RB,10000,10679.13,910312.8,1175501.2,-25.4
comp,hwang,archetype,2021,2026_2,QB_vs_WR,QB,WR,18800,10891.07,478319.1,814609.7,-52
comp,hwang,archetype,2021,2026_2,QB_vs_TE,QB,TE,6800,3070.45,202318.4,245088.6,-19.1
comp,hwang,archetype,2021,2026_2,RB_vs_WR,RB,WR,17600,10251.12,680210.2,824565.2,-19.2
comp,hwang,archetype,2021,2026_2,RB_vs_TE,RB,TE,6400,3577.65,305862.4,311653.4,-1.9
comp,hwang,archetype,2021,2026_2,WR_vs_TE,WR,TE,19400,6718.27,458776.2,505283.3,-9.6
comp,hwang,archetype,2021,2026_3,QB_vs_RB,QB,RB,10000,10463.88,943287.1,1077517.3,-13.3
comp,hwang,archetype,2021,2026_3,QB_vs_WR,QB,WR,18800,10671.55,539404.2,785562.3,-37.2
comp,hwang,archetype,2021,2026_3,QB_vs_TE,QB,TE,6800,3008.56,212157.6,228972.4,-7.6
comp,hwang,archetype,2021,2026_3,RB_vs_WR,RB,WR,17600,10044.49,629995.9,791345.7,-22.7
comp,hwang,archetype,2021,2026_3,RB_vs_TE,RB,TE,6400,3505.54,277765.1,295120.5,-6.1
comp,hwang,archetype,2021,2026_3,WR_vs_TE,WR,TE,19400,6582.86,436951.9,467846,-6.8
comp,hwang,archetype,2021,2026_4,QB_vs_RB,QB,RB,10000,11517.24,1060954.5,1086504,-2.4
comp,hwang,archetype,2021,2026_4,QB_vs_WR,QB,WR,18800,11745.82,602950.9,790484.8,-26.9
comp,hwang,archetype,2021,2026_4,QB_vs_TE,QB,TE,6800,3311.42,250152.1,225544.9,10.3
comp,hwang,archetype,2021,2026_4,RB_vs_WR,RB,WR,17600,11055.64,598543.1,797440.5,-28.5
comp,hwang,archetype,2021,2026_4,RB_vs_TE,RB,TE,6400,3858.43,273085.6,290552.7,-6.2
comp,hwang,archetype,2021,2026_4,WR_vs_TE,WR,TE,19400,7245.53,435946.3,456000,-4.5
comp,hwang,archetype,2021,2026_5,QB_vs_RB,QB,RB,10000,11840.14,1320172.2,1032423.2,24.5
comp,hwang,archetype,2021,2026_5,QB_vs_WR,QB,WR,18800,12075.13,701909.8,903994.6,-25.2
comp,hwang,archetype,2021,2026_5,QB_vs_TE,QB,TE,6800,3404.26,292868.3,240066.6,19.8
comp,hwang,archetype,2021,2026_5,RB_vs_WR,RB,WR,17600,11365.59,533469.3,911777.9,-52.4
comp,hwang,archetype,2021,2026_5,RB_vs_TE,RB,TE,6400,3966.61,242921.1,306663,-23.2
comp,hwang,archetype,2021,2026_5,WR_vs_TE,WR,TE,19400,7448.67,506834.3,496281.7,2.1
comp,hwang,archetype,2021,2026_6,QB_vs_RB,QB,RB,10000,10666.72,1134764.5,1100200.9,3.1
comp,hwang,archetype,2021,2026_6,QB_vs_WR,QB,WR,18800,10878.42,675310.6,867723.6,-24.9
comp,hwang,archetype,2021,2026_6,QB_vs_TE,QB,TE,6800,3066.88,289089.3,236533.5,20
comp,hwang,archetype,2021,2026_6,RB_vs_WR,RB,WR,17600,10239.2,620903.7,881414.4,-34.7
comp,hwang,archetype,2021,2026_6,RB_vs_TE,RB,TE,6400,3573.49,283771.2,298531.6,-5.1
comp,hwang,archetype,2021,2026_6,WR_vs_TE,WR,TE,19400,6710.46,486923.3,488385.6,-0.3
comp,hwang,archetype,2021,2026_7,QB_vs_RB,QB,RB,10000,10695.27,1135978.8,1018554.5,10.9
comp,hwang,archetype,2021,2026_7,QB_vs_WR,QB,WR,18800,10907.53,742718.3,872030,-16
comp,hwang,archetype,2021,2026_7,QB_vs_TE,QB,TE,6800,3075.09,292736.2,227599.2,25
comp,hwang,archetype,2021,2026_7,RB_vs_WR,RB,WR,17600,10266.61,539496.4,878510.8,-47.8
comp,hwang,archetype,2021,2026_7,RB_vs_TE,RB,TE,6400,3583.06,243903.8,288881,-16.9
comp,hwang,archetype,2021,2026_7,WR_vs_TE,WR,TE,19400,6728.42,486628.9,470802.6,3.3
comp,hwang,year,2022,,QB_vs_RB,QB,RB,304000,203060.51,17748618.4,15178588.4,15.6
comp,hwang,year,2022,,QB_vs_WR,QB,WR,501600,308496.57,23260758.6,18542349.5,22.6
comp,hwang,year,2022,,QB_vs_TE,QB,TE,178600,80599.45,4377583.7,4813339.4,-9.5
comp,hwang,year,2022,,RB_vs_WR,RB,WR,798000,463592.2,31311673.1,34219336.8,-8.9
comp,hwang,year,2022,,RB_vs_TE,RB,TE,258400,115360.35,7146030.4,8076874.8,-12.2
comp,hwang,year,2022,,WR_vs_TE,WR,TE,509200,236454.54,13313955.4,13060735.3,1.9
comp,hwang,archetype,2022,2024_1,QB_vs_RB,QB,RB,16000,10618.21,951104.8,753992.5,23.1
comp,hwang,archetype,2022,2024_1,QB_vs_WR,QB,WR,26400,16131.55,1341963.8,1061727.5,23.3
comp,hwang,archetype,2022,2024_1,QB_vs_TE,QB,TE,9400,4214.61,245838.1,256021.5,-4.1
comp,hwang,archetype,2022,2024_1,RB_vs_WR,RB,WR,42000,24241.63,1543569.7,1932693.3,-22.4
comp,hwang,archetype,2022,2024_1,RB_vs_TE,RB,TE,13600,6032.29,352310.2,431383.2,-20.2
comp,hwang,archetype,2022,2024_1,WR_vs_TE,WR,TE,26800,12364.41,764100.5,697805.9,9.1
comp,hwang,archetype,2022,2024_2,QB_vs_RB,QB,RB,16000,9598.25,1112151.7,771871.9,36.1
comp,hwang,archetype,2022,2024_2,QB_vs_WR,QB,WR,26400,14581.99,1498616,955589,44.3
comp,hwang,archetype,2022,2024_2,QB_vs_TE,QB,TE,9400,3809.77,300516.4,269537.6,10.9
comp,hwang,archetype,2022,2024_2,RB_vs_WR,RB,WR,42000,21913.04,1592312,1739811.3,-8.9
comp,hwang,archetype,2022,2024_2,RB_vs_TE,RB,TE,13600,5452.85,367229.6,448400.3,-19.9
comp,hwang,archetype,2022,2024_2,WR_vs_TE,WR,TE,26800,11176.72,685366,744507.7,-8.3
comp,hwang,archetype,2022,2024_3,QB_vs_RB,QB,RB,16000,10156.28,959588.7,834943.8,13.9
comp,hwang,archetype,2022,2024_3,QB_vs_WR,QB,WR,26400,15429.78,1160345.3,1119776.5,3.6
comp,hwang,archetype,2022,2024_3,QB_vs_TE,QB,TE,9400,4031.26,226899.2,268127.7,-16.7
comp,hwang,archetype,2022,2024_3,RB_vs_WR,RB,WR,42000,23187.05,1739737.2,2033699,-15.6
comp,hwang,archetype,2022,2024_3,RB_vs_TE,RB,TE,13600,5769.87,396327.1,449020.7,-12.5
comp,hwang,archetype,2022,2024_3,WR_vs_TE,WR,TE,26800,11826.52,801095.6,734029.3,8.7
comp,hwang,archetype,2022,2024_4,QB_vs_RB,QB,RB,16000,10260.85,757582.8,896356.9,-16.8
comp,hwang,archetype,2022,2024_4,QB_vs_WR,QB,WR,26400,15588.63,1015404,1052705.4,-3.6
comp,hwang,archetype,2022,2024_4,QB_vs_TE,QB,TE,9400,4072.77,182246.8,301436.9,-49.3
comp,hwang,archetype,2022,2024_4,RB_vs_WR,RB,WR,42000,23425.77,1855081.9,1916191.2,-3.2
comp,hwang,archetype,2022,2024_4,RB_vs_TE,RB,TE,13600,5829.27,426660.6,497520.1,-15.3
comp,hwang,archetype,2022,2024_4,WR_vs_TE,WR,TE,26800,11948.28,756798.3,826761.5,-8.8
comp,hwang,archetype,2022,2024_5,QB_vs_RB,QB,RB,16000,8753.27,744267.3,953007.9,-24.6
comp,hwang,archetype,2022,2024_5,QB_vs_WR,QB,WR,26400,13298.28,1016078.9,1155722.2,-12.9
comp,hwang,archetype,2022,2024_5,QB_vs_TE,QB,TE,9400,3474.38,192626.5,298538.6,-43.1
comp,hwang,archetype,2022,2024_5,RB_vs_WR,RB,WR,42000,19983.94,2010542.4,2057532.6,-2.3
comp,hwang,archetype,2022,2024_5,RB_vs_TE,RB,TE,13600,4972.81,468867.7,487973.7,-4
comp,hwang,archetype,2022,2024_5,WR_vs_TE,WR,TE,26800,10192.78,830692.4,823530.2,0.9
comp,hwang,archetype,2022,2024_6,QB_vs_RB,QB,RB,16000,10033.47,1006783.9,792421.4,23.8
comp,hwang,archetype,2022,2024_6,QB_vs_WR,QB,WR,26400,15243.19,1302579.6,1004825.5,25.8
comp,hwang,archetype,2022,2024_6,QB_vs_TE,QB,TE,9400,3982.52,253977.4,254772.8,-0.3
comp,hwang,archetype,2022,2024_6,RB_vs_WR,RB,WR,42000,22906.66,1625097.5,1823466.9,-11.5
comp,hwang,archetype,2022,2024_6,RB_vs_TE,RB,TE,13600,5700.1,374332.7,424788,-12.6
comp,hwang,archetype,2022,2024_6,WR_vs_TE,WR,TE,26800,11683.51,719750.7,692290.5,3.9
comp,hwang,archetype,2022,2025_1,QB_vs_RB,QB,RB,16000,11481,964179.6,774019.7,21.9
comp,hwang,archetype,2022,2025_1,QB_vs_WR,QB,WR,26400,17442.34,1205728.4,1059299.4,12.9
comp,hwang,archetype,2022,2025_1,QB_vs_TE,QB,TE,9400,4557.08,228342.9,264262.1,-14.6
comp,hwang,archetype,2022,2025_1,RB_vs_WR,RB,WR,42000,26211.41,1585257.7,1974937.2,-21.9
comp,hwang,archetype,2022,2025_1,RB_vs_TE,RB,TE,13600,6522.45,355570.1,446783.5,-22.7
comp,hwang,archetype,2022,2025_1,WR_vs_TE,WR,TE,26800,13369.09,760646,718053.9,5.8
comp,hwang,archetype,2022,2025_2,QB_vs_RB,QB,RB,16000,10881.42,779999.7,781733.8,-0.2
comp,hwang,archetype,2022,2025_2,QB_vs_WR,QB,WR,26400,16531.44,1000291.6,950509.9,5.1
comp,hwang,archetype,2022,2025_2,QB_vs_TE,QB,TE,9400,4319.09,181819.6,253513.9,-32.9
comp,hwang,archetype,2022,2025_2,RB_vs_WR,RB,WR,42000,24842.56,1588405.3,1757154.1,-10.1
comp,hwang,archetype,2022,2025_2,RB_vs_TE,RB,TE,13600,6181.83,365783.5,423055.1,-14.5
comp,hwang,archetype,2022,2025_2,WR_vs_TE,WR,TE,26800,12670.91,681697.3,688548.8,-1
comp,hwang,archetype,2022,2025_3,QB_vs_RB,QB,RB,16000,11329.63,885508.3,777474,13
comp,hwang,archetype,2022,2025_3,QB_vs_WR,QB,WR,26400,17212.36,1155865.6,911836.7,23.6
comp,hwang,archetype,2022,2025_3,QB_vs_TE,QB,TE,9400,4496.99,210134.2,242061.1,-14.1
comp,hwang,archetype,2022,2025_3,RB_vs_WR,RB,WR,42000,25865.82,1608372.9,1721213.7,-6.8
comp,hwang,archetype,2022,2025_3,RB_vs_TE,RB,TE,13600,6436.45,364357,412105.7,-12.3
comp,hwang,archetype,2022,2025_3,WR_vs_TE,WR,TE,26800,13192.82,653520.7,646834.5,1
comp,hwang,archetype,2022,2025_4,QB_vs_RB,QB,RB,16000,10698.62,1247939.8,798177.7,44
comp,hwang,archetype,2022,2025_4,QB_vs_WR,QB,WR,26400,16253.71,1646042.6,903343.6,58.3
comp,hwang,archetype,2022,2025_4,QB_vs_TE,QB,TE,9400,4246.53,322897.5,238400.1,30.1
comp,hwang,archetype,2022,2025_4,RB_vs_WR,RB,WR,42000,24425.21,1676142.1,1680072.2,-0.2
comp,hwang,archetype,2022,2025_4,RB_vs_TE,RB,TE,13600,6077.97,377048.8,398686.5,-5.6
comp,hwang,archetype,2022,2025_4,WR_vs_TE,WR,TE,26800,12458.04,647115.7,642597.9,0.7
comp,hwang,archetype,2022,2025_5,QB_vs_RB,QB,RB,16000,10630.9,978387.6,749820.2,26.5
comp,hwang,archetype,2022,2025_5,QB_vs_WR,QB,WR,26400,16150.83,1282348.3,1047254,20.2
comp,hwang,archetype,2022,2025_5,QB_vs_TE,QB,TE,9400,4219.65,247991.4,237447.2,4.3
comp,hwang,archetype,2022,2025_5,RB_vs_WR,RB,WR,42000,24270.61,1526407.3,1910041.8,-22.3
comp,hwang,archetype,2022,2025_5,RB_vs_TE,RB,TE,13600,6039.5,349118,395323.6,-12.4
comp,hwang,archetype,2022,2025_5,WR_vs_TE,WR,TE,26800,12379.19,752222.8,642917.8,15.7
comp,hwang,archetype,2022,2025_6,QB_vs_RB,QB,RB,16000,10113.36,966025.3,826847.7,15.5
comp,hwang,archetype,2022,2025_6,QB_vs_WR,QB,WR,26400,15364.56,1360294.6,1016602,28.9
comp,hwang,archetype,2022,2025_6,QB_vs_TE,QB,TE,9400,4014.23,251753.6,276045,-9.2
comp,hwang,archetype,2022,2025_6,RB_vs_WR,RB,WR,42000,23089.04,1700804.1,1853224.7,-8.6
comp,hwang,archetype,2022,2025_6,RB_vs_TE,RB,TE,13600,5745.48,392389.6,462217.1,-16.3
comp,hwang,archetype,2022,2025_6,WR_vs_TE,WR,TE,26800,11776.53,730985,759946.2,-3.9
comp,hwang,archetype,2022,2026_1,QB_vs_RB,QB,RB,16000,10929.77,1146871.8,765377.5,39.9
comp,hwang,archetype,2022,2026_1,QB_vs_WR,QB,WR,26400,16604.88,1488364.9,922703.9,46.9
comp,hwang,archetype,2022,2026_1,QB_vs_TE,QB,TE,9400,4338.28,289177.8,248837.4,15
comp,hwang,archetype,2022,2026_1,RB_vs_WR,RB,WR,42000,24952.93,1595885.2,1706349,-6.7
comp,hwang,archetype,2022,2026_1,RB_vs_TE,RB,TE,13600,6209.29,362485.9,416267.4,-13.8
comp,hwang,archetype,2022,2026_1,WR_vs_TE,WR,TE,26800,12727.21,659627.4,671607.4,-1.8
comp,hwang,archetype,2022,2026_2,QB_vs_RB,QB,RB,16000,10739.88,749892,842237.7,-11.6
comp,hwang,archetype,2022,2026_2,QB_vs_WR,QB,WR,26400,16316.41,958357.9,905436,5.7
comp,hwang,archetype,2022,2026_2,QB_vs_TE,QB,TE,9400,4262.91,174257.8,253789.5,-37.2
comp,hwang,archetype,2022,2026_2,RB_vs_WR,RB,WR,42000,24519.42,1726373.1,1688259.1,2.2
comp,hwang,archetype,2022,2026_2,RB_vs_TE,RB,TE,13600,6101.42,399591.6,425036.4,-6.2
comp,hwang,archetype,2022,2026_2,WR_vs_TE,WR,TE,26800,12506.1,649836.4,689756.4,-6
comp,hwang,archetype,2022,2026_3,QB_vs_RB,QB,RB,16000,11315.31,728288.1,848065.4,-15.2
comp,hwang,archetype,2022,2026_3,QB_vs_WR,QB,WR,26400,17190.61,891630.8,862690.4,3.3
comp,hwang,archetype,2022,2026_3,QB_vs_TE,QB,TE,9400,4491.31,155030.5,235170.8,-41.1
comp,hwang,archetype,2022,2026_3,RB_vs_WR,RB,WR,42000,25833.14,1788238.9,1622085.7,9.7
comp,hwang,archetype,2022,2026_3,RB_vs_TE,RB,TE,13600,6428.32,403487.8,401924,0.4
comp,hwang,archetype,2022,2026_3,WR_vs_TE,WR,TE,26800,13176.16,619430.4,625778.1,-1
comp,hwang,archetype,2022,2026_4,QB_vs_RB,QB,RB,16000,11482.28,898818.4,804595.9,11.1
comp,hwang,archetype,2022,2026_4,QB_vs_WR,QB,WR,26400,17444.28,1174259.4,816832.4,35.9
comp,hwang,archetype,2022,2026_4,QB_vs_TE,QB,TE,9400,4557.59,212914,231879.7,-8.5
comp,hwang,archetype,2022,2026_4,RB_vs_WR,RB,WR,42000,26214.34,1650895.6,1566653.4,5.2
comp,hwang,archetype,2022,2026_4,RB_vs_TE,RB,TE,13600,6523.18,374172.7,395439.7,-5.5
comp,hwang,archetype,2022,2026_4,WR_vs_TE,WR,TE,26800,13370.59,588099,616645,-4.7
comp,hwang,archetype,2022,2026_5,QB_vs_RB,QB,RB,16000,11910.76,879815.3,753701.5,15.4
comp,hwang,archetype,2022,2026_5,QB_vs_WR,QB,WR,26400,18095.24,1085510.2,941706.3,14.2
comp,hwang,archetype,2022,2026_5,QB_vs_TE,QB,TE,9400,4727.66,198904.1,238313.2,-18
comp,hwang,archetype,2022,2026_5,RB_vs_WR,RB,WR,42000,27192.57,1537834.4,1782760.5,-14.8
comp,hwang,archetype,2022,2026_5,RB_vs_TE,RB,TE,13600,6766.6,343680.7,405045.2,-16.4
comp,hwang,archetype,2022,2026_5,WR_vs_TE,WR,TE,26800,13869.53,676486.5,638666,5.8
comp,hwang,archetype,2022,2026_6,QB_vs_RB,QB,RB,16000,11155.05,1003854.6,718408.8,33.1
comp,hwang,archetype,2022,2026_6,QB_vs_WR,QB,WR,26400,16947.14,1309508.5,901459.3,36.9
comp,hwang,archetype,2022,2026_6,QB_vs_TE,QB,TE,9400,4427.7,251445.4,228052.2,9.8
comp,hwang,archetype,2022,2026_6,RB_vs_WR,RB,WR,42000,25467.26,1464047.4,1685040.2,-14
comp,hwang,archetype,2022,2026_6,RB_vs_TE,RB,TE,13600,6337.28,332542.4,384459,-14.5
comp,hwang,archetype,2022,2026_6,WR_vs_TE,WR,TE,26800,12989.54,648490.9,615689.5,5.2
comp,hwang,archetype,2022,2026_7,QB_vs_RB,QB,RB,16000,10972.19,987558.6,735534.1,29.3
comp,hwang,archetype,2022,2026_7,QB_vs_WR,QB,WR,26400,16669.34,1367568.2,952329.5,35.8
comp,hwang,archetype,2022,2026_7,QB_vs_TE,QB,TE,9400,4355.12,250810.5,217132.2,14.4
comp,hwang,archetype,2022,2026_7,RB_vs_WR,RB,WR,42000,25049.79,1496668.6,1768151.1,-16.6
comp,hwang,archetype,2022,2026_7,RB_vs_TE,RB,TE,13600,6233.39,340074.3,371445.7,-8.8
comp,hwang,archetype,2022,2026_7,WR_vs_TE,WR,TE,26800,12776.61,687993.8,584768.7,16.2
comp,hwang,year,2023,,QB_vs_RB,QB,RB,376200,289187.79,22747426.4,21708088.6,4.7
comp,hwang,year,2023,,QB_vs_WR,QB,WR,543400,279642.41,18109687.3,16860385.3,7.1
comp,hwang,year,2023,,QB_vs_TE,QB,TE,193800,88363.21,6088064.9,4912858.4,21.4
comp,hwang,year,2023,,RB_vs_WR,RB,WR,1052600,545794.4,36594947.6,37315881.9,-2
comp,hwang,year,2023,,RB_vs_TE,RB,TE,315400,154491.89,9870710.4,9512353,3.7
comp,hwang,year,2023,,WR_vs_TE,WR,TE,615600,275341.27,14731396.8,15022692.7,-2
comp,hwang,archetype,2023,2024_1,QB_vs_RB,QB,RB,19800,14065.56,1602006.4,1080897.4,38.8
comp,hwang,archetype,2023,2024_1,QB_vs_WR,QB,WR,28600,13601.29,1363596.7,894101.6,41.6
comp,hwang,archetype,2023,2024_1,QB_vs_TE,QB,TE,10200,4297.82,456454.5,262009.4,54.1
comp,hwang,archetype,2023,2024_1,RB_vs_WR,RB,WR,55400,26546.44,1810320.3,1962604.8,-8.1
comp,hwang,archetype,2023,2024_1,RB_vs_TE,RB,TE,16600,7514.2,488068.8,498557.7,-2.1
comp,hwang,archetype,2023,2024_1,WR_vs_TE,WR,TE,32400,13392.09,786006.3,795961,-1.3
comp,hwang,archetype,2023,2024_2,QB_vs_RB,QB,RB,19800,13638.12,1217778.5,1142023.8,6.4
comp,hwang,archetype,2023,2024_2,QB_vs_WR,QB,WR,28600,13187.96,992155,891388.9,10.7
comp,hwang,archetype,2023,2024_2,QB_vs_TE,QB,TE,10200,4167.22,328652.4,285725.1,14
comp,hwang,archetype,2023,2024_2,RB_vs_WR,RB,WR,55400,25739.71,1934506,1959578,-1.3
comp,hwang,archetype,2023,2024_2,RB_vs_TE,RB,TE,16600,7285.85,525027.5,540674.7,-2.9
comp,hwang,archetype,2023,2024_2,WR_vs_TE,WR,TE,32400,12985.12,785503.8,868354.2,-10
comp,hwang,archetype,2023,2024_3,QB_vs_RB,QB,RB,19800,13896.61,1272134.1,1181459.6,7.4
comp,hwang,archetype,2023,2024_3,QB_vs_WR,QB,WR,28600,13437.92,960127.8,1009158.5,-5
comp,hwang,archetype,2023,2024_3,QB_vs_TE,QB,TE,10200,4246.2,323569.8,283120.1,13.3
comp,hwang,archetype,2023,2024_3,RB_vs_WR,RB,WR,55400,26227.57,1994780.4,2203540.8,-9.9
comp,hwang,archetype,2023,2024_3,RB_vs_TE,RB,TE,16600,7423.94,536428,541866.9,-1
comp,hwang,archetype,2023,2024_3,WR_vs_TE,WR,TE,32400,13231.23,896996.8,868755.3,3.2
comp,hwang,archetype,2023,2024_4,QB_vs_RB,QB,RB,19800,13889.02,961441.8,1272768.8,-27.9
comp,hwang,archetype,2023,2024_4,QB_vs_WR,QB,WR,28600,13430.58,766935.9,938699.6,-20.1
comp,hwang,archetype,2023,2024_4,QB_vs_TE,QB,TE,10200,4243.88,268358.3,288407.8,-7.2
comp,hwang,archetype,2023,2024_4,RB_vs_WR,RB,WR,55400,26213.24,2139376.6,2049827.8,4.3
comp,hwang,archetype,2023,2024_4,RB_vs_TE,RB,TE,16600,7419.89,576604.9,550856.5,4.6
comp,hwang,archetype,2023,2024_4,WR_vs_TE,WR,TE,32400,13224,824270,880719.1,-6.6
comp,hwang,archetype,2023,2024_5,QB_vs_RB,QB,RB,19800,11861.11,1316064.5,1320802.2,-0.4
comp,hwang,archetype,2023,2024_5,QB_vs_WR,QB,WR,28600,11469.6,1110274.3,1028243.2,7.7
comp,hwang,archetype,2023,2024_5,QB_vs_TE,QB,TE,10200,3624.24,370301.1,306066.4,19
comp,hwang,archetype,2023,2024_5,RB_vs_WR,RB,WR,55400,22385.89,2245008.3,2220913.1,1.1
comp,hwang,archetype,2023,2024_5,RB_vs_TE,RB,TE,16600,6336.52,610369.9,574267.9,6.1
comp,hwang,archetype,2023,2024_5,WR_vs_TE,WR,TE,32400,11293.19,930541.5,934502,-0.4
comp,hwang,archetype,2023,2024_6,QB_vs_RB,QB,RB,19800,15598.46,1180226.5,1196785,-1.4
comp,hwang,archetype,2023,2024_6,QB_vs_WR,QB,WR,28600,15083.59,942614,965538,-2.4
comp,hwang,archetype,2023,2024_6,QB_vs_TE,QB,TE,10200,4766.21,323692.3,280468,14.3
comp,hwang,archetype,2023,2024_6,RB_vs_WR,RB,WR,55400,29439.53,2003339.7,2141669,-6.7
comp,hwang,archetype,2023,2024_6,RB_vs_TE,RB,TE,16600,8333.12,542041.8,542965.2,-0.2
comp,hwang,archetype,2023,2024_6,WR_vs_TE,WR,TE,32400,14851.6,852602.5,861193.5,-1
comp,hwang,archetype,2023,2025_1,QB_vs_RB,QB,RB,19800,15758.78,1211672.5,1131420.9,6.9
comp,hwang,archetype,2023,2025_1,QB_vs_WR,QB,WR,28600,15238.63,882134.9,943656.3,-6.7
comp,hwang,archetype,2023,2025_1,QB_vs_TE,QB,TE,10200,4815.2,296741.2,284523.3,4.2
comp,hwang,archetype,2023,2025_1,RB_vs_WR,RB,WR,55400,29742.11,1908018.6,2093044.6,-9.2
comp,hwang,archetype,2023,2025_1,RB_vs_TE,RB,TE,16600,8418.77,512146.6,550445.2,-7.2
comp,hwang,archetype,2023,2025_1,WR_vs_TE,WR,TE,32400,15004.24,830506.1,875790.3,-5.3
comp,hwang,archetype,2023,2025_2,QB_vs_RB,QB,RB,19800,16859.03,894055.5,1114289.5,-21.9
comp,hwang,archetype,2023,2025_2,QB_vs_WR,QB,WR,28600,16302.56,687098.1,872687.4,-23.8
comp,hwang,archetype,2023,2025_2,QB_vs_TE,QB,TE,10200,5151.39,232149.8,247816.4,-6.5
comp,hwang,archetype,2023,2025_2,RB_vs_WR,RB,WR,55400,31818.65,1871667.4,1960288.3,-4.6
comp,hwang,archetype,2023,2025_2,RB_vs_TE,RB,TE,16600,9006.55,506484.6,482405.1,4.9
comp,hwang,archetype,2023,2025_2,WR_vs_TE,WR,TE,32400,16051.81,757258.1,756936.2,0
comp,hwang,archetype,2023,2025_3,QB_vs_RB,QB,RB,19800,16073.36,1246861.3,1118931.6,10.8
comp,hwang,archetype,2023,2025_3,QB_vs_WR,QB,WR,28600,15542.82,998316.3,868989.9,13.9
comp,hwang,archetype,2023,2025_3,QB_vs_TE,QB,TE,10200,4911.32,342514.9,242252,34.3
comp,hwang,archetype,2023,2025_3,RB_vs_WR,RB,WR,55400,30335.82,1889865.6,1924108.6,-1.8
comp,hwang,archetype,2023,2025_3,RB_vs_TE,RB,TE,16600,8586.82,509038.3,480897.3,5.7
comp,hwang,archetype,2023,2025_3,WR_vs_TE,WR,TE,32400,15303.76,750897.2,743154.7,1
comp,hwang,archetype,2023,2025_4,QB_vs_RB,QB,RB,19800,16144.18,1396808.8,1111559,22.7
comp,hwang,archetype,2023,2025_4,QB_vs_WR,QB,WR,28600,15611.3,1116752.9,840854.9,28.2
comp,hwang,archetype,2023,2025_4,QB_vs_TE,QB,TE,10200,4932.96,372192.1,229332.6,47.5
comp,hwang,archetype,2023,2025_4,RB_vs_WR,RB,WR,55400,30469.49,1877522.8,1868929.2,0.5
comp,hwang,archetype,2023,2025_4,RB_vs_TE,RB,TE,16600,8624.66,505502,450790.7,11.4
comp,hwang,archetype,2023,2025_4,WR_vs_TE,WR,TE,32400,15371.19,718368.6,702129.5,2.3
comp,hwang,archetype,2023,2025_5,QB_vs_RB,QB,RB,19800,14112.28,1129431.7,1138887.3,-0.8
comp,hwang,archetype,2023,2025_5,QB_vs_WR,QB,WR,28600,13646.47,905699.1,923521.8,-1.9
comp,hwang,archetype,2023,2025_5,QB_vs_TE,QB,TE,10200,4312.1,300249.5,249079.1,18.6
comp,hwang,archetype,2023,2025_5,RB_vs_WR,RB,WR,55400,26634.61,1923975.7,2032397.1,-5.5
comp,hwang,archetype,2023,2025_5,RB_vs_TE,RB,TE,16600,7539.16,520033.2,481960.1,7.6
comp,hwang,archetype,2023,2025_5,WR_vs_TE,WR,TE,32400,13436.58,814788.4,760427.9,6.9
comp,hwang,archetype,2023,2025_6,QB_vs_RB,QB,RB,19800,14455.23,1357611.3,1110354.8,20
comp,hwang,archetype,2023,2025_6,QB_vs_WR,QB,WR,28600,13978.1,1120335.4,899355.1,21.9
comp,hwang,archetype,2023,2025_6,QB_vs_TE,QB,TE,10200,4416.89,367652,287643.6,24.4
comp,hwang,archetype,2023,2025_6,RB_vs_WR,RB,WR,55400,27281.87,1859693.5,1979348.9,-6.2
comp,hwang,archetype,2023,2025_6,RB_vs_TE,RB,TE,16600,7722.37,500416.3,541605.5,-7.9
comp,hwang,archetype,2023,2025_6,WR_vs_TE,WR,TE,32400,13763.1,790899.1,871779.1,-9.7
comp,hwang,archetype,2023,2026_1,QB_vs_RB,QB,RB,19800,16031.47,1384518.9,1135261.4,19.8
comp,hwang,archetype,2023,2026_1,QB_vs_WR,QB,WR,28600,15502.31,1106130.8,852558.4,25.9
comp,hwang,archetype,2023,2026_1,QB_vs_TE,QB,TE,10200,4898.52,368423,248625.5,38.8
comp,hwang,archetype,2023,2026_1,RB_vs_WR,RB,WR,55400,30256.77,1920806,1897653.2,1.2
comp,hwang,archetype,2023,2026_1,RB_vs_TE,RB,TE,16600,8564.44,515161.4,488803.7,5.3
comp,hwang,archetype,2023,2026_1,WR_vs_TE,WR,TE,32400,15263.87,734506.5,760819.7,-3.5
comp,hwang,archetype,2023,2026_2,QB_vs_RB,QB,RB,19800,16797.23,863621.4,1185547.5,-31.4
comp,hwang,archetype,2023,2026_2,QB_vs_WR,QB,WR,28600,16242.79,660981.1,816917.5,-21.1
comp,hwang,archetype,2023,2026_2,QB_vs_TE,QB,TE,10200,5132.5,221745.6,248828.8,-11.5
comp,hwang,archetype,2023,2026_2,RB_vs_WR,RB,WR,55400,31702,2003057.7,1846276,8.1
comp,hwang,archetype,2023,2026_2,RB_vs_TE,RB,TE,16600,8973.53,541485.1,487745.7,10.4
comp,hwang,archetype,2023,2026_2,WR_vs_TE,WR,TE,32400,15992.96,705014.5,764196.1,-8.1
comp,hwang,archetype,2023,2026_3,QB_vs_RB,QB,RB,19800,16296.61,848589.8,1192027.8,-33.7
comp,hwang,archetype,2023,2026_3,QB_vs_WR,QB,WR,28600,15758.7,651963.7,827079.6,-23.7
comp,hwang,archetype,2023,2026_3,QB_vs_TE,QB,TE,10200,4979.53,223458.9,242346.4,-8.1
comp,hwang,archetype,2023,2026_3,RB_vs_WR,RB,WR,55400,30757.17,2008813.8,1843642.3,8.6
comp,hwang,archetype,2023,2026_3,RB_vs_TE,RB,TE,16600,8706.09,541748.3,483772.7,11.3
comp,hwang,archetype,2023,2026_3,WR_vs_TE,WR,TE,32400,15516.31,713102.6,743682.5,-4.2
comp,hwang,archetype,2023,2026_4,QB_vs_RB,QB,RB,19800,16553.98,1181162.5,1067268.1,10.1
comp,hwang,archetype,2023,2026_4,QB_vs_WR,QB,WR,28600,16007.58,940733.4,773536.4,19.5
comp,hwang,archetype,2023,2026_4,QB_vs_TE,QB,TE,10200,5058.18,323230,222919.6,36.7
comp,hwang,archetype,2023,2026_4,RB_vs_WR,RB,WR,55400,31242.92,1798961.6,1721606,4.4
comp,hwang,archetype,2023,2026_4,RB_vs_TE,RB,TE,16600,8843.58,486008.8,442617.7,9.3
comp,hwang,archetype,2023,2026_4,WR_vs_TE,WR,TE,32400,15761.37,656948.6,683130,-3.9
comp,hwang,archetype,2023,2026_5,QB_vs_RB,QB,RB,19800,16642.27,1147001,1087607.4,5.3
comp,hwang,archetype,2023,2026_5,QB_vs_WR,QB,WR,28600,16092.95,838721.2,821883.7,2
comp,hwang,archetype,2023,2026_5,QB_vs_TE,QB,TE,10200,5085.15,282279.6,239763,16.3
comp,hwang,archetype,2023,2026_5,RB_vs_WR,RB,WR,55400,31409.55,1839614,1848534.9,-0.5
comp,hwang,archetype,2023,2026_5,RB_vs_TE,RB,TE,16600,8890.75,492994.9,470195.2,4.7
comp,hwang,archetype,2023,2026_5,WR_vs_TE,WR,TE,32400,15845.43,711060,735866.7,-3.4
comp,hwang,archetype,2023,2026_6,QB_vs_RB,QB,RB,19800,15078.85,1193264.1,1102627.7,7.9
comp,hwang,archetype,2023,2026_6,QB_vs_WR,QB,WR,28600,14581.14,956553.3,831356.4,14
comp,hwang,archetype,2023,2026_6,QB_vs_TE,QB,TE,10200,4607.44,319451.6,237775.8,29.3
comp,hwang,archetype,2023,2026_6,RB_vs_WR,RB,WR,55400,28458.85,1864242.9,1852254.8,0.6
comp,hwang,archetype,2023,2026_6,RB_vs_TE,RB,TE,16600,8055.53,504329.4,463741.8,8.4
comp,hwang,archetype,2023,2026_6,WR_vs_TE,WR,TE,32400,14356.87,722235.4,725026.9,-0.4
comp,hwang,archetype,2023,2026_7,QB_vs_RB,QB,RB,19800,15435.62,1343175.7,1017568.7,27.6
comp,hwang,archetype,2023,2026_7,QB_vs_WR,QB,WR,28600,14926.13,1108563.3,860858.2,25.2
comp,hwang,archetype,2023,2026_7,QB_vs_TE,QB,TE,10200,4716.46,366948.2,226155.4,47.5
comp,hwang,archetype,2023,2026_7,RB_vs_WR,RB,WR,55400,29132.2,1701376.8,1909664.6,-11.5
comp,hwang,archetype,2023,2026_7,RB_vs_TE,RB,TE,16600,8246.13,456820.6,438183.4,4.2
comp,hwang,archetype,2023,2026_7,WR_vs_TE,WR,TE,32400,14696.56,749890.8,690267.9,8.3
comp,hwang,year,2024,,QB_vs_RB,QB,RB,372400,299783.93,23033648.6,29239270,-23.7
comp,hwang,year,2024,,QB_vs_WR,QB,WR,562400,343443.75,19759683,21681718.8,-9.3
comp,hwang,year,2024,,QB_vs_TE,QB,TE,243200,137092.4,7391308.2,7715419.9,-4.3
comp,hwang,year,2024,,RB_vs_WR,RB,WR,1105800,633707.12,39967180.7,36711799.1,8.5
comp,hwang,year,2024,,RB_vs_TE,RB,TE,383800,189884.57,11245453.5,9697718.3,14.8
comp,hwang,year,2024,,WR_vs_TE,WR,TE,763800,317106,15824969.2,15081454.4,4.8
comp,hwang,archetype,2024,2024_1,QB_vs_RB,QB,RB,19600,14583.22,1404019.3,1524406.8,-8.2
comp,hwang,archetype,2024,2024_1,QB_vs_WR,QB,WR,29600,16707.08,1276632.6,1180986.5,7.8
comp,hwang,archetype,2024,2024_1,QB_vs_TE,QB,TE,12800,6668.96,481142.6,447068.9,7.3
comp,hwang,archetype,2024,2024_1,RB_vs_WR,RB,WR,58200,30827.16,2097825.5,2013772.3,4.1
comp,hwang,archetype,2024,2024_1,RB_vs_TE,RB,TE,20200,9237.08,593287,565048.7,4.9
comp,hwang,archetype,2024,2024_1,WR_vs_TE,WR,TE,40200,15425.86,872943,875900.3,-0.3
comp,hwang,archetype,2024,2024_2,QB_vs_RB,QB,RB,19600,15066.37,1249848.7,1488535.2,-17.4
comp,hwang,archetype,2024,2024_2,QB_vs_WR,QB,WR,29600,17260.6,1087317.2,1143989.7,-5.1
comp,hwang,archetype,2024,2024_2,QB_vs_TE,QB,TE,12800,6889.91,403790.9,450715.5,-11
comp,hwang,archetype,2024,2024_2,RB_vs_WR,RB,WR,58200,31848.48,2048480.5,1938556.7,5.5
comp,hwang,archetype,2024,2024_2,RB_vs_TE,RB,TE,20200,9543.11,578374.7,566593.2,2.1
comp,hwang,archetype,2024,2024_2,WR_vs_TE,WR,TE,40200,15936.93,830538,887145.3,-6.6
comp,hwang,archetype,2024,2024_3,QB_vs_RB,QB,RB,19600,14605.57,1239482.9,1573056.4,-23.7
comp,hwang,archetype,2024,2024_3,QB_vs_WR,QB,WR,29600,16732.69,1040253.9,1363178.8,-26.9
comp,hwang,archetype,2024,2024_3,QB_vs_TE,QB,TE,12800,6679.19,383385,429160.4,-11.3
comp,hwang,archetype,2024,2024_3,RB_vs_WR,RB,WR,58200,30874.42,2206429.1,2328446,-5.4
comp,hwang,archetype,2024,2024_3,RB_vs_TE,RB,TE,20200,9251.24,617400.9,546153.9,12.2
comp,hwang,archetype,2024,2024_3,WR_vs_TE,WR,TE,40200,15449.51,1018511,849282.3,18.1
comp,hwang,archetype,2024,2024_4,QB_vs_RB,QB,RB,19600,14199.1,1117729.2,1670484.4,-39.6
comp,hwang,archetype,2024,2024_4,QB_vs_WR,QB,WR,29600,16267.02,966370.5,1153402.3,-17.6
comp,hwang,archetype,2024,2024_4,QB_vs_TE,QB,TE,12800,6493.31,360567,457566.5,-23.7
comp,hwang,archetype,2024,2024_4,RB_vs_WR,RB,WR,58200,30015.19,2380529.6,1963857.2,19.2
comp,hwang,archetype,2024,2024_4,RB_vs_TE,RB,TE,20200,8993.78,669281.9,583081.7,13.8
comp,hwang,archetype,2024,2024_4,WR_vs_TE,WR,TE,40200,15019.55,853772.5,904451.2,-5.8
comp,hwang,archetype,2024,2024_5,QB_vs_RB,QB,RB,19600,11995.76,1233881.4,1720382.7,-32.9
comp,hwang,archetype,2024,2024_5,QB_vs_WR,QB,WR,29600,13742.79,1165712,1335051.4,-13.5
comp,hwang,archetype,2024,2024_5,QB_vs_TE,QB,TE,12800,5485.71,446926.6,501931.6,-11.6
comp,hwang,archetype,2024,2024_5,RB_vs_WR,RB,WR,58200,25357.58,2580737.4,2290420.6,11.9
comp,hwang,archetype,2024,2024_5,RB_vs_TE,RB,TE,20200,7598.17,736828.8,643490.1,13.5
comp,hwang,archetype,2024,2024_5,WR_vs_TE,WR,TE,40200,12688.89,1007591.3,1000583.7,0.7
comp,hwang,archetype,2024,2024_6,QB_vs_RB,QB,RB,19600,15382.87,1189435.9,1706857.5,-35.7
comp,hwang,archetype,2024,2024_6,QB_vs_WR,QB,WR,29600,17623.19,1009002.1,1247657.7,-21.2
comp,hwang,archetype,2024,2024_6,QB_vs_TE,QB,TE,12800,7034.65,385715.5,443850.5,-14
comp,hwang,archetype,2024,2024_6,RB_vs_WR,RB,WR,58200,32517.53,2406129.5,2121118.8,12.6
comp,hwang,archetype,2024,2024_6,RB_vs_TE,RB,TE,20200,9743.58,678731.1,560205,19.1
comp,hwang,archetype,2024,2024_6,WR_vs_TE,WR,TE,40200,16271.72,915944.4,872753.2,4.8
comp,hwang,archetype,2024,2025_1,QB_vs_RB,QB,RB,19600,17344.24,1330971,1473685.3,-10.2
comp,hwang,archetype,2024,2025_1,QB_vs_WR,QB,WR,29600,19870.21,1059588.4,1275109,-18.5
comp,hwang,archetype,2024,2025_1,QB_vs_TE,QB,TE,12800,7931.59,393884.8,410740,-4.2
comp,hwang,archetype,2024,2025_1,RB_vs_WR,RB,WR,58200,36663.63,1921597.6,2147498.8,-11.1
comp,hwang,archetype,2024,2025_1,RB_vs_TE,RB,TE,20200,10985.92,535364.3,520073.5,2.9
comp,hwang,archetype,2024,2025_1,WR_vs_TE,WR,TE,40200,18346.42,925703,810691.3,13.2
comp,hwang,archetype,2024,2025_2,QB_vs_RB,QB,RB,19600,17630.97,936176.8,1601571.1,-52.4
comp,hwang,archetype,2024,2025_2,QB_vs_WR,QB,WR,29600,20198.7,772330.9,1114179,-36.2
comp,hwang,archetype,2024,2025_2,QB_vs_TE,QB,TE,12800,8062.71,291585.4,396376.3,-30.5
comp,hwang,archetype,2024,2025_2,RB_vs_WR,RB,WR,58200,37269.74,2149880.9,1874968,13.7
comp,hwang,archetype,2024,2025_2,RB_vs_TE,RB,TE,20200,11167.54,603507,498738.7,19
comp,hwang,archetype,2024,2025_2,WR_vs_TE,WR,TE,40200,18649.72,803345.8,783224.4,2.5
comp,hwang,archetype,2024,2025_3,QB_vs_RB,QB,RB,19600,16084.88,1164795.4,1480607.9,-23.9
comp,hwang,archetype,2024,2025_3,QB_vs_WR,QB,WR,29600,18427.44,985957.3,1043970.8,-5.7
comp,hwang,archetype,2024,2025_3,QB_vs_TE,QB,TE,12800,7355.68,368800.4,364517.3,1.2
comp,hwang,archetype,2024,2025_3,RB_vs_WR,RB,WR,58200,34001.5,2000228.7,1759655.1,12.8
comp,hwang,archetype,2024,2025_3,RB_vs_TE,RB,TE,20200,10188.24,559264.6,450458.2,21.6
comp,hwang,archetype,2024,2025_3,WR_vs_TE,WR,TE,40200,17014.29,756090.7,695840.4,8.3
comp,hwang,archetype,2024,2025_4,QB_vs_RB,QB,RB,19600,15686.52,1482203.7,1465954,1.1
comp,hwang,archetype,2024,2025_4,QB_vs_WR,QB,WR,29600,17971.06,1296044.5,1117648.4,14.8
comp,hwang,archetype,2024,2025_4,QB_vs_TE,QB,TE,12800,7173.51,481095.8,374335,25
comp,hwang,archetype,2024,2025_4,RB_vs_WR,RB,WR,58200,33159.41,1987342,1893882.8,4.8
comp,hwang,archetype,2024,2025_4,RB_vs_TE,RB,TE,20200,9935.92,557185.8,468485.8,17.3
comp,hwang,archetype,2024,2025_4,WR_vs_TE,WR,TE,40200,16592.91,815315.5,726457.6,11.5
comp,hwang,archetype,2024,2025_5,QB_vs_RB,QB,RB,19600,16111.18,1141909,1447467.5,-23.6
comp,hwang,archetype,2024,2025_5,QB_vs_WR,QB,WR,29600,18457.57,974545,1246425.3,-24.5
comp,hwang,archetype,2024,2025_5,QB_vs_TE,QB,TE,12800,7367.71,364560.4,363224.7,0.4
comp,hwang,archetype,2024,2025_5,RB_vs_WR,RB,WR,58200,34057.09,1930102.6,2113001.3,-9
comp,hwang,archetype,2024,2025_5,RB_vs_TE,RB,TE,20200,10204.9,546981.4,452120,19
comp,hwang,archetype,2024,2025_5,WR_vs_TE,WR,TE,40200,17042.11,904314.5,704483.7,24.8
comp,hwang,archetype,2024,2025_6,QB_vs_RB,QB,RB,19600,14624.62,1431245.5,1533058.1,-6.9
comp,hwang,archetype,2024,2025_6,QB_vs_WR,QB,WR,29600,16754.51,1279373.7,1148392.4,10.8
comp,hwang,archetype,2024,2025_6,QB_vs_TE,QB,TE,12800,6687.9,471834.4,482491.6,-2.2
comp,hwang,archetype,2024,2025_6,RB_vs_WR,RB,WR,58200,30914.68,2118171.8,1953523.6,8.1
comp,hwang,archetype,2024,2025_6,RB_vs_TE,RB,TE,20200,9263.3,597638.6,612458.8,-2.4
comp,hwang,archetype,2024,2025_6,WR_vs_TE,WR,TE,40200,15469.66,846273.7,950212.9,-11.6
comp,hwang,archetype,2024,2026_1,QB_vs_RB,QB,RB,19600,16009.37,1466417,1488317.9,-1.5
comp,hwang,archetype,2024,2026_1,QB_vs_WR,QB,WR,29600,18340.94,1274932.8,1139646.3,11.2
comp,hwang,archetype,2024,2026_1,QB_vs_TE,QB,TE,12800,7321.15,472607,406588.1,15
comp,hwang,archetype,2024,2026_1,RB_vs_WR,RB,WR,58200,33841.89,2008985.3,1932193.5,3.9
comp,hwang,archetype,2024,2026_1,RB_vs_TE,RB,TE,20200,10140.41,565393.7,509348.5,10.4
comp,hwang,archetype,2024,2026_1,WR_vs_TE,WR,TE,40200,16934.42,833674.2,784410.2,6.1
comp,hwang,archetype,2024,2026_2,QB_vs_RB,QB,RB,19600,17163.81,885340.2,1745816.5,-65.4
comp,hwang,archetype,2024,2026_2,QB_vs_WR,QB,WR,29600,19663.5,728770.7,1021819.2,-33.5
comp,hwang,archetype,2024,2026_2,QB_vs_TE,QB,TE,12800,7849.08,277543.8,387380.5,-33
comp,hwang,archetype,2024,2026_2,RB_vs_WR,RB,WR,58200,36282.22,2413139.6,1715275.4,33.8
comp,hwang,archetype,2024,2026_2,RB_vs_TE,RB,TE,20200,10871.64,682156.4,487569.3,33.3
comp,hwang,archetype,2024,2026_2,WR_vs_TE,WR,TE,40200,18155.56,734840,765147.1,-4
comp,hwang,archetype,2024,2026_3,QB_vs_RB,QB,RB,19600,15053.85,856514.5,1588573.5,-59.9
comp,hwang,archetype,2024,2026_3,QB_vs_WR,QB,WR,29600,17246.26,720119.9,967622.7,-29.3
comp,hwang,archetype,2024,2026_3,QB_vs_TE,QB,TE,12800,6884.19,276977,360551.5,-26.2
comp,hwang,archetype,2024,2026_3,RB_vs_WR,RB,WR,58200,31822.03,2233820.6,1629864.5,31.3
comp,hwang,archetype,2024,2026_3,RB_vs_TE,RB,TE,20200,9535.18,626217.2,444084.5,34
comp,hwang,archetype,2024,2026_3,WR_vs_TE,WR,TE,40200,15923.69,696990.6,687762.6,1.3
comp,hwang,archetype,2024,2026_4,QB_vs_RB,QB,RB,19600,17201.34,1225891.2,1423090.1,-14.9
comp,hwang,archetype,2024,2026_4,QB_vs_WR,QB,WR,29600,19706.5,1033148.8,930144.9,10.5
comp,hwang,archetype,2024,2026_4,QB_vs_TE,QB,TE,12800,7866.24,385177.8,337955.8,13.1
comp,hwang,archetype,2024,2026_4,RB_vs_WR,RB,WR,58200,36361.56,1856255.2,1558244,17.5
comp,hwang,archetype,2024,2026_4,RB_vs_TE,RB,TE,20200,10895.41,517281.8,417169.5,21.4
comp,hwang,archetype,2024,2026_4,WR_vs_TE,WR,TE,40200,18195.27,666168.9,646801.6,3
comp,hwang,archetype,2024,2026_5,QB_vs_RB,QB,RB,19600,18141.82,1195640.6,1403645.3,-16
comp,hwang,archetype,2024,2026_5,QB_vs_WR,QB,WR,29600,20783.96,945543,1041871.1,-9.7
comp,hwang,archetype,2024,2026_5,QB_vs_TE,QB,TE,12800,8296.33,353436.5,348950.1,1.3
comp,hwang,archetype,2024,2026_5,RB_vs_WR,RB,WR,58200,38349.63,1771867.4,1737214.8,2
comp,hwang,archetype,2024,2026_5,RB_vs_TE,RB,TE,20200,11491.12,491904.9,434372.4,12.4
comp,hwang,archetype,2024,2026_5,WR_vs_TE,WR,TE,40200,19190.09,743865.5,678020.9,9.3
comp,hwang,archetype,2024,2026_6,QB_vs_RB,QB,RB,19600,16818.17,1131110.8,1438008.1,-23.9
comp,hwang,archetype,2024,2026_6,QB_vs_WR,QB,WR,29600,19267.53,957967.7,1105920.5,-14.3
comp,hwang,archetype,2024,2026_6,QB_vs_TE,QB,TE,12800,7691.02,357938.3,371791.7,-3.8
comp,hwang,archetype,2024,2026_6,RB_vs_WR,RB,WR,58200,35551.59,1892611,1868222.9,1.3
comp,hwang,archetype,2024,2026_6,RB_vs_TE,RB,TE,20200,10652.71,535560.6,463435.9,14.4
comp,hwang,archetype,2024,2026_6,WR_vs_TE,WR,TE,40200,17789.96,791895.7,721057.4,9.4
comp,hwang,archetype,2024,2026_7,QB_vs_RB,QB,RB,19600,16080.29,1351035.5,1465751.6,-8.1
comp,hwang,archetype,2024,2026_7,QB_vs_WR,QB,WR,29600,18422.18,1186072,1104702.8,7.1
comp,hwang,archetype,2024,2026_7,QB_vs_TE,QB,TE,12800,7353.58,434339.1,380223.9,13.3
comp,hwang,archetype,2024,2026_7,RB_vs_WR,RB,WR,58200,33991.79,1963046.4,1872082.6,4.7
comp,hwang,archetype,2024,2026_7,RB_vs_TE,RB,TE,20200,10185.33,553092.8,474830.5,15.2
comp,hwang,archetype,2024,2026_7,WR_vs_TE,WR,TE,40200,17009.44,807191,737228.2,9.1
comp,hwang,year,2025,,QB_vs_RB,QB,RB,231800,172330.79,14773742.9,15648708.4,-5.8
comp,hwang,year,2025,,QB_vs_WR,QB,WR,448400,281993.24,23430190.3,18839018.3,21.7
comp,hwang,year,2025,,QB_vs_TE,QB,TE,209000,103712.66,7751924,7123775.9,8.4
comp,hwang,year,2025,,RB_vs_WR,RB,WR,604200,316275.13,25967691.9,19807221.5,26.9
comp,hwang,year,2025,,RB_vs_TE,RB,TE,304000,139602.28,10471509.7,7916701.3,27.8
comp,hwang,year,2025,,WR_vs_TE,WR,TE,839800,293430.97,14144391.5,16152852.5,-13.3
comp,hwang,archetype,2025,2024_1,QB_vs_RB,QB,RB,12200,8807.5,878019.3,796844.1,9.7
comp,hwang,archetype,2025,2024_1,QB_vs_WR,QB,WR,23600,14412.13,1401766.8,1035960.9,30
comp,hwang,archetype,2025,2024_1,QB_vs_TE,QB,TE,11000,5300.56,467904.7,388370.8,18.6
comp,hwang,archetype,2025,2024_1,RB_vs_WR,RB,WR,31800,16164.22,1299692.1,1096213.2,17
comp,hwang,archetype,2025,2024_1,RB_vs_TE,RB,TE,16000,7134.81,526097.5,436598.6,18.6
comp,hwang,archetype,2025,2024_1,WR_vs_TE,WR,TE,44200,14996.7,792346.3,886246,-11.2
comp,hwang,archetype,2025,2024_2,QB_vs_RB,QB,RB,12200,8227.8,599314.8,800808,-28.8
comp,hwang,archetype,2025,2024_2,QB_vs_WR,QB,WR,23600,13463.56,970428.2,932640.7,4
comp,hwang,archetype,2025,2024_2,QB_vs_TE,QB,TE,11000,4951.68,326321,399575.6,-20.2
comp,hwang,archetype,2025,2024_2,RB_vs_WR,RB,WR,31800,15100.32,1343021.7,988797.3,30.4
comp,hwang,archetype,2025,2024_2,RB_vs_TE,RB,TE,16000,6665.21,534822.2,455819.9,15.9
comp,hwang,archetype,2025,2024_2,WR_vs_TE,WR,TE,44200,14009.64,705025.3,922007.8,-26.7
comp,hwang,archetype,2025,2024_3,QB_vs_RB,QB,RB,12200,8809,775327.4,872194.4,-11.8
comp,hwang,archetype,2025,2024_3,QB_vs_WR,QB,WR,23600,14414.59,1199893.2,1170864.3,2.4
comp,hwang,archetype,2025,2024_3,QB_vs_TE,QB,TE,11000,5301.46,408587.1,417539.9,-2.2
comp,hwang,archetype,2025,2024_3,RB_vs_WR,RB,WR,31800,16166.97,1461768.7,1237752.9,16.6
comp,hwang,archetype,2025,2024_3,RB_vs_TE,RB,TE,16000,7136.02,589393.1,475258.1,21.4
comp,hwang,archetype,2025,2024_3,WR_vs_TE,WR,TE,44200,14999.25,907270.6,964827.9,-6.1
comp,hwang,archetype,2025,2024_4,QB_vs_RB,QB,RB,12200,8542.28,785393.6,983019.6,-22.4
comp,hwang,archetype,2025,2024_4,QB_vs_WR,QB,WR,23600,13978.15,1237957.2,1122701.9,9.8
comp,hwang,archetype,2025,2024_4,QB_vs_TE,QB,TE,11000,5140.94,397767.5,438055.1,-9.6
comp,hwang,archetype,2025,2024_4,RB_vs_WR,RB,WR,31800,15677.47,1650296.1,1188255.8,32.6
comp,hwang,archetype,2025,2024_4,RB_vs_TE,RB,TE,16000,6919.96,667058.6,503767.7,27.9
comp,hwang,archetype,2025,2024_4,WR_vs_TE,WR,TE,44200,14545.11,872643.5,1034584.9,-17
comp,hwang,archetype,2025,2024_5,QB_vs_RB,QB,RB,12200,6320.67,731929.6,851502.2,-15.1
comp,hwang,archetype,2025,2024_5,QB_vs_WR,QB,WR,23600,10342.82,1179619.2,1036354.9,12.9
comp,hwang,archetype,2025,2024_5,QB_vs_TE,QB,TE,11000,3803.93,393082.1,391909.2,0.3
comp,hwang,archetype,2025,2024_5,RB_vs_WR,RB,WR,31800,11600.19,1447285.6,1098748.7,27.4
comp,hwang,archetype,2025,2024_5,RB_vs_TE,RB,TE,16000,5120.27,584313.9,459227.8,24
comp,hwang,archetype,2025,2024_5,WR_vs_TE,WR,TE,44200,10762.33,837065.4,948672.7,-12.5
comp,hwang,archetype,2025,2024_6,QB_vs_RB,QB,RB,12200,9089.67,848878.3,900951.5,-6
comp,hwang,archetype,2025,2024_6,QB_vs_WR,QB,WR,23600,14873.87,1325516.3,1077262.5,20.7
comp,hwang,archetype,2025,2024_6,QB_vs_TE,QB,TE,11000,5470.37,444069.8,406550,8.8
comp,hwang,archetype,2025,2024_6,RB_vs_WR,RB,WR,31800,16682.08,1507153.5,1134590.9,28.2
comp,hwang,archetype,2025,2024_6,RB_vs_TE,RB,TE,16000,7363.39,604999.5,455011.8,28.3
comp,hwang,archetype,2025,2024_6,WR_vs_TE,WR,TE,44200,15477.15,815593.3,939222.7,-14.1
comp,hwang,archetype,2025,2025_1,QB_vs_RB,QB,RB,12200,9557.23,915620.1,783300.5,15.6
comp,hwang,archetype,2025,2025_1,QB_vs_WR,QB,WR,23600,15638.96,1429630,1092822.1,26.7
comp,hwang,archetype,2025,2025_1,QB_vs_TE,QB,TE,11000,5751.76,477826.3,387613.9,20.8
comp,hwang,archetype,2025,2025_1,RB_vs_WR,RB,WR,31800,17540.19,1288247.7,1140295.9,12.2
comp,hwang,archetype,2025,2025_1,RB_vs_TE,RB,TE,16000,7742.15,520282.6,430764.9,18.8
comp,hwang,archetype,2025,2025_1,WR_vs_TE,WR,TE,44200,16273.28,814068.7,878046.6,-7.6
comp,hwang,archetype,2025,2025_2,QB_vs_RB,QB,RB,12200,10211.39,636491.1,825275.7,-25.8
comp,hwang,archetype,2025,2025_2,QB_vs_WR,QB,WR,23600,16709.39,989938.4,957285.8,3.4
comp,hwang,archetype,2025,2025_2,QB_vs_TE,QB,TE,11000,6145.45,317325.6,357164.7,-11.8
comp,hwang,archetype,2025,2025_2,RB_vs_WR,RB,WR,31800,18740.75,1363201.8,996410.9,31.1
comp,hwang,archetype,2025,2025_2,RB_vs_TE,RB,TE,16000,8272.08,546628.7,391083.5,33.2
comp,hwang,archetype,2025,2025_2,WR_vs_TE,WR,TE,44200,17387.13,696306.1,798234.7,-13.6
comp,hwang,archetype,2025,2025_3,QB_vs_RB,QB,RB,12200,9200.66,911402.3,789610.2,14.3
comp,hwang,archetype,2025,2025_3,QB_vs_WR,QB,WR,23600,15055.48,1458798.6,989552,38.3
comp,hwang,archetype,2025,2025_3,QB_vs_TE,QB,TE,11000,5537.17,470240,361665,26.1
comp,hwang,archetype,2025,2025_3,RB_vs_WR,RB,WR,31800,16885.78,1325696.7,1037235.3,24.4
comp,hwang,archetype,2025,2025_3,RB_vs_TE,RB,TE,16000,7453.3,535027.1,392226.9,30.8
comp,hwang,archetype,2025,2025_3,WR_vs_TE,WR,TE,44200,15666.14,737358.2,799918.6,-8.1
comp,hwang,archetype,2025,2025_4,QB_vs_RB,QB,RB,12200,9067.22,1135856.2,802627.6,34.4
comp,hwang,archetype,2025,2025_4,QB_vs_WR,QB,WR,23600,14837.14,1818159.9,949399.5,62.8
comp,hwang,archetype,2025,2025_4,QB_vs_TE,QB,TE,11000,5456.87,613518,353721.9,53.7
comp,hwang,archetype,2025,2025_4,RB_vs_WR,RB,WR,31800,16640.89,1332054.7,998631.7,28.6
comp,hwang,archetype,2025,2025_4,RB_vs_TE,RB,TE,16000,7345.21,534709.7,385331.4,32.5
comp,hwang,archetype,2025,2025_4,WR_vs_TE,WR,TE,44200,15438.94,704120.2,797140.2,-12.4
comp,hwang,archetype,2025,2025_5,QB_vs_RB,QB,RB,12200,8867.78,572775.5,823112.7,-35.9
comp,hwang,archetype,2025,2025_5,QB_vs_WR,QB,WR,23600,14510.78,923091.3,977829,-5.8
comp,hwang,archetype,2025,2025_5,QB_vs_TE,QB,TE,11000,5336.84,307217.7,363182,-16.7
comp,hwang,archetype,2025,2025_5,RB_vs_WR,RB,WR,31800,16274.86,1364070.9,1037151.2,27.2
comp,hwang,archetype,2025,2025_5,RB_vs_TE,RB,TE,16000,7183.64,544823.8,401239.8,30.4
comp,hwang,archetype,2025,2025_5,WR_vs_TE,WR,TE,44200,15099.34,733272.1,809102.6,-9.8
comp,hwang,archetype,2025,2025_6,QB_vs_RB,QB,RB,12200,8671.9,679230.1,854663,-22.9
comp,hwang,archetype,2025,2025_6,QB_vs_WR,QB,WR,23600,14190.25,1101349,1047158.7,5
comp,hwang,archetype,2025,2025_6,QB_vs_TE,QB,TE,11000,5218.95,361503.4,430914.5,-17.5
comp,hwang,archetype,2025,2025_6,RB_vs_WR,RB,WR,31800,15915.35,1409560,1107176.9,24
comp,hwang,archetype,2025,2025_6,RB_vs_TE,RB,TE,16000,7024.96,573142.3,491080.1,15.4
comp,hwang,archetype,2025,2025_6,WR_vs_TE,WR,TE,44200,14765.81,805486.1,1000909.5,-21.6
comp,hwang,archetype,2025,2026_1,QB_vs_RB,QB,RB,12200,9073.11,1125184.9,741013.4,41.2
comp,hwang,archetype,2025,2026_1,QB_vs_WR,QB,WR,23600,14846.77,1804523.8,967642.7,60.4
comp,hwang,archetype,2025,2026_1,QB_vs_TE,QB,TE,11000,5460.41,607886.2,333742.1,58.2
comp,hwang,archetype,2025,2026_1,RB_vs_WR,RB,WR,31800,16651.69,1215298.3,1022877.7,17.2
comp,hwang,archetype,2025,2026_1,RB_vs_TE,RB,TE,16000,7349.97,486667.4,364445.2,28.7
comp,hwang,archetype,2025,2026_1,WR_vs_TE,WR,TE,44200,15448.96,721550.2,746821.2,-3.4
comp,hwang,archetype,2025,2026_2,QB_vs_RB,QB,RB,12200,10235.43,645556.1,907012.3,-33.7
comp,hwang,archetype,2025,2026_2,QB_vs_WR,QB,WR,23600,16748.73,1000346,915572.2,8.8
comp,hwang,archetype,2025,2026_2,QB_vs_TE,QB,TE,11000,6159.92,321890.7,361937.3,-11.7
comp,hwang,archetype,2025,2026_2,RB_vs_WR,RB,WR,31800,18784.88,1503088,948018.6,45.3
comp,hwang,archetype,2025,2026_2,RB_vs_TE,RB,TE,16000,8291.55,604363.9,395991.9,41.7
comp,hwang,archetype,2025,2026_2,WR_vs_TE,WR,TE,44200,17428.07,659594,809303.1,-20.4
comp,hwang,archetype,2025,2026_3,QB_vs_RB,QB,RB,12200,8785.28,463789.6,886237.9,-62.6
comp,hwang,archetype,2025,2026_3,QB_vs_WR,QB,WR,23600,14375.78,716947.2,897169.5,-22.3
comp,hwang,archetype,2025,2026_3,QB_vs_TE,QB,TE,11000,5287.19,236801.9,355653.9,-40.1
comp,hwang,archetype,2025,2026_3,RB_vs_WR,RB,WR,31800,16123.45,1489450.9,942152.8,45
comp,hwang,archetype,2025,2026_3,RB_vs_TE,RB,TE,16000,7116.81,605028.9,393033.5,42.5
comp,hwang,archetype,2025,2026_3,WR_vs_TE,WR,TE,44200,14958.87,665498.2,789640.5,-17.1
comp,hwang,archetype,2025,2026_4,QB_vs_RB,QB,RB,12200,9798.44,947365.8,742740,24.2
comp,hwang,archetype,2025,2026_4,QB_vs_WR,QB,WR,23600,16033.66,1508525,889024,51.7
comp,hwang,archetype,2025,2026_4,QB_vs_TE,QB,TE,11000,5896.93,488121,342182,35.2
comp,hwang,archetype,2025,2026_4,RB_vs_WR,RB,WR,31800,17982.87,1238850.7,926473.9,28.9
comp,hwang,archetype,2025,2026_4,RB_vs_TE,RB,TE,16000,7937.55,502777.1,362071,32.5
comp,hwang,archetype,2025,2026_4,WR_vs_TE,WR,TE,44200,16683.99,648008.7,744754.4,-13.9
comp,hwang,archetype,2025,2026_5,QB_vs_RB,QB,RB,12200,10187.8,847807.8,725525.8,15.5
comp,hwang,archetype,2025,2026_5,QB_vs_WR,QB,WR,23600,16670.79,1316209.9,921075.9,35.3
comp,hwang,archetype,2025,2026_5,QB_vs_TE,QB,TE,11000,6131.25,435756.4,337355.1,25.5
comp,hwang,archetype,2025,2026_5,RB_vs_WR,RB,WR,31800,18697.46,1177185.5,947706.4,21.6
comp,hwang,archetype,2025,2026_5,RB_vs_TE,RB,TE,16000,8252.96,477546,365321.7,26.6
comp,hwang,archetype,2025,2026_5,WR_vs_TE,WR,TE,44200,17346.96,655783.9,742995.6,-12.5
comp,hwang,archetype,2025,2026_6,QB_vs_RB,QB,RB,12200,9402.6,590410.7,781784.3,-27.9
comp,hwang,archetype,2025,2026_6,QB_vs_WR,QB,WR,23600,15385.93,950297.5,891581.4,6.4
comp,hwang,archetype,2025,2026_6,QB_vs_TE,QB,TE,11000,5658.7,314721,349208.4,-10.4
comp,hwang,archetype,2025,2026_6,RB_vs_WR,RB,WR,31800,17256.4,1285100.5,944517.2,30.6
comp,hwang,archetype,2025,2026_6,RB_vs_TE,RB,TE,16000,7616.89,515301.7,382161.1,29.7
comp,hwang,archetype,2025,2026_6,WR_vs_TE,WR,TE,44200,16009.99,653445.8,768755.8,-16.2
comp,hwang,archetype,2025,2026_7,QB_vs_RB,QB,RB,12200,9475.03,683389.8,780485,-13.3
comp,hwang,archetype,2025,2026_7,QB_vs_WR,QB,WR,23600,15504.45,1097192.7,967120.3,12.6
comp,hwang,archetype,2025,2026_7,QB_vs_TE,QB,TE,11000,5702.29,361383.5,347434.4,3.9
comp,hwang,archetype,2025,2026_7,RB_vs_WR,RB,WR,31800,17389.33,1266668.4,1014214.4,22.1
comp,hwang,archetype,2025,2026_7,RB_vs_TE,RB,TE,16000,7675.56,518525.5,376266.2,31.8
comp,hwang,archetype,2025,2026_7,WR_vs_TE,WR,TE,44200,16133.32,719955.1,771667.6,-6.9
